rank,node,influence_score,total_strength,out_strength,in_strength,degree,pagerank,betweenness,layer_count,participation
1,146,0.8500000000000001,49.0,49.0,49.0,49,0.005911007858455807,73750.91437834453,1,0.0
2,369,0.6407056699692226,40.0,40.0,40.0,40,0.004690540589109678,39312.848427674726,1,0.0
3,242,0.6310712689494435,37.0,37.0,37.0,36,0.004396296337021183,22271.240575181502,2,0.2045288531775018
4,880,0.6245814115703758,36.0,36.0,36.0,36,0.004517978376553451,46594.096080054536,1,0.0
5,1239,0.5737846530568842,33.0,33.0,33.0,33,0.004056433595938336,42962.73929338518,1,0.0
6,912,0.5551765150457069,32.0,32.0,32.0,32,0.0037728310787992587,43157.95649225054,1,0.0
7,57,0.5376821843880432,33.0,33.0,33.0,33,0.004075816743202863,29347.487499635445,1,0.0
8,1214,0.5145226697016366,33.0,33.0,33.0,33,0.004058128785717721,21083.173650102075,1,0.0
9,150,0.48893286319392126,23.0,23.0,23.0,22,0.002805985819004863,32942.948904549965,2,0.16635160680529282
10,22,0.4677966055839153,28.0,28.0,28.0,28,0.0034084002152732196,27155.758843147167,1,0.0
11,587,0.4625934290521424,25.0,25.0,25.0,22,0.0028681539372946885,12270.816737768817,2,0.2944
12,609,0.4431235191526532,18.0,18.0,18.0,18,0.002206615721369037,9648.027864020809,2,0.9506172839506171
13,90,0.44056458800488874,20.0,20.0,20.0,16,0.0023021261050500635,13401.053141372304,2,0.6399999999999997
14,458,0.42412082057642864,17.0,17.0,17.0,17,0.002030041475280383,16542.851436160767,2,0.7197231833910036
15,619,0.42084368614037315,21.0,21.0,21.0,21,0.0025817464432290774,10024.318149659874,2,0.34467120181405875
16,85,0.4174603532000505,25.0,25.0,25.0,25,0.0029991172081648325,22879.13618733668,1,0.0
17,905,0.417446706859042,23.0,23.0,23.0,23,0.002703253822072306,32756.34011230413,1,0.0
18,1344,0.4085028399536028,16.0,16.0,16.0,16,0.0018904830870795771,5835.020120283067,2,0.984375
19,189,0.40804739280963737,15.0,15.0,15.0,15,0.0022421470582328486,22071.070661907735,2,0.4622222222222221
20,791,0.40562935176206183,19.0,19.0,19.0,18,0.0024160754614660834,17620.952020801567,2,0.1994459833795017
21,1195,0.39811047806705024,23.0,23.0,23.0,23,0.0029520750993352273,21745.376943226172,1,0.0
22,190,0.3976421436523389,23.0,23.0,23.0,23,0.0029243603809721067,22004.917880557623,1,0.0
23,889,0.395468650934721,14.0,14.0,14.0,11,0.0016806938806003767,9744.799612451514,2,0.9795918367346941
24,87,0.3930132225000989,18.0,18.0,18.0,13,0.0020377486957010595,8371.374983635402,2,0.5555555555555554
25,419,0.3915912342851505,19.0,19.0,19.0,19,0.002506371876394442,11036.060511263562,2,0.1994459833795017
26,748,0.3888420130189443,12.0,12.0,12.0,12,0.0016229252635317634,12717.523557371605,2,1.0
27,1289,0.38155976615915144,15.0,15.0,15.0,14,0.0018809197373290093,11381.736190948377,2,0.6399999999999997
28,101,0.38031024458601453,21.0,21.0,21.0,21,0.002519399031755659,27197.43918598582,1,0.0
29,1238,0.37900530372012226,24.0,24.0,24.0,21,0.0029521962317006394,12064.406136272732,1,0.0
30,328,0.37792274327419584,12.0,12.0,12.0,12,0.0016666743339726349,12105.951258320943,2,0.8888888888888888
31,672,0.37385466846208715,13.0,13.0,13.0,13,0.0017256325012413335,13646.779222543855,2,0.710059171597633
32,995,0.36880025059580757,15.0,15.0,15.0,15,0.0017918655657411687,8065.503855261293,2,0.6399999999999997
33,353,0.3680315971370335,12.0,12.0,12.0,12,0.0015318547155169027,6463.932520657928,2,1.0
34,1269,0.366947902763919,14.0,14.0,14.0,14,0.0017284349302546052,4503.552168130848,2,0.8163265306122449
35,790,0.3630930413741966,14.0,14.0,14.0,14,0.001696675151506052,8845.305404202058,2,0.6734693877551021
36,410,0.35630388926915396,14.0,14.0,14.0,13,0.001921733888835292,9604.78012627881,2,0.48979591836734704
37,377,0.3525757544874366,14.0,14.0,14.0,14,0.0016725545907210148,5343.194349967107,2,0.6734693877551021
38,753,0.35097181984433373,16.0,16.0,16.0,16,0.0019129972271297651,4435.32640173915,2,0.4375
39,534,0.3505126166574881,11.0,11.0,11.0,11,0.0014237935754408044,4627.777305122732,2,0.9917355371900829
40,83,0.34756736908412567,11.0,11.0,11.0,10,0.0016639284782089168,7110.67719317173,2,0.7933884297520661
41,92,0.3472372662881805,12.0,12.0,12.0,7,0.001345763160385816,5795.502634505872,2,0.8888888888888888
42,904,0.34689876887936266,20.0,20.0,20.0,20,0.0023359563209754478,20371.756026658077,1,0.0
43,723,0.34623245697757876,9.0,9.0,9.0,9,0.0014174657942424688,12208.577166583385,2,0.8888888888888888
44,88,0.3461565362090926,19.0,19.0,19.0,19,0.002351151760715109,22495.026034770628,1,0.0
45,1004,0.3457648375026203,14.0,14.0,14.0,14,0.0017224386961402591,8826.683458934764,2,0.48979591836734704
46,544,0.3432519223522028,12.0,12.0,12.0,8,0.0014564959692977657,2598.889376442567,2,0.8888888888888888
47,1297,0.34185190010741184,10.0,10.0,10.0,9,0.001362825111238508,4714.17385395467,2,1.0
48,411,0.3417731391758899,9.0,9.0,9.0,9,0.0013363909506490903,8186.613878676338,2,0.9876543209876543
49,149,0.3409848137508434,12.0,12.0,12.0,11,0.0015211719562027803,5875.7811236343705,2,0.75
50,1294,0.33650906678181824,15.0,15.0,15.0,15,0.0019007393944420066,8882.376597810746,2,0.24888888888888872
51,140,0.3364791885060273,8.0,8.0,8.0,8,0.0013036155225816086,11229.038815726977,2,0.9375
52,653,0.33362719791739404,14.0,14.0,14.0,12,0.002281902555270484,3903.5854613132924,2,0.26530612244897966
53,1241,0.3295541855273276,19.0,19.0,19.0,19,0.002465677757471533,14586.674935794685,1,0.0
54,568,0.32910711684317,20.0,20.0,20.0,19,0.0023557005782680342,13503.069674790215,1,0.0
55,283,0.3246719422509158,11.0,11.0,11.0,10,0.0015915455542594176,7110.9151353381685,2,0.5950413223140494
56,1232,0.32432927704605696,13.0,13.0,13.0,12,0.0018559544454250427,9061.805178295166,2,0.28402366863905293
57,1061,0.3231149838766525,10.0,10.0,10.0,10,0.0013766506048732417,3489.299762123228,2,0.8400000000000001
58,263,0.3220981655593398,11.0,11.0,11.0,9,0.001383873292664716,9400.699634703418,2,0.5950413223140494
59,746,0.3219050949518015,9.0,9.0,9.0,8,0.0012272170001458055,2562.869093018249,2,0.9876543209876543
60,702,0.3201352617918415,7.0,7.0,7.0,6,0.0012040706076589225,13856.941426055546,2,0.8163265306122449
61,120,0.31967655070135415,11.0,11.0,11.0,11,0.0012335897994487405,3537.413525545896,2,0.7933884297520661
62,532,0.3181898564292565,19.0,19.0,19.0,19,0.00234290738154543,12310.765130068952,1,0.0
63,676,0.3175191946336695,13.0,13.0,13.0,13,0.0018436207840797233,6742.9131137888835,2,0.28402366863905293
64,891,0.3174724240398705,9.0,9.0,9.0,7,0.00109002928592598,3067.8941188904955,2,0.9876543209876543
65,32,0.31712160913082293,14.0,14.0,14.0,13,0.00173315614383223,6375.375564330348,2,0.26530612244897966
66,1193,0.31568503288403266,10.0,10.0,10.0,10,0.001512235464303376,16335.09640147625,2,0.3599999999999999
67,27,0.3144630187289743,14.0,14.0,14.0,13,0.0017653273666928988,4893.262735257707,2,0.26530612244897966
68,355,0.3128862843967607,8.0,8.0,8.0,8,0.001216415414235967,3889.028777290955,2,0.9375
69,244,0.3109069329655037,9.0,9.0,9.0,8,0.001269046338088217,8780.93361892633,2,0.691358024691358
70,893,0.31033307356157724,7.0,7.0,7.0,7,0.0011609213618017698,4894.816653699839,2,0.9795918367346941
71,1091,0.30951656085358775,11.0,11.0,11.0,8,0.0014972016671774518,2993.695227664988,2,0.5950413223140494
72,395,0.3092662859052862,12.0,12.0,12.0,11,0.0016150941800572249,9103.70107959145,2,0.3055555555555558
73,793,0.3080197413583792,11.0,11.0,11.0,10,0.0014360835132882373,3394.9407594319277,2,0.5950413223140494
74,296,0.3075435999947166,8.0,8.0,8.0,7,0.001123023638082247,1070.7204619443955,2,1.0
75,1349,0.30703973834111575,17.0,17.0,17.0,17,0.0020996137569050943,17261.461164307497,1,0.0
76,240,0.3069756293055784,11.0,11.0,11.0,10,0.001391055320319942,3712.1836634439255,2,0.5950413223140494
77,307,0.30694908178441577,17.0,17.0,17.0,17,0.0019737667681711444,19190.752797344034,1,0.0
78,820,0.3052008144857768,8.0,8.0,8.0,8,0.0011636704988284403,8791.73957049201,2,0.75
79,740,0.30415267397395074,8.0,8.0,8.0,8,0.001067049376499344,2997.9969915117445,2,0.9375
80,89,0.3031517061511834,12.0,12.0,12.0,12,0.0015383483893378937,8045.856520198282,2,0.3055555555555558
81,770,0.30296058351685057,7.0,7.0,7.0,7,0.001188772461506297,1741.8088331272363,2,0.9795918367346941
82,248,0.3020645405805714,8.0,8.0,8.0,8,0.0010504624277245327,2486.679892879718,2,0.9375
83,1229,0.30159373799959494,7.0,7.0,7.0,7,0.0011271406730654957,2198.9935570021944,2,0.9795918367346941
84,315,0.3012143334241795,18.0,18.0,18.0,18,0.002218709643190574,10621.924425892335,1,0.0
85,665,0.30051958235494086,15.0,15.0,15.0,15,0.0028316994544973066,8707.36784771967,1,0.0
86,512,0.2983293686353293,10.0,10.0,10.0,9,0.001661596868615162,7605.661138132167,2,0.3599999999999999
87,51,0.2982086646094691,16.0,16.0,16.0,15,0.002173781454455443,15482.197085951724,1,0.0
88,867,0.2981061012695474,11.0,11.0,11.0,9,0.0015263936218836954,8082.94260090831,2,0.33057851239669445
89,1290,0.2979051912014042,18.0,18.0,18.0,18,0.0021635138950767195,10262.501260152429,1,0.0
90,1067,0.2975687641561781,7.0,7.0,7.0,6,0.0010313978206345246,2207.980719015198,2,0.9795918367346941
91,759,0.2974091374033236,11.0,11.0,11.0,10,0.001678167529292315,5458.853636721929,2,0.33057851239669445
92,779,0.29727999520534154,7.0,7.0,7.0,6,0.0010810349926813343,1327.3497733275174,2,0.9795918367346941
93,174,0.2971355095225843,18.0,18.0,18.0,18,0.002118968215098263,10673.416300573585,1,0.0
94,972,0.29597523794619873,17.0,17.0,17.0,17,0.002340317170957398,9427.342628864191,1,0.0
95,370,0.29515595578110887,9.0,9.0,9.0,8,0.001328469958642692,12971.973699572209,2,0.3950617283950617
96,641,0.2923097913348813,7.0,7.0,7.0,7,0.001071722395686775,5660.287331197105,2,0.8163265306122449
97,339,0.2912776660656652,6.0,6.0,6.0,6,0.0009657112522751279,2793.9644051315363,2,1.0
98,1278,0.29103588312769324,11.0,11.0,11.0,10,0.001198562199048448,836.4704851067669,2,0.5950413223140494
99,1304,0.2899877147557482,11.0,11.0,11.0,10,0.001193533694295805,528.378646108625,2,0.5950413223140494
100,225,0.2894780142081599,9.0,9.0,9.0,7,0.0011183467439915596,3229.247115538353,2,0.691358024691358
101,855,0.2894760568328264,6.0,6.0,6.0,5,0.0009579455634922442,6348.000208543502,2,0.8888888888888888
102,1220,0.28839693610537565,9.0,9.0,9.0,8,0.0014169946158697874,9098.915285750774,2,0.3950617283950617
103,19,0.2875860472765234,17.0,17.0,17.0,17,0.0020697503271684048,10553.57654575226,1,0.0
104,1157,0.2871671934607844,8.0,8.0,8.0,6,0.0010821860401516194,3412.5987678287993,2,0.75
105,239,0.28672624043181694,7.0,7.0,7.0,7,0.0011070713656329057,3050.0214977264945,2,0.8163265306122449
106,372,0.2858029963606715,15.0,15.0,15.0,15,0.0019350345741835297,17265.03057109497,1,0.0
107,1140,0.28514524686811815,11.0,11.0,11.0,10,0.0013437170833247374,6152.609022989022,2,0.33057851239669445
108,490,0.2849008790642877,8.0,8.0,8.0,7,0.00116348586919514,1308.9250761014935,2,0.75
109,250,0.28463187779818355,10.0,10.0,10.0,10,0.001395165643216701,6709.935599983749,2,0.3599999999999999
110,310,0.2837642741017692,8.0,8.0,8.0,8,0.0010188369358644057,3145.755375764287,2,0.75
111,121,0.2834984006589462,10.0,10.0,10.0,10,0.0013095004306375609,7628.003557880398,2,0.3599999999999999
112,840,0.28220791203291773,11.0,11.0,11.0,9,0.0014709219828197592,3085.5536146506806,2,0.33057851239669445
113,398,0.2820898244827453,6.0,6.0,6.0,5,0.0010148815453829016,2736.3142502988803,2,0.8888888888888888
114,1299,0.2819285815173101,17.0,17.0,17.0,17,0.0020312318178673156,9068.098530720255,1,0.0
115,258,0.2814404891074067,16.0,16.0,16.0,16,0.0018736649874407547,13979.500783458689,1,0.0
116,1127,0.2804075030662372,4.0,4.0,4.0,4,0.0007421819025125704,7539.649640072087,2,1.0
117,207,0.27979712877159624,6.0,6.0,6.0,6,0.0010442919751738986,1432.184353581501,2,0.8888888888888888
118,491,0.27918886662983433,7.0,7.0,7.0,6,0.0010481930030524363,1188.8530129926598,2,0.8163265306122449
119,442,0.2790676043799201,8.0,8.0,8.0,8,0.0009785887715274223,2041.5511572616822,2,0.75
120,1156,0.2788734570823772,7.0,7.0,7.0,5,0.0010260019693777147,1418.6377804508638,2,0.8163265306122449
121,1001,0.2782588058844016,6.0,6.0,6.0,6,0.000980479113798914,1860.1522350567325,2,0.8888888888888888
122,788,0.2775038958016664,16.0,16.0,16.0,16,0.0020761679218363627,9369.608903466516,1,0.0
123,144,0.2768751452798719,8.0,8.0,8.0,7,0.0012138280509958385,9087.837947642849,2,0.4375
124,940,0.2766522274899023,10.0,10.0,10.0,9,0.001465738234752206,2666.7461904977736,2,0.3599999999999999
125,885,0.276625374195535,7.0,7.0,7.0,7,0.0008679381345656993,3054.8255983862036,2,0.8163265306122449
126,816,0.27649740603218625,16.0,16.0,16.0,16,0.0019002753899585879,11741.69792166875,1,0.0
127,608,0.2759867870289269,6.0,6.0,6.0,6,0.0009529642866731664,1451.458765782056,2,0.8888888888888888
128,406,0.27597656782317914,6.0,6.0,6.0,6,0.0009866104298047447,922.9419259601332,2,0.8888888888888888
129,1033,0.27589369958941395,6.0,6.0,6.0,6,0.0008942406154892819,2332.992329888249,2,0.8888888888888888
130,1124,0.27490282073590105,3.0,3.0,3.0,3,0.0010160101595997192,7970.35546875,2,0.8888888888888888
131,16,0.27478532515871895,15.0,15.0,15.0,15,0.0020764552327535222,10996.60384916916,1,0.0
132,1293,0.27370788137025137,6.0,6.0,6.0,4,0.0009331892939319495,919.5145602422897,2,0.8888888888888888
133,1284,0.2735410476101704,6.0,6.0,6.0,6,0.0007665907045875116,3456.2813555449957,2,0.8888888888888888
134,1216,0.27257326824640815,15.0,15.0,15.0,15,0.0019274507561127467,12504.78579484853,1,0.0
135,1022,0.27257018271917044,7.0,7.0,7.0,7,0.0008454424888767348,1910.2994397417513,2,0.8163265306122449
136,1086,0.27161110892708873,5.0,5.0,5.0,5,0.0008351804901216733,1686.581292548782,2,0.96
137,1300,0.2715324874850937,8.0,8.0,8.0,7,0.0009232310351956524,126.3068942183865,2,0.75
138,637,0.2708520561296695,8.0,8.0,8.0,8,0.0012378867123919433,6491.575106219885,2,0.4375
139,936,0.27074692858685234,16.0,16.0,16.0,16,0.0019362435819600386,9060.219716264995,1,0.0
140,1291,0.2705909017754523,7.0,7.0,7.0,6,0.0008755986070241415,710.1128446042992,2,0.8163265306122449
141,938,0.2702091038251259,6.0,6.0,6.0,6,0.0008565449136042941,824.6774184222475,2,0.8888888888888888
142,999,0.270089969870967,5.0,5.0,5.0,5,0.000837721448732574,1086.0252780018595,2,0.96
143,1310,0.26993209367167514,6.0,6.0,6.0,6,0.0007963911526006266,1660.6924582705778,2,0.8888888888888888
144,35,0.26959628569103133,3.0,3.0,3.0,3,0.000809976239969358,9226.87109375,2,0.8888888888888888
145,570,0.2689056066895974,4.0,4.0,4.0,4,0.0008658721351083028,1369.188087639179,2,1.0
146,1319,0.26816549937040096,11.0,11.0,11.0,11,0.001292959511196398,682.8694451380035,2,0.33057851239669445
147,892,0.2680064139427283,7.0,7.0,7.0,5,0.0008600223456486461,0.0,2,0.8163265306122449
148,17,0.26750951133302603,17.0,17.0,17.0,17,0.0020071392411305975,4126.750605102899,1,0.0
149,916,0.26629204269514833,9.0,9.0,9.0,9,0.001315686283961666,2527.6491974131122,2,0.3950617283950617
150,769,0.26564733332292323,5.0,5.0,5.0,5,0.0007810289635798436,331.9641513801073,2,0.96
151,362,0.26543183837372697,8.0,8.0,8.0,8,0.0012099873951978471,4927.965442992176,2,0.4375
152,6,0.2647283719309528,12.0,12.0,12.0,12,0.0016298354479962346,22155.464859078085,1,0.0
153,1053,0.2641351489494935,5.0,5.0,5.0,4,0.0007390624435168368,428.8531042095559,2,0.96
154,9,0.2630466008223163,7.0,7.0,7.0,7,0.001155848064350471,5598.285693124627,2,0.48979591836734704
155,1274,0.262482570024103,5.0,5.0,5.0,5,0.0006921719402374006,550.7658365446698,2,0.96
156,613,0.2624287996205028,14.0,14.0,14.0,14,0.0017427505796546255,14278.529425564911,1,0.0
157,614,0.26155075786175597,15.0,15.0,15.0,15,0.0017399835209032772,11363.941597415707,1,0.0
158,988,0.26153863900672314,4.0,4.0,4.0,4,0.000699778488371266,1242.9974475597278,2,1.0
159,927,0.26142980715362185,4.0,4.0,4.0,4,0.0007104342912267936,1036.6762853572607,2,1.0
160,18,0.260447499906589,5.0,5.0,5.0,5,0.0006673644181869488,187.22490923570217,2,0.96
161,1049,0.26023583861113164,7.0,7.0,7.0,6,0.0010727815157029843,5857.318101563546,2,0.48979591836734704
162,1334,0.2601364838411877,4.0,4.0,4.0,4,0.0006738566991237111,1130.225020013254,2,1.0
163,834,0.25904655749201655,16.0,16.0,16.0,16,0.0018897324271155878,5471.04679428518,1,0.0
164,703,0.2585569748292751,4.0,4.0,4.0,3,0.0006679165737745979,640.4166126638091,2,1.0
165,694,0.2579737605626107,7.0,7.0,7.0,7,0.0011801559661121222,3348.544297967606,2,0.48979591836734704
166,898,0.25740016994284226,4.0,4.0,4.0,4,0.0006737942334932218,122.1709798051569,2,1.0
167,56,0.25726519135123593,4.0,4.0,4.0,4,0.000655764891615101,353.58434450530586,2,1.0
168,217,0.25702162812778817,10.0,10.0,10.0,9,0.0011349177159859902,587.3813258112367,2,0.3599999999999999
169,1138,0.2565796273410177,12.0,12.0,12.0,12,0.00212042277479,11499.331243966026,1,0.0
170,103,0.2564326720435811,13.0,13.0,13.0,12,0.0017499649529656484,14588.875140704033,1,0.0
171,1009,0.25640168124032103,10.0,10.0,10.0,10,0.002032375298346006,18074.832111211716,1,0.0
172,224,0.25562307288544933,9.0,9.0,9.0,5,0.0011812970271867318,689.3654835288993,2,0.3950617283950617
173,136,0.2550753412026837,4.0,4.0,4.0,2,0.0006235002668986869,49.269258333068066,2,1.0
174,752,0.2545704792796166,4.0,4.0,4.0,4,0.0005948841693839272,309.3985052756737,2,1.0
175,1175,0.25363519434658005,6.0,6.0,6.0,6,0.0008352586980464687,7336.773437499999,2,0.5555555555555554
176,802,0.25336087096868043,5.0,5.0,5.0,5,0.0007620587568066068,7897.282442617837,2,0.6399999999999997
177,245,0.2526653609904128,4.0,4.0,4.0,3,0.0005372650808722946,505.51023232200856,2,1.0
178,851,0.251253962635582,3.0,3.0,3.0,3,0.0008859723833040615,1277.8125,2,0.8888888888888888
179,408,0.25082030815531725,14.0,14.0,14.0,14,0.0018984964239917488,7568.818065341425,1,0.0
180,980,0.2505410145724737,3.0,3.0,3.0,3,0.0008945864652871976,880.5635970830541,2,0.8888888888888888
181,1026,0.25053169322650265,6.0,6.0,6.0,6,0.0010707200503086234,2520.0654776978117,2,0.5555555555555554
182,737,0.24884663967929202,9.0,9.0,9.0,9,0.0010372858420385292,436.536952115692,2,0.3950617283950617
183,1021,0.24808039931550036,13.0,13.0,13.0,13,0.0017465201750584468,11562.661471702952,1,0.0
184,902,0.24802289135107286,14.0,14.0,14.0,14,0.0017791297813417204,8398.911385780639,1,0.0
185,808,0.24727739406213825,9.0,9.0,9.0,9,0.001015993873436599,189.94203174805273,2,0.3950617283950617
186,445,0.24708366128623233,11.0,11.0,11.0,11,0.00135347720861684,22592.967856350264,1,0.0
187,1182,0.24640772285556417,12.0,12.0,12.0,11,0.001892412505869082,11304.464885755211,1,0.0
188,809,0.24538998534019,7.0,7.0,7.0,7,0.0010211346838625626,1188.3307551499424,2,0.48979591836734704
189,1111,0.24494501856300244,15.0,15.0,15.0,15,0.0017324719289217852,5357.650817145854,1,0.0
190,268,0.24442333077847167,3.0,3.0,3.0,3,0.0007592499522540979,735.3609085250686,2,0.8888888888888888
191,1168,0.2438104743360044,4.0,4.0,4.0,4,0.0008319591191535275,1863.0182323311851,2,0.75
192,3,0.24363699505644892,3.0,3.0,3.0,3,0.0006665544884712795,1891.0833201685302,2,0.8888888888888888
193,966,0.2434482378425997,8.0,8.0,8.0,8,0.0009759487195480241,471.50177311007576,2,0.4375
194,1135,0.24340367738884394,6.0,6.0,6.0,6,0.0009586518997066847,1639.4026266572678,2,0.5555555555555554
195,2,0.24324828540490168,14.0,14.0,14.0,14,0.0017328251143449932,7360.4256220296675,1,0.0
196,1123,0.2425460115708198,6.0,6.0,6.0,6,0.000888760220905387,2413.1717312960363,2,0.5555555555555554
197,461,0.24250065979304442,6.0,6.0,6.0,5,0.0008425685594195192,3116.8576190413232,2,0.5555555555555554
198,915,0.24241161707208375,4.0,4.0,4.0,4,0.0007627781363249405,2426.1364347757462,2,0.75
199,291,0.24226730498258364,6.0,6.0,6.0,6,0.000909949759737751,1979.9233317554408,2,0.5555555555555554
200,585,0.242047602352658,5.0,5.0,5.0,5,0.0007564862899256014,3812.371642983463,2,0.6399999999999997
201,279,0.2417429214387411,13.0,13.0,13.0,13,0.001823849891703565,8019.645885761786,1,0.0
202,429,0.24143352307616367,3.0,3.0,3.0,3,0.0006818446148633357,840.0766822151598,2,0.8888888888888888
203,948,0.24141154664765913,3.0,3.0,3.0,3,0.0005216431030072959,3330.4908494748393,2,0.8888888888888888
204,572,0.2414000051070166,3.0,3.0,3.0,3,0.0006902213615671601,697.0722364053163,2,0.8888888888888888
205,477,0.24124330369780123,5.0,5.0,5.0,5,0.0009279764912267816,841.2052826074046,2,0.6399999999999997
206,1017,0.24081849297967983,3.0,3.0,3.0,3,0.0006919638224146467,455.4613950831846,2,0.8888888888888888
207,304,0.2405168984678575,14.0,14.0,14.0,14,0.001925725486167537,3344.721583357205,1,0.0
208,1348,0.24040175056006288,5.0,5.0,5.0,4,0.0008765948637432792,1332.231483982825,2,0.6399999999999997
209,864,0.240074682880779,6.0,6.0,6.0,4,0.0009368803310111364,751.3721462394058,2,0.5555555555555554
210,1327,0.23967158068739,2.0,2.0,2.0,2,0.0005182926588796729,1277.8125,2,1.0
211,332,0.23941086723779018,2.0,2.0,2.0,2,0.000589025735693806,78.5134035669192,2,1.0
212,686,0.23916986533837845,5.0,5.0,5.0,5,0.0008278339491441253,1638.4480564641028,2,0.6399999999999997
213,627,0.2388400741262514,3.0,3.0,3.0,3,0.0006334237953216652,638.90625,2,0.8888888888888888
214,707,0.23882160546446918,3.0,3.0,3.0,3,0.0006248736061898861,765.4454126449218,2,0.8888888888888888
215,161,0.23867028661773218,2.0,2.0,2.0,2,0.0005355838125703754,638.90625,2,1.0
216,1072,0.2385398719753359,2.0,2.0,2.0,2,0.0004766986756277211,1509.1934727783735,2,1.0
217,679,0.23820787123983891,2.0,2.0,2.0,2,0.0005246504488399833,638.90625,2,1.0
218,1201,0.23783610737157307,4.0,4.0,4.0,3,0.0007641092824458662,718.1356319710917,2,0.75
219,99,0.23772978901444897,3.0,3.0,3.0,3,0.0005918931789626092,877.198997205337,2,0.8888888888888888
220,800,0.23767769210954148,3.0,3.0,3.0,3,0.0006297083152843712,268.21954848765085,2,0.8888888888888888
221,504,0.23766797608343088,3.0,3.0,3.0,3,0.0005937413098906039,825.58156986866,2,0.8888888888888888
222,270,0.2373513060102146,2.0,2.0,2.0,2,0.000504397793625626,638.90625,2,1.0
223,25,0.23716408499431677,5.0,5.0,5.0,5,0.00073815351317069,2297.4720269569384,2,0.6399999999999997
224,241,0.23691097448866788,6.0,6.0,6.0,5,0.0008130692526207594,1515.709613190619,2,0.5555555555555554
225,1254,0.23690476840615746,2.0,2.0,2.0,2,0.0005202750681278267,226.61997780482386,2,1.0
226,39,0.2367888160833443,4.0,4.0,4.0,4,0.0007444271723330303,638.90625,2,0.75
227,157,0.2366144457569972,4.0,4.0,4.0,4,0.0007160423285753465,1017.2991285282641,2,0.75
228,222,0.23644457559570664,3.0,3.0,3.0,3,0.000591928992033892,402.712129108181,2,0.8888888888888888
229,1347,0.23635820263755025,12.0,12.0,12.0,12,0.0016464194808403587,11435.189067030775,1,0.0
230,391,0.23626163846905202,3.0,3.0,3.0,2,0.0006104858314344386,45.838988095238086,2,0.8888888888888888
231,392,0.23624876119978838,3.0,3.0,3.0,2,0.0005814599356511836,493.7810783534531,2,0.8888888888888888
232,282,0.23623057744367168,4.0,4.0,4.0,3,0.0007241380492358466,749.4843005442517,2,0.75
233,454,0.23599913641432882,2.0,2.0,2.0,2,0.0005036651146653721,151.71446056809052,2,1.0
234,658,0.2359410015402706,4.0,4.0,4.0,4,0.0006522770346444579,1763.453107470095,2,0.75
235,333,0.23574913603543166,5.0,5.0,5.0,5,0.0007883911966594659,992.1914207395783,2,0.6399999999999997
236,698,0.23533233782947446,5.0,5.0,5.0,4,0.0007980800280277946,687.3872375782901,2,0.6399999999999997
237,142,0.23521421342224108,2.0,2.0,2.0,2,0.0004408910944330933,841.300132171351,2,1.0
238,455,0.23513078335668558,2.0,2.0,2.0,2,0.0004648408023872417,437.0129819743038,2,1.0
239,345,0.23511613841195017,4.0,4.0,4.0,4,0.000698604669966134,736.7508336469458,2,0.75
240,775,0.2349706054532136,2.0,2.0,2.0,2,0.0004771702070626861,185.65607516181737,2,1.0
241,397,0.23462287984545205,3.0,3.0,3.0,2,0.0005746781033320972,0.0,2,0.8888888888888888
242,1173,0.2344049281818781,2.0,2.0,2.0,2,0.00047398316909625477,26.76534358034079,2,1.0
243,914,0.23407310904178383,2.0,2.0,2.0,2,0.00046533101881371885,39.345280586192814,2,1.0
244,41,0.23397971975580467,3.0,3.0,3.0,3,0.0005224392395353289,577.554084285378,2,0.8888888888888888
245,599,0.2337973451308719,2.0,2.0,2.0,2,0.00045653164232075966,74.89199366714014,2,1.0
246,1016,0.23367228124850775,2.0,2.0,2.0,2,0.00043496225248168714,365.1723787497225,2,1.0
247,1063,0.2335043183447045,4.0,4.0,4.0,4,0.000633771145744296,1153.5346491746873,2,0.75
248,983,0.23340111686661363,3.0,3.0,3.0,3,0.0005305252134934172,238.08200164703754,2,0.8888888888888888
249,1226,0.23339135707422115,3.0,3.0,3.0,3,0.0005428699850474725,41.95279768431496,2,0.8888888888888888
250,86,0.233145253110071,3.0,3.0,3.0,2,0.0005151453034452495,383.5976173021533,2,0.8888888888888888
251,15,0.23292372137151995,3.0,3.0,3.0,3,0.0005236627186001232,169.06835585171166,2,0.8888888888888888
252,569,0.23279386553620027,2.0,2.0,2.0,2,0.0003970616059234191,632.3546714799502,2,1.0
253,696,0.23278314524466384,2.0,2.0,2.0,2,0.0004373538390383784,0.0,2,1.0
254,618,0.2327716862919158,6.0,6.0,6.0,6,0.0007643999924769842,748.3785946463827,2,0.5555555555555554
255,1202,0.23267504030045036,2.0,2.0,2.0,1,0.0004347978023392431,0.0,2,1.0
256,393,0.23232310158765773,4.0,4.0,4.0,3,0.0006550780245120076,385.65145387050717,2,0.75
257,819,0.23218460471049165,5.0,5.0,5.0,5,0.0007110026440396377,884.7134541197546,2,0.6399999999999997
258,94,0.23209743882761077,2.0,2.0,2.0,2,0.00040507507263764456,250.56534665931486,2,1.0
259,1103,0.23208938820475805,3.0,3.0,3.0,3,0.0005057427829255264,140.88521399304963,2,0.8888888888888888
260,1292,0.23206730806781845,4.0,4.0,4.0,4,0.0005699753084502189,1618.596509700094,2,0.75
261,729,0.2320011931815955,3.0,3.0,3.0,3,0.000474632177028099,593.566876155547,2,0.8888888888888888
262,813,0.2319477946930196,2.0,2.0,2.0,2,0.0003864910307947655,485.22187895041264,2,1.0
263,444,0.23191834651878923,4.0,4.0,4.0,3,0.000627833654658973,661.3019653848755,2,0.75
264,917,0.23174797919709855,5.0,5.0,5.0,4,0.0007281756368460218,455.87416428027564,2,0.6399999999999997
265,1350,0.23154561398238535,2.0,2.0,2.0,1,0.0004080936109727262,0.0,2,1.0
266,1102,0.2314762265309449,3.0,3.0,3.0,3,0.0004816062079496489,291.21537146977886,2,0.8888888888888888
267,1037,0.23140480541560643,3.0,3.0,3.0,3,0.00045393721224971017,696.4068075687921,2,0.8888888888888888
268,514,0.23131859876875333,13.0,13.0,13.0,13,0.001764953240833827,5094.187033039098,1,0.0
269,1225,0.23123424535923331,2.0,2.0,2.0,2,0.00040073160145941367,0.0,2,1.0
270,659,0.23112613834469067,2.0,2.0,2.0,2,0.0003969665446160362,18.855230169513458,2,1.0
271,1296,0.23105398853635656,3.0,3.0,3.0,2,0.0004902951250359443,0.0,2,0.8888888888888888
272,135,0.23097146290030596,4.0,4.0,4.0,3,0.0006218197875070732,405.92714835478716,2,0.75
273,511,0.2308870635971936,2.0,2.0,2.0,1,0.00039252282496449653,0.0,2,1.0
274,394,0.2307098556845023,5.0,5.0,5.0,4,0.0007129536983363992,310.4641792846524,2,0.6399999999999997
275,363,0.23070357966924102,2.0,2.0,2.0,2,0.00038102516432431387,111.65807589698903,2,1.0
276,601,0.2306942948835634,4.0,4.0,4.0,4,0.0006123804131817415,450.93755829512816,2,0.75
277,700,0.23041657453670944,2.0,2.0,2.0,1,0.00038139856682913866,0.0,2,1.0
278,1108,0.23034664108382102,3.0,3.0,3.0,2,0.00045476654463377385,293.2695253595306,2,0.8888888888888888
279,1361,0.23026039681438157,2.0,2.0,2.0,1,0.0003777058958531556,0.0,2,1.0
280,747,0.22998248707265445,3.0,3.0,3.0,3,0.00045172852714196667,206.36727975640275,2,0.8888888888888888
281,147,0.22984946529689432,2.0,2.0,2.0,1,0.0003679898181365387,0.0,2,1.0
282,264,0.22984758882168987,4.0,4.0,4.0,4,0.0005502527871904788,1107.6592141455435,2,0.75
283,26,0.2297706879307296,2.0,2.0,2.0,2,0.0003617521554339846,68.23366917728507,2,1.0
284,1104,0.22968531488465047,2.0,2.0,2.0,2,0.00036288708607719637,19.051481438929738,2,1.0
285,1236,0.22920504365043448,2.0,2.0,2.0,1,0.0003527530924710058,0.0,2,1.0
286,806,0.22907845853616812,2.0,2.0,2.0,1,0.0003497601100502379,0.0,2,1.0
287,152,0.22838078288081842,3.0,3.0,3.0,2,0.0004270897664873277,0.0,2,0.8888888888888888
288,750,0.22836484619753006,4.0,4.0,4.0,3,0.0005848059684067425,21.996378989296037,2,0.75
289,890,0.2275717571126026,2.0,2.0,2.0,1,0.0003141356142300688,0.0,2,1.0
290,218,0.22747411501718684,6.0,6.0,6.0,5,0.0006871290477079578,0.0,2,0.5555555555555554
291,588,0.22707753120075191,13.0,13.0,13.0,13,0.0016233153678934266,5739.271768304498,1,0.0
292,31,0.22646339115028402,11.0,11.0,11.0,11,0.0016609409204378716,10193.915562350488,1,0.0
293,1301,0.2251156530732344,5.0,5.0,5.0,4,0.0006005907282970744,0.0,2,0.6399999999999997
294,847,0.22377790221302168,12.0,12.0,12.0,12,0.0018037618641983124,4342.218935029866,1,0.0
295,311,0.22279324708218867,13.0,13.0,13.0,13,0.0016215941017031423,4186.2674441599565,1,0.0
296,167,0.22234335533081595,11.0,11.0,11.0,11,0.0015762229604916551,9995.90291017768,1,0.0
297,368,0.2219541365370677,13.0,13.0,13.0,13,0.0015043332600178359,5705.652877896929,1,0.0
298,257,0.22133963472306417,11.0,11.0,11.0,11,0.0013982459643266808,12401.522573485745,1,0.0
299,1041,0.22124795747783432,12.0,12.0,12.0,12,0.0015772451620991205,6942.066362177394,1,0.0
300,312,0.22115269266948523,12.0,12.0,12.0,12,0.0015289201348987753,7660.618767089002,1,0.0
301,541,0.2211308867249291,12.0,12.0,12.0,12,0.0017217512799762187,4645.164774234093,1,0.0
302,385,0.2204222665378856,9.0,9.0,9.0,9,0.0018369129784093882,10489.668678945181,1,0.0
303,871,0.2198918503845389,9.0,9.0,9.0,9,0.0015047411030687857,15474.659582629522,1,0.0
304,285,0.21883474856213603,13.0,13.0,13.0,12,0.001593197032395415,3169.436421480756,1,0.0
305,742,0.21709975780646423,10.0,10.0,10.0,10,0.0014946948335910356,11967.784029564344,1,0.0
306,556,0.21413221813018002,12.0,12.0,12.0,12,0.0015426134889560883,4858.223826483325,1,0.0
307,563,0.21357714524680899,13.0,13.0,13.0,13,0.0015061346291883736,2588.5047153294868,1,0.0
308,256,0.21229257364376897,11.0,11.0,11.0,11,0.001377552161831822,9388.11995796905,1,0.0
309,213,0.21004745985386597,10.0,10.0,10.0,10,0.0015182604035050796,8999.68603866375,1,0.0
310,1262,0.2086640159419495,11.0,11.0,11.0,11,0.001585063942525177,4813.69917009888,1,0.0
311,831,0.20858340922107482,12.0,12.0,12.0,12,0.0014577913245154286,4134.969748556254,1,0.0
312,1180,0.20696387063188226,11.0,11.0,11.0,11,0.0013661836328760172,7600.441023201115,1,0.0
313,433,0.20451241889147215,11.0,11.0,11.0,11,0.0014047163970279724,6095.496317138944,1,0.0
314,216,0.2019601056459263,11.0,11.0,11.0,11,0.001392631837255357,5342.791087051737,1,0.0
315,1055,0.20168901994559757,10.0,10.0,10.0,10,0.0012848633659433009,9557.55559233199,1,0.0
316,562,0.2016704290961719,10.0,10.0,10.0,10,0.0014001688399399286,7752.384949218878,1,0.0
317,28,0.1995926973227663,9.0,9.0,9.0,9,0.0014772974538987255,8417.267858483505,1,0.0
318,439,0.19825051451124875,10.0,10.0,10.0,10,0.0012735575564566516,8465.917477230068,1,0.0
319,1309,0.19758404034684685,10.0,10.0,10.0,10,0.00158736838020919,3325.928510595033,1,0.0
320,1110,0.1972854185490433,11.0,11.0,11.0,11,0.0013946318300533823,3587.7867692656205,1,0.0
321,1018,0.19712393050710292,11.0,11.0,11.0,11,0.0013614297830329657,4046.059611121385,1,0.0
322,638,0.19702197240600794,11.0,11.0,11.0,11,0.0013813329684746536,3698.0501145974345,1,0.0
323,725,0.19677259174416084,9.0,9.0,9.0,9,0.0011950156573216195,11779.834886243005,1,0.0
324,886,0.1961299011462908,8.0,8.0,8.0,8,0.0010834635150585917,15916.578880052642,1,0.0
325,1038,0.19608240460543552,11.0,11.0,11.0,11,0.0013008710872258263,4606.471375391771,1,0.0
326,479,0.19579979403296388,11.0,11.0,11.0,11,0.0014183070212034428,2670.7153950454467,1,0.0
327,1118,0.1953390035742102,10.0,10.0,10.0,10,0.0013686783592709506,5908.771384784805,1,0.0
328,594,0.19475301795561895,10.0,10.0,10.0,10,0.0014895651726936673,3807.324223851096,1,0.0
329,949,0.19450198097754118,10.0,10.0,10.0,10,0.0013486590558449585,5912.338443260929,1,0.0
330,138,0.1926621804833854,10.0,10.0,10.0,10,0.001216527430763016,7294.641041035587,1,0.0
331,449,0.1920798981838906,8.0,8.0,8.0,8,0.0011557371241532508,13295.935663008284,1,0.0
332,884,0.19202392737661317,10.0,10.0,10.0,10,0.001311048804137511,5585.117925369397,1,0.0
333,110,0.19142527720479957,9.0,9.0,9.0,9,0.0013399079411885513,7548.234308285287,1,0.0
334,1166,0.1910661460394968,7.0,7.0,7.0,7,0.0015782484028949953,8966.544906059744,1,0.0
335,127,0.19086779080942767,9.0,9.0,9.0,9,0.0012297867740345217,9060.118889075911,1,0.0
336,934,0.1904177625230291,10.0,10.0,10.0,10,0.0013362997585360133,4599.020996512593,1,0.0
337,1321,0.1902561716318602,8.0,8.0,8.0,8,0.0012627891249397149,10953.834932943142,1,0.0
338,1044,0.1891443357079075,9.0,9.0,9.0,9,0.0012187136642364512,8597.284218666577,1,0.0
339,459,0.18695137600213857,9.0,9.0,9.0,9,0.001288082433238902,6706.738356152381,1,0.0
340,446,0.18663869655818416,10.0,10.0,10.0,10,0.0011565913252952471,6008.223028774367,1,0.0
341,780,0.18660866882038585,8.0,8.0,8.0,8,0.0011112700898838293,11971.906933747347,1,0.0
342,292,0.18644846620730826,9.0,9.0,9.0,9,0.001395381895614941,4847.835409356082,1,0.0
343,515,0.18476274291765887,9.0,9.0,9.0,9,0.001390477988781559,4302.699038576378,1,0.0
344,253,0.18321859120374595,8.0,8.0,8.0,8,0.0011803133376845948,9644.995228249863,1,0.0
345,1089,0.18227659601941276,10.0,10.0,10.0,10,0.001216411042791671,3466.7244860924516,1,0.0
346,351,0.18084625249663566,10.0,10.0,10.0,10,0.0011965993212869753,3248.264273001692,1,0.0
347,382,0.17850582660909792,9.0,9.0,9.0,9,0.001145453963014019,5816.850645834848,1,0.0
348,37,0.17808153660075782,7.0,7.0,7.0,7,0.0010165845197505719,12938.174363280139,1,0.0
349,815,0.1778755552127863,9.0,9.0,9.0,9,0.0012314560094263554,4243.139059162073,1,0.0
350,777,0.17501559090393598,9.0,9.0,9.0,9,0.0011716336521513495,4121.509341023808,1,0.0
351,564,0.17488752067641933,10.0,10.0,10.0,10,0.0011758114922248647,1375.1636385983018,1,0.0
352,437,0.1747200601534965,9.0,9.0,9.0,9,0.001214858397456199,3338.3937705763888,1,0.0
353,671,0.17439659311359357,8.0,8.0,8.0,8,0.001114484215075584,7418.520381188559,1,0.0
354,765,0.1740243973907491,9.0,9.0,9.0,9,0.00126145180197225,2355.189760515934,1,0.0
355,899,0.17399916124694495,9.0,9.0,9.0,9,0.0012148260688102787,3073.063203562432,1,0.0
356,612,0.17349512762479563,8.0,8.0,8.0,8,0.00133380554247876,3665.5444967197127,1,0.0
357,109,0.1734308156674547,8.0,8.0,8.0,8,0.001372345254316636,3040.7601426358956,1,0.0
358,529,0.17322296703568496,9.0,9.0,9.0,9,0.0012626751362850058,2040.5794142814298,1,0.0
359,202,0.17097551374393494,8.0,8.0,8.0,7,0.001255996165930179,3949.94782502874,1,0.0
360,1308,0.17018160568028318,9.0,9.0,9.0,9,0.0011592067620039793,2532.7661546645327,1,0.0
361,1277,0.17006662357743374,8.0,8.0,8.0,8,0.0011152975831491383,5809.138952438157,1,0.0
362,302,0.16706737551311418,9.0,9.0,9.0,9,0.001193677062994245,846.7774369577254,1,0.0
363,1035,0.16663073555268848,8.0,8.0,8.0,8,0.0012331893101665274,2703.488903353191,1,0.0
364,496,0.16569874202473545,6.0,6.0,6.0,6,0.0011751672599919659,8532.651919299677,1,0.0
365,1324,0.16561784915055291,9.0,9.0,9.0,9,0.0011144727579877568,1547.535867388173,1,0.0
366,1160,0.16521738878365844,8.0,8.0,8.0,8,0.0012452130056380749,1994.7881179484211,1,0.0
367,252,0.16463399247366658,7.0,7.0,7.0,7,0.000975825686676041,8615.009638186217,1,0.0
368,344,0.1642804756646724,7.0,7.0,7.0,7,0.0012970825143226552,3474.296539451402,1,0.0
369,644,0.16424804584251895,8.0,8.0,8.0,8,0.0011021829845250537,3868.0483431693237,1,0.0
370,54,0.16420880649790504,8.0,8.0,8.0,8,0.0011033938558161341,3834.693791169197,1,0.0
371,48,0.1634313200341007,8.0,8.0,8.0,8,0.0011057054111373163,3511.940865549472,1,0.0
372,246,0.16306908767582345,8.0,8.0,8.0,8,0.0010770663044828912,3825.0242693344844,1,0.0
373,743,0.16285226788364981,8.0,8.0,8.0,8,0.0011870109362592761,2030.3640044486265,1,0.0
374,589,0.16284655194505968,6.0,6.0,6.0,6,0.0013666936096740259,4493.830549984378,1,0.0
375,1040,0.16247669537813186,8.0,8.0,8.0,8,0.0010648229964506724,3797.524702329739,1,0.0
376,1285,0.16134527157112505,6.0,6.0,6.0,6,0.0010636234403430854,8666.93784793839,1,0.0
377,971,0.16123010796719756,8.0,8.0,8.0,8,0.0010973483791039817,2830.570921738596,1,0.0
378,584,0.16094922672296405,8.0,8.0,8.0,8,0.0010943841665513245,2773.224820777872,1,0.0
379,422,0.1603196907372718,8.0,8.0,8.0,8,0.001169741974220736,1365.7929839327712,1,0.0
380,379,0.15968612172532776,8.0,8.0,8.0,8,0.0010926453375002048,2334.568022033517,1,0.0
381,451,0.1577537408720883,8.0,8.0,8.0,8,0.0010864195895099824,1719.0911078863621,1,0.0
382,119,0.15759140972470198,6.0,6.0,6.0,6,0.0013865327785412792,2246.55925828998,1,0.0
383,113,0.15721121016674844,8.0,8.0,8.0,8,0.0010929478151406819,1417.2155996167749,1,0.0
384,749,0.15681281077883807,8.0,8.0,8.0,8,0.0010156519476281804,2475.81773420513,1,0.0
385,483,0.15635078925776003,7.0,7.0,7.0,7,0.001040510958493859,4551.702906670037,1,0.0
386,1002,0.15604312416501892,7.0,7.0,7.0,7,0.0011409422882466412,2871.9133886025807,1,0.0
387,286,0.15569077882451954,8.0,8.0,8.0,8,0.0009731076752196959,2725.5878560631922,1,0.0
388,1095,0.155126640147569,8.0,8.0,8.0,8,0.0010280329005244548,1660.9400813697985,1,0.0
389,98,0.1547928779259986,6.0,6.0,6.0,6,0.0008930683944382989,8910.70551583956,1,0.0
390,1189,0.15454073843695948,7.0,7.0,7.0,7,0.000916454898250064,5819.028552195832,1,0.0
391,1087,0.15331917416009325,7.0,7.0,7.0,7,0.000904671993435924,5552.338448813545,1,0.0
392,758,0.15315719848407078,8.0,8.0,8.0,8,0.000978621653674014,1705.3219877920635,1,0.0
393,134,0.1530475050274914,7.0,7.0,7.0,7,0.0010446244986689521,3269.446579148596,1,0.0
394,531,0.15295788902106275,8.0,8.0,8.0,8,0.0009657828898151101,1832.060299139122,1,0.0
395,530,0.15278505264247663,8.0,8.0,8.0,8,0.0010246686485893743,849.9381777974894,1,0.0
396,1,0.1519288809057506,8.0,8.0,8.0,8,0.0009678446187490084,1420.4539307868642,1,0.0
397,1353,0.15159563485074481,6.0,6.0,6.0,6,0.0011288293518790164,4054.75711051537,1,0.0
398,785,0.15109546309997823,7.0,7.0,7.0,7,0.0010156121277327533,3002.1019012203437,1,0.0
399,565,0.14974743802561136,8.0,8.0,8.0,8,0.0009241514922133876,1297.479068901632,1,0.0
400,586,0.14902413827666078,7.0,7.0,7.0,7,0.0009840745803826095,2730.1540025840613,1,0.0
401,718,0.14897967265213924,7.0,7.0,7.0,7,0.001040553636597467,1832.9043466213743,1,0.0
402,683,0.14842515133492434,7.0,7.0,7.0,7,0.001044736408208846,1563.1871702440546,1,0.0
403,80,0.14804286182847914,6.0,6.0,6.0,6,0.0008685192604071773,6804.476857959436,1,0.0
404,235,0.14748639528152918,5.0,5.0,5.0,5,0.0009084328650273571,8610.742113658876,1,0.0
405,387,0.14678933964716046,7.0,7.0,7.0,7,0.000979160433077717,1982.7033012928002,1,0.0
406,1048,0.14659544199270513,7.0,7.0,7.0,7,0.0009433693187315787,2469.4042915894547,1,0.0
407,1122,0.1464498829585027,7.0,7.0,7.0,7,0.0009568942252899841,2204.7929981368798,1,0.0
408,378,0.14618882902384078,7.0,7.0,7.0,7,0.0008913737636740504,3130.391541801891,1,0.0
409,528,0.1459534764008022,7.0,7.0,7.0,7,0.0009441139626643665,2221.0630067000016,1,0.0
410,1050,0.14594354785914015,7.0,7.0,7.0,7,0.0010058065688881442,1255.2380341867408,1,0.0
411,336,0.14592815105873758,7.0,7.0,7.0,7,0.000990351205531657,1490.6037163085862,1,0.0
412,982,0.14552535739578065,6.0,6.0,6.0,6,0.0008751717281412211,5772.3830666533095,1,0.0
413,495,0.14539926141088055,5.0,5.0,5.0,5,0.0010012956797755285,6392.8046308908415,1,0.0
414,1051,0.14415800694407993,7.0,7.0,7.0,7,0.0009056544866561432,2158.7930959681917,1,0.0
415,942,0.1440386598288909,7.0,7.0,7.0,7,0.0009550652911632362,1344.1676765179632,1,0.0
416,243,0.1437591881084027,7.0,7.0,7.0,7,0.0009212752526448346,1768.1038690475484,1,0.0
417,478,0.14328004981119258,7.0,7.0,7.0,7,0.0009003815219081006,1917.2800509904125,1,0.0
418,1081,0.14315983694885281,7.0,7.0,7.0,7,0.0009039029610091217,1818.030307938378,1,0.0
419,724,0.1427830104380039,5.0,5.0,5.0,5,0.0010607164098020976,4501.318744144949,1,0.0
420,1106,0.14270276428182055,7.0,7.0,7.0,7,0.0008673261625725652,2219.937913234815,1,0.0
421,1190,0.14211389847139286,4.0,4.0,4.0,4,0.0009763898679661636,8203.70667353889,1,0.0
422,1046,0.14210826904167295,7.0,7.0,7.0,7,0.0008837222623962065,1744.9999370317817,1,0.0
423,356,0.14159211088044865,7.0,7.0,7.0,7,0.0009254506268943471,903.8646981161439,1,0.0
424,566,0.14155552594437762,7.0,7.0,7.0,7,0.0008482192180055072,2094.8822631472876,1,0.0
425,1039,0.14151530895107045,6.0,6.0,6.0,6,0.0007806144677837855,5768.383430491591,1,0.0
426,91,0.14101916844298285,7.0,7.0,7.0,7,0.0008560994624956442,1774.1969368264047,1,0.0
427,1090,0.1397728305987112,6.0,6.0,6.0,6,0.0008349815293633016,4277.922688004961,1,0.0
428,73,0.13938848791434616,4.0,4.0,4.0,4,0.0009093454835328501,8244.329691699471,1,0.0
429,457,0.13919833739484083,7.0,7.0,7.0,7,0.0008532598035660555,1147.0447549922678,1,0.0
430,945,0.1391634156652711,4.0,4.0,4.0,4,0.0009190637673698013,8009.765988175876,1,0.0
431,1003,0.13747502460519734,6.0,6.0,6.0,6,0.0009390528607827835,1807.48980050952,1,0.0
432,507,0.13729715999414044,6.0,6.0,6.0,6,0.0008209481843893712,3583.8732222586073,1,0.0
433,68,0.137059336082284,6.0,6.0,6.0,6,0.0009156109532516318,2019.8049854081578,1,0.0
434,343,0.13677701363039935,4.0,4.0,4.0,4,0.0011304199898692243,3833.4375,1,0.0
435,65,0.13663196575110503,5.0,5.0,5.0,5,0.0010408369338121084,2543.135099671896,1,0.0
436,634,0.13612885596033358,6.0,6.0,6.0,6,0.000891678855036455,2049.9334753043463,1,0.0
437,755,0.1360748661939366,6.0,6.0,6.0,6,0.0009308373654186985,1419.3046351391433,1,0.0
438,998,0.13587087207599513,6.0,6.0,6.0,6,0.0009270499317834021,1403.1500481283003,1,0.0
439,821,0.13564358103925928,6.0,6.0,6.0,6,0.0009213725890664348,1407.8798182967066,1,0.0
440,319,0.13548598521210006,6.0,6.0,6.0,6,0.0009736733057082309,534.0786658424754,1,0.0
441,247,0.13529043519594489,6.0,6.0,6.0,6,0.000820750654937394,2846.9649665896286,1,0.0
442,151,0.13526675560832152,6.0,6.0,6.0,6,0.0009321688530438002,1100.544153961324,1,0.0
443,272,0.1351132281049333,6.0,6.0,6.0,6,0.0008082074381108306,2977.244248923331,1,0.0
444,812,0.13422704971883181,5.0,5.0,5.0,5,0.0009498968666368751,3074.6212888306886,1,0.0
445,78,0.13415550713213256,4.0,4.0,4.0,4,0.000786952680892214,8223.49394029408,1,0.0
446,990,0.13382914223316517,6.0,6.0,6.0,6,0.0008812133671546923,1365.124272669688,1,0.0
447,1224,0.13374719949541308,6.0,6.0,6.0,6,0.0008736871097386916,1452.2877427947597,1,0.0
448,797,0.13363038861076731,5.0,5.0,5.0,5,0.0009990029302110901,2088.736920967065,1,0.0
449,293,0.1333571731966034,6.0,6.0,6.0,6,0.0007954922181471918,2527.9987576491994,1,0.0
450,911,0.13324413651994432,5.0,5.0,5.0,5,0.0007007824769793894,6597.379360748301,1,0.0
451,616,0.13301016024948092,6.0,6.0,6.0,6,0.0007992402334322428,2341.5817426273516,1,0.0
452,432,0.1330080795626583,5.0,5.0,5.0,5,0.0009883566974666655,2025.297276784636,1,0.0
453,313,0.13288119990229302,6.0,6.0,6.0,6,0.000847444503610948,1542.2286245183225,1,0.0
454,294,0.1327298569891764,6.0,6.0,6.0,6,0.0007645920415804017,2778.595142377027,1,0.0
455,984,0.13246531160762837,6.0,6.0,6.0,6,0.0008563530066743774,1249.930050059003,1,0.0
456,162,0.1324203365699243,6.0,6.0,6.0,6,0.0008199371983241374,1801.2897234776294,1,0.0
457,598,0.1323614845218689,6.0,6.0,6.0,6,0.0008006570367091136,2080.2830032057195,1,0.0
458,986,0.13227863293581985,5.0,5.0,5.0,5,0.0010151902155756364,1337.8123875615624,1,0.0
459,1219,0.13203778272332645,6.0,6.0,6.0,6,0.0008312085715386241,1484.4318306499435,1,0.0
460,604,0.1310199250500418,6.0,6.0,6.0,6,0.0008015526793551635,1571.6082862766216,1,0.0
461,326,0.13095083546968178,5.0,5.0,5.0,5,0.0009531207819473877,1816.2218149415655,1,0.0
462,717,0.13089161401773652,5.0,5.0,5.0,5,0.0009126792591239076,2425.11348529559,1,0.0
463,630,0.13077740037026814,4.0,4.0,4.0,4,0.0010598083587081346,2722.3184226828016,1,0.0
464,1058,0.13040923948040917,5.0,5.0,5.0,5,0.0009270813663286432,2022.6190301420288,1,0.0
465,540,0.13001680477973143,6.0,6.0,6.0,6,0.000824808306307912,839.0061219243255,1,0.0
466,580,0.12970714689462193,5.0,5.0,5.0,5,0.0008351919756446051,3196.834890406385,1,0.0
467,804,0.12948205964362464,4.0,4.0,4.0,4,0.00112040544747578,1299.577625043589,1,0.0
468,166,0.12937701911784594,5.0,5.0,5.0,5,0.0009186590013398491,1773.339060821674,1,0.0
469,123,0.1293743396308153,4.0,4.0,4.0,4,0.0007029932873596725,7769.855283597552,1,0.0
470,726,0.1293050710090602,5.0,5.0,5.0,5,0.0008067673240575589,3491.8811496368867,1,0.0
471,635,0.12898393105646005,6.0,6.0,6.0,6,0.0007749275587266861,1236.0741164200533,1,0.0
472,388,0.12870069278293103,6.0,6.0,6.0,6,0.000764587575763129,1292.8920697341794,1,0.0
473,173,0.1286301394654949,6.0,6.0,6.0,6,0.0007627309598680473,1295.8311701460925,1,0.0
474,1115,0.12828195137630605,5.0,5.0,5.0,5,0.000912951622470281,1458.540650416417,1,0.0
475,935,0.12824509764104064,6.0,6.0,6.0,6,0.0007552263544644985,1270.8877794598905,1,0.0
476,650,0.12815551628059257,6.0,6.0,6.0,6,0.0007708167216035512,994.7053886918592,1,0.0
477,1312,0.1281298928428743,5.0,5.0,5.0,5,0.0007900690778719996,3318.9562700101483,1,0.0
478,900,0.12793518117515865,5.0,5.0,5.0,5,0.0009074337690473959,1416.724522202932,1,0.0
479,64,0.12782253679383215,5.0,5.0,5.0,5,0.0007783907538543286,3387.7535782113832,1,0.0
480,182,0.12765065579192014,5.0,5.0,5.0,5,0.0009174513157150388,1155.5698719607067,1,0.0
481,856,0.12717606463789657,5.0,5.0,5.0,5,0.000745866581322169,3656.6141154908964,1,0.0
482,117,0.12710730907735196,4.0,4.0,4.0,4,0.0010230569707178592,1942.1336354617606,1,0.0
483,271,0.12710001450720707,4.0,4.0,4.0,4,0.0006654237097221956,7517.126216463184,1,0.0
484,456,0.12703221325633784,6.0,6.0,6.0,6,0.0007423114387324681,1025.0533763618423,1,0.0
485,297,0.12677923465438556,4.0,4.0,4.0,4,0.0010552531450887595,1319.0200823326124,1,0.0
486,1077,0.1264197181374003,4.0,4.0,4.0,4,0.0006503426181164384,7501.4699645566825,1,0.0
487,1212,0.1262908231867833,6.0,6.0,6.0,6,0.0007523764451647836,594.6875972831816,1,0.0
488,348,0.12588608428985826,5.0,5.0,5.0,5,0.000881448043451747,1066.3865351355023,1,0.0
489,787,0.12573055754335127,5.0,5.0,5.0,5,0.0007398397761652457,3217.571394372121,1,0.0
490,425,0.12561432660736488,4.0,4.0,4.0,4,0.0010263037704093586,1340.9521258906022,1,0.0
491,1253,0.12548402526390928,4.0,4.0,4.0,4,0.0009181312518706409,2979.971837748096,1,0.0
492,1031,0.12538592849480013,5.0,5.0,5.0,5,0.0007587108061815678,2796.173471077757,1,0.0
493,863,0.12514581325158974,5.0,5.0,5.0,5,0.0008160230786398797,1813.7822036421398,1,0.0
494,993,0.1251068173103002,5.0,5.0,5.0,5,0.0008772007296538925,845.2697852452077,1,0.0
495,567,0.12438252364849647,6.0,6.0,6.0,6,0.0007315295953375349,216.12287846780723,1,0.0
496,1088,0.1235728207617568,5.0,5.0,5.0,5,0.0007397930873411956,2422.6242545781956,1,0.0
497,47,0.12337047957618698,5.0,5.0,5.0,5,0.0008360211701516857,847.2276494685899,1,0.0
498,1084,0.12329880475520225,5.0,5.0,5.0,5,0.0008002203221335636,1379.1506756747565,1,0.0
499,373,0.12327932032249718,5.0,5.0,5.0,5,0.000750171816825856,2152.526969693463,1,0.0
500,192,0.12325598462929235,5.0,5.0,5.0,5,0.0007416554408902522,2276.744038413567,1,0.0
501,715,0.12321916966413146,5.0,5.0,5.0,5,0.0008117806264271523,1169.4892621611766,1,0.0
502,494,0.12300401968556093,4.0,4.0,4.0,4,0.0006208187101150501,6702.373232516791,1,0.0
503,60,0.1229109209751043,5.0,5.0,5.0,5,0.0008341981838447896,706.1947827773382,1,0.0
504,1029,0.12289817249421059,5.0,5.0,5.0,5,0.0007948336107274547,1315.427363226458,1,0.0
505,922,0.12286881587902503,5.0,5.0,5.0,5,0.0007749123135412741,1615.296430261805,1,0.0
506,1213,0.12235474386249709,5.0,5.0,5.0,5,0.0006517797643808454,3346.117017900295,1,0.0
507,1263,0.12225133096183949,5.0,5.0,5.0,5,0.0008355280196443918,442.2277037018824,1,0.0
508,153,0.12185415574014598,5.0,5.0,5.0,5,0.0007975176365973263,888.5810882829091,1,0.0
509,536,0.12181280082653384,5.0,5.0,5.0,4,0.0007910510692249244,974.1844770182629,1,0.0
510,963,0.12160565430118962,5.0,5.0,5.0,5,0.0007492848869893228,1549.1876149355246,1,0.0
511,79,0.12159791339871212,3.0,3.0,3.0,3,0.0006558210173361799,8271.927012858348,1,0.0
512,1094,0.12156934863288302,5.0,5.0,5.0,5,0.0007362386062878155,1739.2707733064112,1,0.0
513,907,0.12129659463872117,5.0,5.0,5.0,4,0.0007327185558340232,1693.590533946785,1,0.0
514,441,0.12125089637366204,5.0,5.0,5.0,4,0.0007296662874125223,1724.3425595262258,1,0.0
515,883,0.12098017847787623,5.0,5.0,5.0,5,0.0007310101218726446,1603.5555272062302,1,0.0
516,829,0.12088510159756086,3.0,3.0,3.0,3,0.0006560813142072543,8005.014787429728,1,0.0
517,973,0.12082842147532906,5.0,5.0,5.0,5,0.0007742406452362844,873.367068455486,1,0.0
518,462,0.12069214782500538,4.0,4.0,4.0,4,0.0009111292510255165,1322.148997973934,1,0.0
519,357,0.12063155825876586,5.0,5.0,5.0,5,0.0007716855832602377,840.6218478589512,1,0.0
520,164,0.1205357556221476,5.0,5.0,5.0,5,0.0006907757806164242,2067.1711953103186,1,0.0
521,699,0.1203760571227611,5.0,5.0,5.0,5,0.000767444915595334,812.5424936555675,1,0.0
522,1101,0.1199550311258188,5.0,5.0,5.0,5,0.0007394003503348194,1094.6729500355002,1,0.0
523,1336,0.11986432456552655,5.0,5.0,5.0,5,0.0007254997210880378,1278.0200322612366,1,0.0
524,542,0.11979666102650664,5.0,5.0,5.0,5,0.0007323413346687993,1146.3663342203952,1,0.0
525,548,0.11976638303017788,4.0,4.0,4.0,4,0.0007066583087603695,4169.717336855496,1,0.0
526,1318,0.11963482747442276,5.0,5.0,5.0,5,0.0007550138138499589,733.0873218134516,1,0.0
527,1052,0.1192820867677722,5.0,5.0,5.0,5,0.0007217639655863946,1121.580381923312,1,0.0
528,974,0.11910939443505641,5.0,5.0,5.0,5,0.0007086919922173626,1261.7710395442293,1,0.0
529,137,0.11887126053464081,5.0,5.0,5.0,5,0.0007424866299420108,646.89367820972,1,0.0
530,690,0.11884994906611152,4.0,4.0,4.0,4,0.0008665068669245629,1338.7647465043892,1,0.0
531,13,0.11882473879062572,5.0,5.0,5.0,5,0.0007528325439053623,468.3827103599886,1,0.0
532,126,0.11882041477637055,3.0,3.0,3.0,3,0.0006073565176433614,8003.568662287805,1,0.0
533,220,0.11858897559736295,5.0,5.0,5.0,4,0.0007232379264858681,843.004434076369,1,0.0
534,1097,0.11836502483809244,5.0,5.0,5.0,5,0.0007370756081478076,544.6077632264138,1,0.0
535,1116,0.11749776339110636,4.0,4.0,4.0,4,0.0005677826539570197,5499.071445916374,1,0.0
536,473,0.1174605349419098,5.0,5.0,5.0,5,0.0006689148016048533,1274.1154259562056,1,0.0
537,1331,0.11741476895529616,5.0,5.0,5.0,5,0.0007032327095200468,722.0136404652594,1,0.0
538,626,0.11739095412153483,5.0,5.0,5.0,5,0.0007074311708171421,647.7522083574437,1,0.0
539,350,0.11713472098258713,5.0,5.0,5.0,5,0.0006865980941417603,878.1797199754277,1,0.0
540,482,0.11710706158622428,5.0,5.0,5.0,5,0.0007060321828993856,564.8842871834031,1,0.0
541,603,0.11704032837855277,5.0,5.0,5.0,5,0.0006855978683282361,858.971632979259,1,0.0
542,1073,0.11660199271846662,3.0,3.0,3.0,3,0.0009861502286552372,1277.8125,1,0.0
543,767,0.11648577468619378,5.0,5.0,5.0,5,0.0007050068861287318,351.77252867628334,1,0.0
544,386,0.11635367508526188,4.0,4.0,4.0,4,0.0008452745938306122,749.392861908114,1,0.0
545,610,0.11628452314423801,5.0,5.0,5.0,5,0.0006564880948510645,1034.2638040620345,1,0.0
546,467,0.11618480048289934,4.0,4.0,4.0,4,0.000748470402055007,2196.8869984889643,1,0.0
547,1056,0.11581189463090454,5.0,5.0,5.0,5,0.0006741745434167469,584.1403383433942,1,0.0
548,1206,0.11507592058602026,5.0,5.0,5.0,5,0.0006411592604263311,827.6560504807654,1,0.0
549,367,0.11402376437212135,4.0,4.0,4.0,4,0.0007233399374945127,1791.932177483789,1,0.0
550,553,0.11388094974820087,4.0,4.0,4.0,4,0.0007685393461097649,1034.334339352123,1,0.0
551,308,0.11375114778374906,5.0,5.0,5.0,5,0.0006588430021797353,63.34269800767249,1,0.0
552,711,0.1135983475885399,4.0,4.0,4.0,4,0.000775944267876,814.6356340256689,1,0.0
553,1266,0.11349607469255105,4.0,4.0,4.0,4,0.0007312639877874787,1473.7599506053014,1,0.0
554,485,0.11338418550475018,3.0,3.0,3.0,3,0.0009100682937461426,1277.8125,1,0.0
555,251,0.11328420039139003,4.0,4.0,4.0,4,0.0006687917884973805,2369.9527186707433,1,0.0
556,1317,0.11324439234714354,4.0,4.0,4.0,4,0.0007414561568584886,1221.9928930413448,1,0.0
557,82,0.11318640871888812,4.0,4.0,4.0,4,0.00062286192203035,3050.218175374815,1,0.0
558,1176,0.11233897951894367,2.0,2.0,2.0,2,0.0006657491820039156,7336.773437499999,1,0.0
559,402,0.11215006011825268,4.0,4.0,4.0,4,0.000726498734011733,1051.730275396571,1,0.0
560,648,0.11146565980012918,4.0,4.0,4.0,4,0.0007102770729185473,1052.3491044186515,1,0.0
561,962,0.11143813967179518,4.0,4.0,4.0,4,0.0006867614165311717,1408.9533536858812,1,0.0
562,181,0.11136917739870919,4.0,4.0,4.0,4,0.0007411173108856457,535.7834816736344,1,0.0
563,95,0.11088968168089064,4.0,4.0,4.0,4,0.0007099251357945919,845.4433846297653,1,0.0
564,233,0.11064567057101139,4.0,4.0,4.0,4,0.0006520286367713085,1658.4224992824666,1,0.0
565,69,0.1105236282135502,3.0,3.0,3.0,3,0.0008424331872347582,1277.8125,1,0.0
566,1249,0.11051296904999461,4.0,4.0,4.0,4,0.0005887876318148139,2595.800958577982,1,0.0
567,1188,0.11031369362275073,4.0,4.0,4.0,3,0.0006112088038383594,2172.634493951802,1,0.0
568,1146,0.1101936513659319,4.0,4.0,4.0,4,0.0006489767402755255,1539.3360199850429,1,0.0
569,364,0.11001942836539431,4.0,4.0,4.0,4,0.0007111533620643772,505.3779616558331,1,0.0
570,337,0.10997100884348644,2.0,2.0,2.0,2,0.000609760808919033,7336.7734375,1,0.0
571,178,0.10958726880813562,2.0,2.0,2.0,2,0.001070769997611285,5.32421875,1,0.0
572,287,0.10957283042782567,2.0,2.0,2.0,2,0.001070769997611285,0.0,1,0.0
573,524,0.10957283042782567,2.0,2.0,2.0,2,0.001070769997611285,0.0,1,0.0
574,622,0.10957283042782567,2.0,2.0,2.0,2,0.001070769997611285,0.0,1,0.0
575,680,0.10957283042782567,2.0,2.0,2.0,2,0.001070769997611285,0.0,1,0.0
576,967,0.10957283042782567,2.0,2.0,2.0,2,0.001070769997611285,0.0,1,0.0
577,1306,0.10952050219772061,4.0,4.0,4.0,4,0.0006538756259489147,1214.7056979098475,1,0.0
578,498,0.1095106772431411,4.0,4.0,4.0,4,0.0006270132266680287,1630.0312451303269,1,0.0
579,10,0.109371961030849,3.0,3.0,3.0,3,0.0008152031321656682,1277.8125,1,0.0
580,1283,0.10933128569842526,4.0,4.0,4.0,4,0.0006766092798829403,790.3750112398387,1,0.0
581,560,0.1092294728303198,4.0,4.0,4.0,4,0.0006743430005533852,788.1761594679124,1,0.0
582,1275,0.10919848601930157,4.0,4.0,4.0,4,0.0006409509350666018,1297.5354730091065,1,0.0
583,476,0.10918567688938052,4.0,4.0,4.0,4,0.0006496589934835424,1157.0003372293907,1,0.0
584,1352,0.10915798669462315,4.0,4.0,4.0,4,0.0006605145547941509,977.4850805727606,1,0.0
585,346,0.10912764263121026,4.0,4.0,4.0,4,0.0006355547613008615,1355.5708910661513,1,0.0
586,1215,0.10910978336078203,4.0,4.0,4.0,4,0.000569682175062928,2376.3403482543326,1,0.0
587,77,0.10910398864849319,3.0,3.0,3.0,3,0.0006042927254088893,4468.375301419803,1,0.0
588,30,0.10907397421026671,4.0,4.0,4.0,4,0.0006337469372614056,1363.975411816398,1,0.0
589,124,0.10905690556973724,2.0,2.0,2.0,2,0.0005881477223807462,7336.773437499999,1,0.0
590,1131,0.1087773080950166,4.0,4.0,4.0,4,0.0006679961567086468,720.4243287074333,1,0.0
591,554,0.10873555450488326,4.0,4.0,4.0,4,0.000663621804487998,773.2503163710365,1,0.0
592,838,0.10869043841223656,3.0,3.0,3.0,3,0.000755350131056486,1959.9710389003358,1,0.0
593,412,0.10839829018819805,4.0,4.0,4.0,4,0.0006952088043342165,156.24869197182048,1,0.0
594,1178,0.10794330828728424,2.0,2.0,2.0,2,0.0005215347741174185,7965.031249999999,1,0.0
595,822,0.1078049199598802,4.0,4.0,4.0,4,0.0006257950113389836,1020.0248509833143,1,0.0
596,901,0.10780451651966773,4.0,4.0,4.0,4,0.0006763736877710607,231.04621342201298,1,0.0
597,660,0.1075461829422093,4.0,4.0,4.0,4,0.0005707486758886048,1783.1222965817667,1,0.0
598,255,0.10731734432170623,4.0,4.0,4.0,4,0.0006060165898242886,1148.69525574896,1,0.0
599,519,0.10721276996173579,4.0,4.0,4.0,4,0.0006361328307773736,640.4372128542938,1,0.0
600,1105,0.10718408949134059,4.0,4.0,4.0,4,0.0005936547839192458,1292.352833086783,1,0.0
601,582,0.10716950645136442,4.0,4.0,4.0,4,0.0006291215841349804,733.8316677122626,1,0.0
602,583,0.10705499943731238,4.0,4.0,4.0,4,0.0006615248239799437,186.2426601222219,1,0.0
603,470,0.10704611813602044,3.0,3.0,3.0,3,0.0006912740344324961,2352.9573406437808,1,0.0
604,1109,0.10680457005205699,4.0,4.0,4.0,4,0.0005956411104818275,1121.4243659947965,1,0.0
605,882,0.10674858708783276,4.0,4.0,4.0,4,0.0005557473695139306,1722.9669853773528,1,0.0
606,836,0.10668815504870355,4.0,4.0,4.0,4,0.0006196826993901486,703.5408850466732,1,0.0
607,1305,0.10663520545437304,3.0,3.0,3.0,3,0.0005790348166528022,3951.9249682893337,1,0.0
608,509,0.10648402970011865,4.0,4.0,4.0,4,0.0005939721035538438,1029.25363715568,1,0.0
609,34,0.1064687706042061,4.0,4.0,4.0,4,0.0005745126891926807,1327.117660233442,1,0.0
610,266,0.10642906167960699,4.0,4.0,4.0,4,0.0005901574904299745,1068.4769988022788,1,0.0
611,29,0.10633287435977058,4.0,4.0,4.0,4,0.0006119814676627431,692.6386520703551,1,0.0
612,438,0.10621883689067241,4.0,4.0,4.0,4,0.0005994287772076755,846.3597729040414,1,0.0
613,452,0.10603979272452976,2.0,2.0,2.0,2,0.0005168110114292689,7336.773437499999,1,0.0
614,409,0.10579095816648851,4.0,4.0,4.0,4,0.0006087000127157342,543.9824628986361,1,0.0
615,961,0.10565282115787226,4.0,4.0,4.0,4,0.0006107401443775377,461.2257212245343,1,0.0
616,492,0.10537759985361304,4.0,4.0,4.0,4,0.0006208155851087476,202.5990712997616,1,0.0
617,163,0.10516971653483075,4.0,4.0,4.0,4,0.0005645876718580041,1002.8770510584063,1,0.0
618,383,0.1047881491710447,4.0,4.0,4.0,4,0.0005773271045050142,663.4869331904164,1,0.0
619,1243,0.10456084331849036,4.0,4.0,4.0,4,0.0005847450516414165,463.9758490014124,1,0.0
620,420,0.10421017950452825,4.0,4.0,4.0,4,0.0005812082822166296,389.82675806322226,1,0.0
621,480,0.10419342138764798,4.0,4.0,4.0,4,0.0005936216012626139,190.04781672065684,1,0.0
622,561,0.10403015073388666,4.0,4.0,4.0,4,0.0005419713655006264,935.3830254559944,1,0.0
623,1237,0.10364325890489631,4.0,4.0,4.0,4,0.0005770417411863668,245.75396679940482,1,0.0
624,786,0.10360392438416513,4.0,4.0,4.0,4,0.0005567152272825823,548.2634341667565,1,0.0
625,97,0.10352675206536721,3.0,3.0,3.0,3,0.0005497477304677068,3262.4327622006417,1,0.0
626,830,0.10326895293682645,3.0,3.0,3.0,3,0.000576146903351168,2755.644133906635,1,0.0
627,1045,0.1032606701685723,4.0,4.0,4.0,4,0.000563438547108885,316.8293348587358,1,0.0
628,59,0.10303906840462693,3.0,3.0,3.0,3,0.0006161649442863553,2046.74797410394,1,0.0
629,352,0.10288391654271864,4.0,4.0,4.0,4,0.0005431581303240732,494.19502949948577,1,0.0
630,186,0.10266164030721375,3.0,3.0,3.0,3,0.000676034501174042,973.8383117587708,1,0.0
631,434,0.10258614576196698,3.0,3.0,3.0,3,0.0006923217192775943,691.9823443184771,1,0.0
632,1209,0.10258091019746046,4.0,4.0,4.0,4,0.0005482438060004891,303.1433709183218,1,0.0
633,481,0.10237486103443932,4.0,4.0,4.0,4,0.0005554019770906605,115.52228019969017,1,0.0
634,551,0.10187055651869727,4.0,4.0,4.0,4,0.0005297641222902949,329.40811589066516,1,0.0
635,620,0.10168921327502828,3.0,3.0,3.0,3,0.000662164697302146,831.5661833532783,1,0.0
636,305,0.10160041170279241,4.0,4.0,4.0,4,0.0005440964346986961,6.262867110944493,1,0.0
637,309,0.10160041170279241,4.0,4.0,4.0,4,0.0005440964346986961,6.262867110944493,1,0.0
638,925,0.10147130896458303,3.0,3.0,3.0,3,0.0006663237123949468,686.3485761309005,1,0.0
639,776,0.10145259234716603,3.0,3.0,3.0,3,0.0006717442480328521,594.9075464995327,1,0.0
640,919,0.10136024599758175,3.0,3.0,3.0,3,0.0006614979756574865,720.6562502241145,1,0.0
641,1197,0.10109705116731342,3.0,3.0,3.0,3,0.0006244573597500842,1201.2909357786311,1,0.0
642,423,0.10089111305144158,3.0,3.0,3.0,3,0.0006313976883872514,1017.1082859017373,1,0.0
643,573,0.10048078983980657,3.0,3.0,3.0,3,0.0006438488974943964,671.6094795195747,1,0.0
644,318,0.10046786023797542,3.0,3.0,3.0,3,0.0006289302692369571,899.5139805395096,1,0.0
645,1359,0.10042980436777743,3.0,3.0,3.0,3,0.0006015672135561824,1312.2375335748095,1,0.0
646,579,0.1000356509456105,3.0,3.0,3.0,2,0.0006354209051825603,638.90625,1,0.0
647,731,0.09996602503756252,3.0,3.0,3.0,3,0.0006321361801757505,664.4602629332983,1,0.0
648,996,0.09980213889104367,3.0,3.0,3.0,3,0.0006287680319985906,656.5564577132936,1,0.0
649,1207,0.0995906710308272,3.0,3.0,3.0,3,0.0006231796025525777,665.734396701389,1,0.0
650,845,0.09958189905526402,3.0,3.0,3.0,3,0.0006142100400042043,802.3898445708556,1,0.0
651,1015,0.09909688487574239,3.0,3.0,3.0,3,0.0005321149978055491,1903.900765413443,1,0.0
652,1060,0.09901306788917866,3.0,3.0,3.0,3,0.0006086160982979873,679.8744004299375,1,0.0
653,320,0.09881626683599952,3.0,3.0,3.0,3,0.0005994962135532491,749.5377056079521,1,0.0
654,227,0.09875648507083434,3.0,3.0,3.0,3,0.0006023304162600452,683.290410348562,1,0.0
655,417,0.09872612144278288,3.0,3.0,3.0,3,0.0006008196752020757,695.6553454785358,1,0.0
656,503,0.09855713404112437,2.0,2.0,2.0,2,0.0007693487438304744,638.90625,1,0.0
657,910,0.0984916450448722,3.0,3.0,3.0,3,0.0005613769518677466,1224.343581058025,1,0.0
658,55,0.09842406567005549,3.0,3.0,3.0,3,0.000590026180913462,752.6072658608023,1,0.0
659,874,0.09842003259344653,3.0,3.0,3.0,3,0.0005944341724883474,682.3725929235677,1,0.0
660,894,0.09827561490258144,3.0,3.0,3.0,3,0.0005821170809330673,821.216445148384,1,0.0
661,689,0.097685110134151,3.0,3.0,3.0,3,0.000578039725854694,667.0559311942653,1,0.0
662,1013,0.09761873771976068,3.0,3.0,3.0,3,0.0005674624833822116,807.5444835089434,1,0.0
663,825,0.09759176771699138,3.0,3.0,3.0,3,0.0006033194491719757,238.3705094250878,1,0.0
664,547,0.09736978773494467,3.0,3.0,3.0,3,0.0005225835316539106,1415.6794548559567,1,0.0
665,278,0.09729040921827053,3.0,3.0,3.0,3,0.0005775218612360324,529.5848299744325,1,0.0
666,1014,0.09726407416484342,3.0,3.0,3.0,3,0.0005425393597011232,1065.4640928639976,1,0.0
667,102,0.09723823456089492,3.0,3.0,3.0,2,0.0005696200857667548,633.58203125,1,0.0
668,951,0.09711267943395932,3.0,3.0,3.0,3,0.0005603547573874524,731.7859502713259,1,0.0
669,818,0.0969672857767089,3.0,3.0,3.0,3,0.0005403678169330522,989.8896062155655,1,0.0
670,1234,0.09691489242547945,3.0,3.0,3.0,3,0.0004697427397849436,2072.044765248796,1,0.0
671,617,0.0968486115705412,3.0,3.0,3.0,3,0.0005589172546165515,656.8291488211056,1,0.0
672,1057,0.09670979364912166,3.0,3.0,3.0,3,0.0005428231658797988,856.6443503192446,1,0.0
673,1150,0.0966993525266658,3.0,3.0,3.0,3,0.0005556344506532911,652.9881180653357,1,0.0
674,1281,0.0964811426024926,3.0,3.0,3.0,3,0.0005481836191072351,688.7260911291004,1,0.0
675,502,0.09639404519863887,2.0,2.0,2.0,2,0.0006772388210964027,1277.8125,1,0.0
676,1272,0.09637322056298614,3.0,3.0,3.0,3,0.0005434303140384059,723.0623453759022,1,0.0
677,464,0.09630193346667128,3.0,3.0,3.0,3,0.0005557648715104897,504.4039665933449,1,0.0
678,920,0.09626303369412312,3.0,3.0,3.0,3,0.000521410979384318,1025.84607950106,1,0.0
679,957,0.09611173175433507,3.0,3.0,3.0,3,0.0005348667137662418,760.195879227148,1,0.0
680,1196,0.09595257600384677,3.0,3.0,3.0,3,0.0005648370096526227,234.08687223470324,1,0.0
681,183,0.09595125966724222,3.0,3.0,3.0,3,0.0005473200538519501,506.79758236704487,1,0.0
682,1252,0.09574637176186554,3.0,3.0,3.0,3,0.0005285137939263947,724.5484560483532,1,0.0
683,768,0.09570343613612031,3.0,3.0,3.0,3,0.0005564625934673732,272.82360142616227,1,0.0
684,148,0.09570173607322,3.0,3.0,3.0,3,0.0005185433369139324,863.5890413860025,1,0.0
685,854,0.09551983853222135,3.0,3.0,3.0,3,0.000552178482141782,271.9365549022487,1,0.0
686,314,0.09547541909851393,3.0,3.0,3.0,3,0.0005273161496196565,643.3119976361351,1,0.0
687,1256,0.09546802325343284,2.0,2.0,2.0,2,0.0006963097112637336,638.90625,1,0.0
688,1351,0.09545844875018211,3.0,3.0,3.0,3,0.0005593661890770602,137.19862842720585,1,0.0
689,324,0.09540455287755102,2.0,2.0,2.0,2,0.0006948090157012671,638.90625,1,0.0
690,1096,0.09538302748093277,3.0,3.0,3.0,3,0.0005468705787347867,304.2694226148088,1,0.0
691,145,0.0952476801049017,3.0,3.0,3.0,3,0.000531133698345874,499.7933480909618,1,0.0
692,697,0.0951281471356459,3.0,3.0,3.0,3,0.0005112362373408218,766.0377209295053,1,0.0
693,415,0.09511330054065653,3.0,3.0,3.0,3,0.0005233582432181597,571.5070100177303,1,0.0
694,643,0.09505641794647438,3.0,3.0,3.0,3,0.0005266994364144167,498.42172522941746,1,0.0
695,290,0.09500683857402462,3.0,3.0,3.0,3,0.000539846605125296,275.09460639506005,1,0.0
696,596,0.09499266546606344,3.0,3.0,3.0,3,0.0005022655760736736,855.9855255492864,1,0.0
697,826,0.09491654842055494,3.0,3.0,3.0,3,0.0005025568405390359,823.3744286059643,1,0.0
698,639,0.09484717114304063,3.0,3.0,3.0,3,0.0005336263623040714,313.22801221707067,1,0.0
699,709,0.09477898238532143,3.0,3.0,3.0,3,0.000532707618774091,302.4119078762813,1,0.0
700,1198,0.09475460449082426,3.0,3.0,3.0,3,0.0005420623989698761,147.5244026529154,1,0.0
701,1130,0.09467957087119061,3.0,3.0,3.0,3,0.0005049956071254721,697.9526372945412,1,0.0
702,50,0.09462999516848632,3.0,3.0,3.0,3,0.00046071540683163473,1370.2696021442155,1,0.0
703,1246,0.09461986817510512,3.0,3.0,3.0,3,0.00048272226311980263,1023.3141950409324,1,0.0
704,374,0.09461289822481125,3.0,3.0,3.0,3,0.0004942066036147473,841.6331230630536,1,0.0
705,1354,0.09436710092821443,3.0,3.0,3.0,3,0.0005260164612966207,254.88466841430497,1,0.0
706,656,0.09434637071154572,3.0,3.0,3.0,3,0.0004939627339942985,747.1532978978623,1,0.0
707,208,0.0943240603664452,2.0,2.0,2.0,2,0.0006692618168046703,638.90625,1,0.0
708,1339,0.09428468688537711,2.0,2.0,2.0,2,0.0006683308689806374,638.90625,1,0.0
709,49,0.09422236433074203,3.0,3.0,3.0,3,0.0005227825709017126,251.94844976324393,1,0.0
710,828,0.09413565581347748,3.0,3.0,3.0,3,0.0005121516556979431,385.7750562106749,1,0.0
711,223,0.09412220509517609,3.0,3.0,3.0,3,0.0004884530277476915,750.4211067168993,1,0.0
712,1080,0.0940842613621932,2.0,2.0,2.0,2,0.0006635920016103364,638.90625,1,0.0
713,1159,0.09404034772953632,3.0,3.0,3.0,3,0.00044050090614824295,1468.1016960664838,1,0.0
714,1203,0.09393781393994394,2.0,2.0,2.0,2,0.0006601293941552726,638.90625,1,0.0
715,115,0.09389391208649087,2.0,2.0,2.0,2,0.0006590913773522251,638.90625,1,0.0
716,719,0.09369849546695287,3.0,3.0,3.0,3,0.00048264447087471396,684.7670517759263,1,0.0
717,1363,0.09364641260790466,3.0,3.0,3.0,3,0.0004964594291310081,450.10185129855796,1,0.0
718,277,0.09356762588191822,3.0,3.0,3.0,3,0.00048304652476638746,630.2378230881797,1,0.0
719,520,0.09350749356010044,3.0,3.0,3.0,3,0.00050064900421483,333.5338042491362,1,0.0
720,447,0.0934935951700503,3.0,3.0,3.0,3,0.0004973519357517625,379.830103946729,1,0.0
721,1240,0.09347816415203332,3.0,3.0,3.0,3,0.0004726053564757248,760.0898588196746,1,0.0
722,1100,0.09345855452012392,3.0,3.0,3.0,3,0.0005154982976048615,83.89631191842848,1,0.0
723,1245,0.09332484187469137,3.0,3.0,3.0,3,0.0005076313100694429,157.28345137694922,1,0.0
724,259,0.09315542464001814,3.0,3.0,3.0,3,0.000501259314190078,194.1883276984071,1,0.0
725,1121,0.09312125389936843,3.0,3.0,3.0,3,0.00045067090305696516,970.5694013242427,1,0.0
726,1211,0.09295769798942197,3.0,3.0,3.0,3,0.0004984546580923888,165.0174056083192,1,0.0
727,955,0.09287604990261773,3.0,3.0,3.0,3,0.00047841962788121095,447.3775445309886,1,0.0
728,771,0.09257964425884185,3.0,3.0,3.0,3,0.00046516355729252093,544.8195509109399,1,0.0
729,154,0.0925116413491594,3.0,3.0,3.0,3,0.0004853646818667814,204.68449929949946,1,0.0
730,517,0.09250464614961208,3.0,3.0,3.0,3,0.0004912649558290892,110.08375138144673,1,0.0
731,468,0.09246776068933983,2.0,2.0,2.0,2,0.0006253714088885951,638.90625,1,0.0
732,1248,0.09241975550981388,3.0,3.0,3.0,3,0.0004749487955661578,333.24833325391995,1,0.0
733,849,0.0923790724478859,3.0,3.0,3.0,3,0.0004937084924144811,25.668244853742905,1,0.0
734,7,0.0920508164054556,3.0,3.0,3.0,3,0.0004746047850319176,202.56557291201418,1,0.0
735,4,0.09200400877076058,2.0,2.0,2.0,2,0.0006144064439482116,638.90625,1,0.0
736,376,0.09196306015379166,3.0,3.0,3.0,3,0.0004707778115185877,229.89089823124004,1,0.0
737,858,0.09178796567203584,2.0,2.0,2.0,2,0.0004220820715914892,3558.7486449834564,1,0.0
738,1258,0.09175129341201549,2.0,2.0,2.0,2,0.0005674654519140405,1277.8125,1,0.0
739,733,0.09169118925622353,2.0,2.0,2.0,2,0.0006070101295133843,638.90625,1,0.0
740,75,0.0916822583246521,2.0,2.0,2.0,2,0.000606798966286576,638.90625,1,0.0
741,1161,0.09163075114501179,3.0,3.0,3.0,3,0.00045946513900276497,283.78395270990364,1,0.0
742,1333,0.0916048027177114,3.0,3.0,3.0,3,0.00046520024949372237,184.77002067562017,1,0.0
743,1019,0.09152505233222169,3.0,3.0,3.0,3,0.0004566436652823279,288.81100580232265,1,0.0
744,1330,0.09150404652230201,3.0,3.0,3.0,3,0.000472335159867668,36.33896950317592,1,0.0
745,63,0.09150352982211724,3.0,3.0,3.0,3,0.0004624579173642902,190.19485115870003,1,0.0
746,1242,0.09146289738496738,3.0,3.0,3.0,3,0.00046681877286888177,107.19913534679402,1,0.0
747,1007,0.09143885434519865,2.0,2.0,2.0,2,0.0006010439149452609,638.90625,1,0.0
748,543,0.09142735174971489,3.0,3.0,3.0,3,0.0004550524373758938,277.6004116935582,1,0.0
749,33,0.09122408069419125,3.0,3.0,3.0,3,0.00046363459840261445,68.79507779577666,1,0.0
750,1023,0.09122157405838624,3.0,3.0,3.0,3,0.00046093459435869293,109.98026526143077,1,0.0
751,1218,0.09121470512646393,3.0,3.0,3.0,2,0.00046435877136943323,54.04352359409975,1,0.0
752,1346,0.09114597151605841,3.0,3.0,3.0,3,0.0004364701733252512,463.65092855366765,1,0.0
753,1362,0.09112091437301018,3.0,3.0,3.0,3,0.00046355465967685364,31.998757194914607,1,0.0
754,739,0.09100840383397651,3.0,3.0,3.0,3,0.00044946372225052126,210.27358711417546,1,0.0
755,14,0.09097114897421582,3.0,3.0,3.0,3,0.00045106682507774204,171.53354248666244,1,0.0
756,1113,0.09094059260009478,3.0,3.0,3.0,3,0.0004507276605766732,165.55538177288392,1,0.0
757,1152,0.09093762430951627,2.0,2.0,2.0,2,0.0005891928162260105,638.90625,1,0.0
758,1325,0.09089642897784166,3.0,3.0,3.0,3,0.00043971573774470325,321.01284411635254,1,0.0
759,1358,0.09078481269522327,2.0,2.0,2.0,2,0.0005855797336142136,638.90625,1,0.0
760,375,0.09074694152437983,3.0,3.0,3.0,3,0.00042071783453066027,562.1817747524344,1,0.0
761,881,0.09068288419138004,3.0,3.0,3.0,3,0.0004286294754124435,415.16963371042976,1,0.0
762,1338,0.09068138518631638,3.0,3.0,3.0,3,0.0004424468406607662,199.11992097625662,1,0.0
763,1323,0.09051203240590125,3.0,3.0,3.0,3,0.0004491616989388419,31.944738062643122,1,0.0
764,778,0.09050684797942482,3.0,3.0,3.0,3,0.0004338288064927258,269.1662117473444,1,0.0
765,484,0.09047318646571278,3.0,3.0,3.0,3,0.00043714227944681796,205.0761340903239,1,0.0
766,667,0.09012392925931575,2.0,2.0,2.0,2,0.000569953784881523,638.90625,1,0.0
767,903,0.09004584042471339,3.0,3.0,3.0,3,0.0004346890600090417,85.75097228912755,1,0.0
768,210,0.0900319844849012,2.0,2.0,2.0,2,0.0005268140575968975,1277.8125,1,0.0
769,1340,0.08997280845896474,2.0,2.0,2.0,2,0.000525414897779527,1277.8125,1,0.0
770,706,0.08983981051584702,2.0,2.0,2.0,2,0.0005632360723800101,638.90625,1,0.0
771,1264,0.08978826763379986,2.0,2.0,2.0,2,0.0005620173908566971,638.90625,1,0.0
772,229,0.08977250061631607,2.0,2.0,2.0,2,0.0005616445949996927,638.90625,1,0.0
773,389,0.08973174307024034,3.0,3.0,3.0,3,0.00042965270964432983,48.47353799194636,1,0.0
774,365,0.08967677306394181,2.0,2.0,2.0,2,0.0005593812097422726,638.90625,1,0.0
775,833,0.08965077679453007,3.0,3.0,3.0,3,0.0004253453595210273,85.79469746499657,1,0.0
776,306,0.08950937844388344,3.0,3.0,3.0,3,0.0004275031694189288,0.0,1,0.0
777,1204,0.08945147882624963,2.0,2.0,2.0,2,0.0005130885635562274,1277.8125,1,0.0
778,887,0.08888267946979779,2.0,2.0,2.0,2,0.0005406056358409339,638.90625,1,0.0
779,977,0.08885082374580025,2.0,2.0,2.0,2,0.0005398524381013887,638.90625,1,0.0
780,230,0.08873738674458946,2.0,2.0,2.0,2,0.0005371703300790023,638.90625,1,0.0
781,538,0.08840019748722541,2.0,2.0,2.0,2,0.0005291978166787393,638.90625,1,0.0
782,1148,0.08834879037204818,2.0,2.0,2.0,2,0.0005283237267494679,633.58203125,1,0.0
783,575,0.08817482407196758,2.0,2.0,2.0,2,0.0005238690805640352,638.90625,1,0.0
784,23,0.08817291719785629,1.0,1.0,1.0,1,0.0007336757153338224,0.0,1,0.0
785,24,0.08817291719785629,1.0,1.0,1.0,1,0.0007336757153338224,0.0,1,0.0
786,45,0.08817291719785629,1.0,1.0,1.0,1,0.0007336757153338224,0.0,1,0.0
787,46,0.08817291719785629,1.0,1.0,1.0,1,0.0007336757153338224,0.0,1,0.0
788,61,0.08817291719785629,1.0,1.0,1.0,1,0.0007336757153338224,0.0,1,0.0
789,62,0.08817291719785629,1.0,1.0,1.0,1,0.0007336757153338224,0.0,1,0.0
790,107,0.08817291719785629,1.0,1.0,1.0,1,0.0007336757153338224,0.0,1,0.0
791,108,0.08817291719785629,1.0,1.0,1.0,1,0.0007336757153338224,0.0,1,0.0
792,175,0.08817291719785629,1.0,1.0,1.0,1,0.0007336757153338224,0.0,1,0.0
793,176,0.08817291719785629,1.0,1.0,1.0,1,0.0007336757153338224,0.0,1,0.0
794,187,0.08817291719785629,1.0,1.0,1.0,1,0.0007336757153338224,0.0,1,0.0
795,188,0.08817291719785629,1.0,1.0,1.0,1,0.0007336757153338224,0.0,1,0.0
796,196,0.08817291719785629,1.0,1.0,1.0,1,0.0007336757153338224,0.0,1,0.0
797,197,0.08817291719785629,1.0,1.0,1.0,1,0.0007336757153338224,0.0,1,0.0
798,200,0.08817291719785629,1.0,1.0,1.0,1,0.0007336757153338224,0.0,1,0.0
799,201,0.08817291719785629,1.0,1.0,1.0,1,0.0007336757153338224,0.0,1,0.0
800,236,0.08817291719785629,1.0,1.0,1.0,1,0.0007336757153338224,0.0,1,0.0
801,237,0.08817291719785629,1.0,1.0,1.0,1,0.0007336757153338224,0.0,1,0.0
802,261,0.08817291719785629,1.0,1.0,1.0,1,0.0007336757153338224,0.0,1,0.0
803,262,0.08817291719785629,1.0,1.0,1.0,1,0.0007336757153338224,0.0,1,0.0
804,274,0.08817291719785629,1.0,1.0,1.0,1,0.0007336757153338224,0.0,1,0.0
805,275,0.08817291719785629,1.0,1.0,1.0,1,0.0007336757153338224,0.0,1,0.0
806,321,0.08817291719785629,1.0,1.0,1.0,1,0.0007336757153338224,0.0,1,0.0
807,322,0.08817291719785629,1.0,1.0,1.0,1,0.0007336757153338224,0.0,1,0.0
808,329,0.08817291719785629,1.0,1.0,1.0,1,0.0007336757153338224,0.0,1,0.0
809,330,0.08817291719785629,1.0,1.0,1.0,1,0.0007336757153338224,0.0,1,0.0
810,360,0.08817291719785629,1.0,1.0,1.0,1,0.0007336757153338224,0.0,1,0.0
811,361,0.08817291719785629,1.0,1.0,1.0,1,0.0007336757153338224,0.0,1,0.0
812,426,0.08817291719785629,1.0,1.0,1.0,1,0.0007336757153338224,0.0,1,0.0
813,427,0.08817291719785629,1.0,1.0,1.0,1,0.0007336757153338224,0.0,1,0.0
814,471,0.08817291719785629,1.0,1.0,1.0,1,0.0007336757153338224,0.0,1,0.0
815,472,0.08817291719785629,1.0,1.0,1.0,1,0.0007336757153338224,0.0,1,0.0
816,525,0.08817291719785629,1.0,1.0,1.0,1,0.0007336757153338224,0.0,1,0.0
817,526,0.08817291719785629,1.0,1.0,1.0,1,0.0007336757153338224,0.0,1,0.0
818,549,0.08817291719785629,1.0,1.0,1.0,1,0.0007336757153338224,0.0,1,0.0
819,550,0.08817291719785629,1.0,1.0,1.0,1,0.0007336757153338224,0.0,1,0.0
820,576,0.08817291719785629,1.0,1.0,1.0,1,0.0007336757153338224,0.0,1,0.0
821,577,0.08817291719785629,1.0,1.0,1.0,1,0.0007336757153338224,0.0,1,0.0
822,632,0.08817291719785629,1.0,1.0,1.0,1,0.0007336757153338224,0.0,1,0.0
823,633,0.08817291719785629,1.0,1.0,1.0,1,0.0007336757153338224,0.0,1,0.0
824,645,0.08817291719785629,1.0,1.0,1.0,1,0.0007336757153338224,0.0,1,0.0
825,646,0.08817291719785629,1.0,1.0,1.0,1,0.0007336757153338224,0.0,1,0.0
826,663,0.08817291719785629,1.0,1.0,1.0,1,0.0007336757153338224,0.0,1,0.0
827,664,0.08817291719785629,1.0,1.0,1.0,1,0.0007336757153338224,0.0,1,0.0
828,692,0.08817291719785629,1.0,1.0,1.0,1,0.0007336757153338224,0.0,1,0.0
829,693,0.08817291719785629,1.0,1.0,1.0,1,0.0007336757153338224,0.0,1,0.0
830,720,0.08817291719785629,1.0,1.0,1.0,1,0.0007336757153338224,0.0,1,0.0
831,721,0.08817291719785629,1.0,1.0,1.0,1,0.0007336757153338224,0.0,1,0.0
832,763,0.08817291719785629,1.0,1.0,1.0,1,0.0007336757153338224,0.0,1,0.0
833,764,0.08817291719785629,1.0,1.0,1.0,1,0.0007336757153338224,0.0,1,0.0
834,783,0.08817291719785629,1.0,1.0,1.0,1,0.0007336757153338224,0.0,1,0.0
835,784,0.08817291719785629,1.0,1.0,1.0,1,0.0007336757153338224,0.0,1,0.0
836,872,0.08817291719785629,1.0,1.0,1.0,1,0.0007336757153338224,0.0,1,0.0
837,873,0.08817291719785629,1.0,1.0,1.0,1,0.0007336757153338224,0.0,1,0.0
838,929,0.08817291719785629,1.0,1.0,1.0,1,0.0007336757153338224,0.0,1,0.0
839,930,0.08817291719785629,1.0,1.0,1.0,1,0.0007336757153338224,0.0,1,0.0
840,932,0.08817291719785629,1.0,1.0,1.0,1,0.0007336757153338224,0.0,1,0.0
841,933,0.08817291719785629,1.0,1.0,1.0,1,0.0007336757153338224,0.0,1,0.0
842,943,0.08817291719785629,1.0,1.0,1.0,1,0.0007336757153338224,0.0,1,0.0
843,944,0.08817291719785629,1.0,1.0,1.0,1,0.0007336757153338224,0.0,1,0.0
844,953,0.08817291719785629,1.0,1.0,1.0,1,0.0007336757153338224,0.0,1,0.0
845,954,0.08817291719785629,1.0,1.0,1.0,1,0.0007336757153338224,0.0,1,0.0
846,959,0.08817291719785629,1.0,1.0,1.0,1,0.0007336757153338224,0.0,1,0.0
847,960,0.08817291719785629,1.0,1.0,1.0,1,0.0007336757153338224,0.0,1,0.0
848,1064,0.08817291719785629,1.0,1.0,1.0,1,0.0007336757153338224,0.0,1,0.0
849,1065,0.08817291719785629,1.0,1.0,1.0,1,0.0007336757153338224,0.0,1,0.0
850,1068,0.08817291719785629,1.0,1.0,1.0,1,0.0007336757153338224,0.0,1,0.0
851,1069,0.08817291719785629,1.0,1.0,1.0,1,0.0007336757153338224,0.0,1,0.0
852,1092,0.08817291719785629,1.0,1.0,1.0,1,0.0007336757153338224,0.0,1,0.0
853,1093,0.08817291719785629,1.0,1.0,1.0,1,0.0007336757153338224,0.0,1,0.0
854,1098,0.08817291719785629,1.0,1.0,1.0,1,0.0007336757153338224,0.0,1,0.0
855,1099,0.08817291719785629,1.0,1.0,1.0,1,0.0007336757153338224,0.0,1,0.0
856,1164,0.08817291719785629,1.0,1.0,1.0,1,0.0007336757153338224,0.0,1,0.0
857,1165,0.08817291719785629,1.0,1.0,1.0,1,0.0007336757153338224,0.0,1,0.0
858,1259,0.08817291719785629,1.0,1.0,1.0,1,0.0007336757153338224,0.0,1,0.0
859,1260,0.08817291719785629,1.0,1.0,1.0,1,0.0007336757153338224,0.0,1,0.0
860,1287,0.08817291719785629,1.0,1.0,1.0,1,0.0007336757153338224,0.0,1,0.0
861,1288,0.08817291719785629,1.0,1.0,1.0,1,0.0007336757153338224,0.0,1,0.0
862,1302,0.08817291719785629,1.0,1.0,1.0,1,0.0007336757153338224,0.0,1,0.0
863,1303,0.08817291719785629,1.0,1.0,1.0,1,0.0007336757153338224,0.0,1,0.0
864,1342,0.08817291719785629,1.0,1.0,1.0,1,0.0007336757153338224,0.0,1,0.0
865,1343,0.08817291719785629,1.0,1.0,1.0,1,0.0007336757153338224,0.0,1,0.0
866,1355,0.08817291719785629,1.0,1.0,1.0,1,0.0007336757153338224,0.0,1,0.0
867,1356,0.08817291719785629,1.0,1.0,1.0,1,0.0007336757153338224,0.0,1,0.0
868,331,0.08810403266748737,2.0,2.0,2.0,2,0.0005306075605293985,507.7076189838649,1,0.0
869,381,0.08804410309484832,2.0,2.0,2.0,2,0.0005207783096719671,638.90625,1,0.0
870,130,0.08791186553209904,2.0,2.0,2.0,2,0.0005176516805815907,638.90625,1,0.0
871,403,0.08791147228184061,2.0,2.0,2.0,2,0.0005176423825601192,638.90625,1,0.0
872,132,0.0878981103463166,2.0,2.0,2.0,2,0.0005173264525365728,638.90625,1,0.0
873,522,0.0877267493817584,2.0,2.0,2.0,2,0.0005132747885040285,638.90625,1,0.0
874,688,0.08739524354316248,2.0,2.0,2.0,2,0.0005054366540357706,638.90625,1,0.0
875,317,0.08738645849278154,2.0,2.0,2.0,2,0.000537561944782394,134.6376205407184,1,0.0
876,1155,0.08722101741665733,2.0,2.0,2.0,2,0.0005013172460240896,638.90625,1,0.0
877,199,0.0872191558453801,2.0,2.0,2.0,2,0.0005012732309742946,638.90625,1,0.0
878,1172,0.08707646737784143,2.0,2.0,2.0,2,0.0004978995003625662,638.90625,1,0.0
879,837,0.08695868741298751,2.0,2.0,2.0,2,0.00044461166365316923,1426.5565389905237,1,0.0
880,803,0.08693754135571316,2.0,2.0,2.0,2,0.0005080550064039863,429.2904022652155,1,0.0
881,431,0.08692343888457503,2.0,2.0,2.0,2,0.0004942812898575048,638.90625,1,0.0
882,301,0.08690037458716983,2.0,2.0,2.0,2,0.00043626263570895865,1535.265654894987,1,0.0
883,316,0.08687385725766758,2.0,2.0,2.0,2,0.0005167120934493266,270.7898437732151,1,0.0
884,1120,0.08686916843271865,2.0,2.0,2.0,2,0.0004929981175878846,638.90625,1,0.0
885,557,0.08680221876327497,2.0,2.0,2.0,2,0.0004914151574990742,638.90625,1,0.0
886,488,0.0867310913050337,2.0,2.0,2.0,2,0.0004897334176406099,638.90625,1,0.0
887,1270,0.08671414953056156,2.0,2.0,2.0,2,0.0004893328457924457,638.90625,1,0.0
888,106,0.0866559637644243,2.0,2.0,2.0,2,0.00048795709970889513,638.90625,1,0.0
889,701,0.08633429214202816,2.0,2.0,2.0,2,0.0004891951712139091,500.97928718416983,1,0.0
890,506,0.08623966472012927,2.0,2.0,2.0,2,0.00039764065058471077,1893.9780385469703,1,0.0
891,844,0.08613474570712881,2.0,2.0,2.0,2,0.00047563340357832445,638.90625,1,0.0
892,143,0.08600706975669435,2.0,2.0,2.0,2,0.000489074521357087,382.19620325425865,1,0.0
893,774,0.0858378852811051,2.0,2.0,2.0,2,0.00047249185026622094,578.4335761167448,1,0.0
894,875,0.08521360636804134,2.0,2.0,2.0,2,0.0004738651199813048,326.81022718581715,1,0.0
895,794,0.08465618508883206,2.0,2.0,2.0,2,0.0004783336512993822,51.56694089330807,1,0.0
896,1139,0.08455147858947895,2.0,2.0,2.0,2,0.00046169081738002457,272.51916749699944,1,0.0
897,300,0.08448833437531098,2.0,2.0,2.0,2,0.0004505709683273803,422.6606774376254,1,0.0
898,735,0.0843177876371884,2.0,2.0,2.0,2,0.00045797874702949544,244.2383640639385,1,0.0
899,578,0.08416909182587218,2.0,2.0,2.0,1,0.00047012320357006795,0.0,1,0.0
900,600,0.08409049563573684,2.0,2.0,2.0,2,0.00045834104602412583,154.77294965988494,1,0.0
901,631,0.08401170289076268,2.0,2.0,2.0,2,0.00045071859000737956,244.59831658598623,1,0.0
902,384,0.08396638800161942,2.0,2.0,2.0,2,0.00046315843422770585,33.87524576118326,1,0.0
903,722,0.08388204720291108,2.0,2.0,2.0,2,0.0004242449164224951,609.6731299869308,1,0.0
904,859,0.08379858374860183,2.0,2.0,2.0,2,0.00045965650328731446,26.613109606216224,1,0.0
905,956,0.08370615530484955,2.0,2.0,2.0,2,0.0004538415329606464,83.22053085675559,1,0.0
906,1141,0.08369481474417365,2.0,2.0,2.0,2,0.00036394744643394655,1481.0354042649587,1,0.0
907,795,0.08359579002197774,2.0,2.0,2.0,2,0.0004214173470950437,548.2135270022561,1,0.0
908,401,0.0835717880396726,2.0,2.0,2.0,2,0.00044475412794379895,175.4000238635875,1,0.0
909,958,0.08355809649467238,2.0,2.0,2.0,2,0.00045234025120054053,52.03730137554183,1,0.0
910,796,0.08349778142112227,2.0,2.0,2.0,2,0.00044512922702148044,142.25966389105176,1,0.0
911,396,0.08336965590162418,2.0,2.0,2.0,2,0.0004428703655459527,130.2422120598007,1,0.0
912,590,0.08336626363338691,2.0,2.0,2.0,2,0.00043393261224391794,268.3853515579314,1,0.0
913,1114,0.08326465033330266,2.0,2.0,2.0,2,0.0004477093098021808,16.052292000534187,1,0.0
914,72,0.08326165231558089,2.0,2.0,2.0,2,0.0004235442046506429,391.82804660692574,1,0.0
915,877,0.08310856736884746,2.0,2.0,2.0,2,0.0004384842470135386,102.37094536984428,1,0.0
916,670,0.08305414770318859,2.0,2.0,2.0,2,0.0004304318179040651,207.88989813467327,1,0.0
917,497,0.08293086846907097,2.0,2.0,2.0,2,0.00043079712653662386,156.73272861962232,1,0.0
918,493,0.08288445081614518,2.0,2.0,2.0,2,0.0004121955987605812,429.7272102483863,1,0.0
919,156,0.08288077002282915,2.0,2.0,2.0,2,0.00043778967976525364,29.20216968578297,1,0.0
920,1032,0.0828274029145509,2.0,2.0,2.0,2,0.000429308651016663,141.79373869339395,1,0.0
921,436,0.08277416516974495,2.0,2.0,2.0,2,0.00042652548823708984,165.56854935945955,1,0.0
922,179,0.08276359821328348,2.0,2.0,2.0,2,0.00043565195617354107,19.334670475827142,1,0.0
923,824,0.08268596332283362,2.0,2.0,2.0,2,0.0004233829727180123,182.05468716016637,1,0.0
924,40,0.08264832170043675,2.0,2.0,2.0,2,0.00043205748185683505,32.88569399350649,1,0.0
925,93,0.08264107721615314,2.0,2.0,2.0,2,0.000433067354526892,14.464186703053889,1,0.0
926,713,0.08257458285840802,2.0,2.0,2.0,2,0.00042662281069570293,90.45380922788146,1,0.0
927,691,0.0825722713864861,2.0,2.0,2.0,2,0.00043158528313377257,12.206249403170357,1,0.0
928,158,0.08255598067172512,2.0,2.0,2.0,2,0.00041312782974806843,294.063179268648,1,0.0
929,552,0.08254254178588097,2.0,2.0,2.0,2,0.00041438560180218623,269.4911956181215,1,0.0
930,1133,0.08253749048427117,2.0,2.0,2.0,2,0.0004303290696398203,18.972658298094874,1,0.0
931,221,0.08253227122829185,2.0,2.0,2.0,2,0.00042753666901402404,60.59858058608059,1,0.0
932,1134,0.08243232647261495,2.0,2.0,2.0,2,0.00040101539988970046,437.37174063936453,1,0.0
933,712,0.08242885827527452,2.0,2.0,2.0,2,0.00042439854045654983,71.40713399461912,1,0.0
934,923,0.0823285237933162,2.0,2.0,2.0,2,0.0004215564615238001,78.73366946510903,1,0.0
935,1163,0.08229099000792613,2.0,2.0,2.0,2,0.0004125755047099728,204.96077451702845,1,0.0
936,647,0.08227697385512459,2.0,2.0,2.0,2,0.0004030996728072887,347.57823324498963,1,0.0
937,180,0.08225417709479727,2.0,2.0,2.0,2,0.00039556040073044724,456.75503084761584,1,0.0
938,710,0.082253146794143,2.0,2.0,2.0,2,0.0003849599268717051,621.701105257883,1,0.0
939,1329,0.08220754971606767,2.0,2.0,2.0,2,0.0004236956714788104,0.7606026785714285,1,0.0
940,677,0.08219965230195117,2.0,2.0,2.0,2,0.0003672193844592195,878.6579601115423,1,0.0
941,211,0.08219885606600695,2.0,2.0,2.0,2,0.00040256264549979925,327.14747052742786,1,0.0
942,1222,0.08219093270668013,2.0,2.0,2.0,2,0.0004214254471864306,30.039639332022144,1,0.0
943,1027,0.08216471470938538,2.0,2.0,2.0,2,0.00041536664965765576,114.86521774666306,1,0.0
944,42,0.08212461798172789,2.0,2.0,2.0,2,0.00040936864318951913,193.62484770163707,1,0.0
945,1335,0.08211945373131191,2.0,2.0,2.0,2,0.0003871176753199987,538.7487262765592,1,0.0
946,1128,0.08210503578536041,2.0,2.0,2.0,2,0.0003995510795029434,339.5194839491279,1,0.0
947,1267,0.08207542692951801,2.0,2.0,2.0,2,0.00037934854530863755,643.6817353216857,1,0.0
948,219,0.08200735407774709,2.0,2.0,2.0,2,0.00041470488913355964,67.15864571626291,1,0.0
949,1028,0.0819457489811907,2.0,2.0,2.0,2,0.0004035012307789763,219.17481018840738,1,0.0
950,421,0.08193246394695608,2.0,2.0,2.0,2,0.0004132324537704443,62.50681011611059,1,0.0
951,399,0.08190756979173569,2.0,2.0,2.0,2,0.0004166517055066609,0.0,1,0.0
952,448,0.0818946067857953,2.0,2.0,2.0,2,0.0003653885244827418,794.7252984067661,1,0.0
953,499,0.08186782369036805,2.0,2.0,2.0,2,0.00039901559953922324,260.3978360571508,1,0.0
954,276,0.08182509997744877,2.0,2.0,2.0,2,0.0004105457333343572,64.8182039665063,1,0.0
955,1328,0.08178743647646494,2.0,2.0,2.0,2,0.0003946059133314008,299.52857056473493,1,0.0
956,906,0.08177750466467448,2.0,2.0,2.0,2,0.0003682665643800661,706.6571708170001,1,0.0
957,1221,0.0817552926064257,2.0,2.0,2.0,2,0.0003943402774390821,291.8182542703089,1,0.0
958,992,0.08174767711954749,2.0,2.0,2.0,2,0.00040953051316417187,52.10164185896696,1,0.0
959,195,0.0817423970918475,2.0,2.0,2.0,2,0.0003850477204160656,431.9905809432705,1,0.0
960,475,0.08172907381904906,2.0,2.0,2.0,2,0.0004058598969236019,102.48887112453518,1,0.0
961,128,0.08161671509142729,2.0,2.0,2.0,2,0.00032873577738155456,1263.8912091946781,1,0.0
962,1345,0.0816015829072512,2.0,2.0,2.0,2,0.00040012495750415807,144.9186773106372,1,0.0
963,866,0.0815880346547349,2.0,2.0,2.0,2,0.00036179042225483436,737.7917693748091,1,0.0
964,652,0.08156834339133368,2.0,2.0,2.0,2,0.0004074326683294531,18.6896980406746,1,0.0
965,165,0.08149798553904328,2.0,2.0,2.0,2,0.0003738358476793605,516.7241411906305,1,0.0
966,8,0.08140891098545794,2.0,2.0,2.0,2,0.0003645998864509241,627.9224255310683,1,0.0
967,508,0.08140084208239574,2.0,2.0,2.0,2,0.0004030312952853271,25.567058833164687,1,0.0
968,814,0.0813865162774689,2.0,2.0,2.0,2,0.0003928505005732348,179.06499921310967,1,0.0
969,651,0.0813853825345813,2.0,2.0,2.0,2,0.00038841748042568264,247.7847318480131,1,0.0
970,1185,0.08138137700650103,2.0,2.0,2.0,2,0.00034400010177437486,939.0453536937772,1,0.0
971,950,0.08131806599054547,2.0,2.0,2.0,2,0.0003652614021430197,584.1058564248829,1,0.0
972,772,0.08114184585729424,2.0,2.0,2.0,2,0.00038466862596106966,216.44696086448067,1,0.0
973,991,0.081135283259866,2.0,2.0,2.0,2,0.0003856497826885362,198.72475905203373,1,0.0
974,1006,0.08110865012723315,2.0,2.0,2.0,2,0.0003607215123358025,577.6873543264439,1,0.0
975,1268,0.0810486798157504,2.0,2.0,2.0,2,0.00038672116662265906,150.07993695518766,1,0.0
976,177,0.08104438915430018,1.0,1.0,1.0,1,0.000565128574195091,0.0,1,0.0
977,288,0.08104438915430018,1.0,1.0,1.0,1,0.000565128574195091,0.0,1,0.0
978,289,0.08104438915430018,1.0,1.0,1.0,1,0.000565128574195091,0.0,1,0.0
979,523,0.08104438915430018,1.0,1.0,1.0,1,0.000565128574195091,0.0,1,0.0
980,527,0.08104438915430018,1.0,1.0,1.0,1,0.000565128574195091,0.0,1,0.0
981,623,0.08104438915430018,1.0,1.0,1.0,1,0.000565128574195091,0.0,1,0.0
982,624,0.08104438915430018,1.0,1.0,1.0,1,0.000565128574195091,0.0,1,0.0
983,681,0.08104438915430018,1.0,1.0,1.0,1,0.000565128574195091,0.0,1,0.0
984,682,0.08104438915430018,1.0,1.0,1.0,1,0.000565128574195091,0.0,1,0.0
985,968,0.08104438915430018,1.0,1.0,1.0,1,0.000565128574195091,0.0,1,0.0
986,969,0.08104438915430018,1.0,1.0,1.0,1,0.000565128574195091,0.0,1,0.0
987,1227,0.08104438915430018,1.0,1.0,1.0,1,0.000565128574195091,0.0,1,0.0
988,249,0.08099313498426414,2.0,2.0,2.0,2,0.00038490461286186953,157.92867230654284,1,0.0
989,773,0.0809665258935215,2.0,2.0,2.0,2,0.0003821687644347954,190.78500174238883,1,0.0
990,1251,0.08095856417981838,2.0,2.0,2.0,2,0.000387718307850983,101.29787439737424,1,0.0
991,96,0.0808765955419759,2.0,2.0,2.0,2,0.00038861028370716665,57.16022381789078,1,0.0
992,985,0.08084222089409507,2.0,2.0,2.0,2,0.00038890684892243474,39.859155839819906,1,0.0
993,212,0.08083625940491032,2.0,2.0,2.0,2,0.00038460977388709997,104.67842200485734,1,0.0
994,642,0.08080647682550675,2.0,2.0,2.0,2,0.000376389806389664,221.89535766048684,1,0.0
995,1000,0.08077912168392637,2.0,2.0,2.0,2,0.0003669011631427401,359.7938102398897,1,0.0
996,43,0.08076433668551597,2.0,2.0,2.0,2,0.00037973590689370436,154.16988541538706,1,0.0
997,44,0.08069955275115766,2.0,2.0,2.0,2,0.0003875326848392787,8.681220121276167,1,0.0
998,518,0.08068050884254135,2.0,2.0,2.0,2,0.00038708013503428225,8.71670172275641,1,0.0
999,1183,0.08066961877007986,2.0,2.0,2.0,2,0.00035264351017549964,541.7778271922853,1,0.0
1000,662,0.080659382448388,2.0,2.0,2.0,1,0.0003871395247252476,0.0,1,0.0
1001,1311,0.08063459183970435,2.0,2.0,2.0,2,0.00034751556103999474,608.8374708364253,1,0.0
1002,897,0.080401404423847,2.0,2.0,2.0,2,0.00037782038187134033,50.21166579059961,1,0.0
1003,413,0.08038636629166071,2.0,2.0,2.0,2,0.0003623701034323482,285.6303035982126,1,0.0
1004,896,0.08036270696303369,2.0,2.0,2.0,2,0.0003710750178161234,141.14314208119376,1,0.0
1005,533,0.08036259885991975,2.0,2.0,2.0,2,0.00037773938887136565,37.165111238816,1,0.0
1006,861,0.08034092362089977,2.0,2.0,2.0,2,0.00037771626589353327,29.532895923520925,1,0.0
1007,792,0.08032684568405878,2.0,2.0,2.0,2,0.00036313970201926277,251.6790743766012,1,0.0
1008,535,0.08031305931456303,2.0,2.0,2.0,2,0.0003709826327607931,124.27619086828311,1,0.0
1009,994,0.08029782978420438,2.0,2.0,2.0,2,0.0003734415417909433,80.3108518976683,1,0.0
1010,860,0.08029746000034665,2.0,2.0,2.0,2,0.0003702547578227041,129.87587946817408,1,0.0
1011,1230,0.08025792848153933,2.0,2.0,2.0,2,0.00037399555646284386,56.9565983924552,1,0.0
1012,545,0.08024224792718054,2.0,2.0,2.0,2,0.00037334358986743224,61.342455557908366,1,0.0
1013,204,0.08022844992347007,2.0,2.0,2.0,1,0.00037695054256023163,0.0,1,0.0
1014,1231,0.08022542304942694,2.0,2.0,2.0,2,0.0003734987295940201,52.718630975374765,1,0.0
1015,546,0.08022524975161363,2.0,2.0,2.0,2,0.0003734947828110737,52.716281018110784,1,0.0
1016,414,0.08015820825659471,2.0,2.0,2.0,2,0.0003660817377763492,143.6089814194281,1,0.0
1017,1261,0.08012790834760479,2.0,2.0,2.0,2,0.0003745733343800667,0.0,1,0.0
1018,341,0.08007617765360092,2.0,2.0,2.0,2,0.0003649165500286954,131.53220090076607,1,0.0
1019,827,0.08004713234453739,2.0,2.0,2.0,2,0.0003705617819048146,32.77803501678681,1,0.0
1020,939,0.08001759051604926,2.0,2.0,2.0,2,0.0003693322717026241,41.059909212864156,1,0.0
1021,976,0.07997177526462157,2.0,2.0,2.0,2,0.00036829603564062294,40.326562354486725,1,0.0
1022,1313,0.0799356661311832,2.0,2.0,2.0,2,0.0003495052292492656,320.0743650313794,1,0.0
1023,685,0.07993454020671256,2.0,2.0,2.0,2,0.00035332102007678103,260.14773713858904,1,0.0
1024,738,0.0798875831873399,2.0,2.0,2.0,2,0.00036239822335888835,101.26319243821555,1,0.0
1025,203,0.07984471286425787,2.0,2.0,2.0,2,0.00035898308969809406,138.71731547095004,1,0.0
1026,850,0.07975874313783289,2.0,2.0,2.0,2,0.00035660991959717486,144.0277733034896,1,0.0
1027,1030,0.07967521166242728,2.0,2.0,2.0,2,0.000363869759725742,0.0,1,0.0
1028,510,0.07964205523602717,2.0,2.0,2.0,2,0.00036167889602158217,21.942335702020653,1,0.0
1029,194,0.07962383228847379,2.0,2.0,2.0,2,0.00033732218279707515,395.0921656279988,1,0.0
1030,1162,0.07961478888492822,2.0,2.0,2.0,2,0.0003570918655731787,83.42750894127684,1,0.0
1031,5,0.07960768710281811,2.0,2.0,2.0,2,0.000359969390625498,35.930538843209746,1,0.0
1032,1137,0.07958181706716999,2.0,2.0,2.0,2,0.00035508258593802754,102.605917445185,1,0.0
1033,655,0.07953667197343572,2.0,2.0,2.0,2,0.0003467688503181383,215.62027229684693,1,0.0
1034,1078,0.0795301890745532,2.0,2.0,2.0,2,0.0003574866854862298,46.0732930209981,1,0.0
1035,762,0.07949082330869965,2.0,2.0,2.0,2,0.00034640242855528907,204.42811636146214,1,0.0
1036,782,0.07948038158271727,2.0,2.0,2.0,2,0.00035304142444199724,97.03526839354083,1,0.0
1037,918,0.0794787772233514,2.0,2.0,2.0,2,0.00035701049160161125,34.541703134790104,1,0.0
1038,1034,0.07938490018260788,2.0,2.0,2.0,2,0.00034766317328737117,145.70578412232283,1,0.0
1039,155,0.07934844683603702,2.0,2.0,2.0,2,0.0003535986571461635,39.693072902298546,1,0.0
1040,606,0.07932157871198947,2.0,2.0,2.0,2,0.00034749087939966354,125.04281425704222,1,0.0
1041,965,0.0792750207379189,2.0,2.0,2.0,2,0.00034407734678006195,161.1121291368936,1,0.0
1042,761,0.07926931311359696,2.0,2.0,2.0,2,0.0003447086269541469,149.1619107007376,1,0.0
1043,839,0.07925668615918072,2.0,2.0,2.0,2,0.00034843521168011085,86.3854923116886,1,0.0
1044,260,0.07925484964818078,2.0,2.0,2.0,2,0.00034991518911855075,62.62640103861081,1,0.0
1045,625,0.07925221881091274,2.0,2.0,2.0,2,0.00034956638002696914,67.09632766645234,1,0.0
1046,335,0.07922351850830324,2.0,2.0,2.0,2,0.0003457904291680206,115.40305000726912,1,0.0
1047,354,0.07918227634724527,2.0,2.0,2.0,2,0.0003516716426139472,8.470848092241704,1,0.0
1048,214,0.07916414601003473,2.0,2.0,2.0,2,0.0003453725119744683,100.02704628157801,1,0.0
1049,358,0.07914696360000806,2.0,2.0,2.0,2,0.000350336334039003,16.274711139205216,1,0.0
1050,440,0.07909018790116172,2.0,2.0,2.0,2,0.00033663251758248253,209.06444258177044,1,0.0
1051,280,0.07906736191604341,2.0,2.0,2.0,2,0.00033428623952524837,237.2400328263939,1,0.0
1052,172,0.07903797735058302,2.0,2.0,2.0,2,0.0003454037004889948,53.015357228720916,1,0.0
1053,730,0.07902460314155134,2.0,2.0,2.0,2,0.0003482250255766469,4.081901041666667,1,0.0
1054,1024,0.07901000844164775,2.0,2.0,2.0,2,0.0003451333880217703,46.91751323763042,1,0.0
1055,1332,0.07900127631313535,2.0,2.0,2.0,2,0.00034641504452963056,23.708663650802322,1,0.0
1056,418,0.07898911725273317,2.0,2.0,2.0,2,0.00034568528016245333,30.606429289622955,1,0.0
1057,1107,0.0789295536380758,2.0,2.0,2.0,2,0.00032844558025248274,277.5140799945824,1,0.0
1058,171,0.07877723378729205,2.0,2.0,2.0,2,0.0003328464011785286,152.70981525331163,1,0.0
1059,842,0.07865250101309146,2.0,2.0,2.0,2,0.00033887855965777865,12.635914879206371,1,0.0
1060,215,0.07861213597587507,2.0,2.0,2.0,2,0.0003355522280317672,49.628908515058306,1,0.0
1061,1062,0.0785838589439182,2.0,2.0,2.0,2,0.0003316236085868922,100.47274768784268,1,0.0
1062,649,0.07857850032093924,2.0,2.0,2.0,2,0.00033616944023489654,27.59950652439842,1,0.0
1063,1082,0.07854285904989021,2.0,2.0,2.0,2,0.00033590456967485095,18.587571422668344,1,0.0
1064,1337,0.07852674307400408,2.0,2.0,2.0,2,0.0003355522438193664,18.139639318122654,1,0.0
1065,474,0.0784898088595997,2.0,2.0,2.0,2,0.0003328653011572245,46.425793218706836,1,0.0
1066,817,0.07847390093553588,2.0,2.0,2.0,2,0.00032921847625978973,97.43590280825389,1,0.0
1067,1054,0.07846505308597738,2.0,2.0,2.0,2,0.0003338744157861627,21.558740406551355,1,0.0
1068,751,0.07846172610423613,2.0,2.0,2.0,2,0.00033053182021428257,72.46334038557085,1,0.0
1069,170,0.07832362457658268,2.0,2.0,2.0,2,0.0003319127921824829,0.0,1,0.0
1070,1112,0.07829894452225686,2.0,2.0,2.0,2,0.00032708681781720527,66.16547414174367,1,0.0
1071,513,0.07825222193756627,2.0,2.0,2.0,2,0.00033022454594112087,0.0,1,0.0
1072,1307,0.07823892973055657,2.0,2.0,2.0,2,0.0003262064853801499,57.76449406797168,1,0.0
1073,1181,0.07810546984958,2.0,2.0,2.0,2,0.00032014765219909704,103.04469361298361,1,0.0
1074,913,0.07805802487799912,2.0,2.0,2.0,2,0.0003245092689137943,17.524952677968656,1,0.0
1075,807,0.07776268342194173,2.0,2.0,2.0,2,0.00030756792512899817,172.83525579916375,1,0.0
1076,1036,0.07774512495192926,2.0,2.0,2.0,2,0.00031823472887272224,0.0,1,0.0
1077,1020,0.07766112987175552,2.0,2.0,2.0,2,0.00031624874655680817,0.0,1,0.0
1078,832,0.07765412308890161,2.0,2.0,2.0,2,0.0003143075730512791,27.690944133507433,1,0.0
1079,20,0.07759909185393572,2.0,2.0,2.0,2,0.00031387761160620134,14.103644395280611,1,0.0
1080,1326,0.07754485815910178,2.0,2.0,2.0,2,0.00031295226384273924,8.536533550446693,1,0.0
1081,1273,0.07562636214666058,1.0,1.0,1.0,1,0.0004370245733171571,0.0,1,0.0
1082,1257,0.07431349006653705,1.0,1.0,1.0,1,0.00040598298458612757,0.0,1,0.0
1083,323,0.07428651516076545,1.0,1.0,1.0,1,0.0004053451890661398,0.0,1,0.0
1084,1125,0.07397251259388893,1.0,1.0,1.0,1,0.00039792090250460996,0.0,1,0.0
1085,1126,0.07397251259388893,1.0,1.0,1.0,1,0.00039792090250460996,0.0,1,0.0
1086,209,0.07382730583959853,1.0,1.0,1.0,1,0.0003944876294417642,0.0,1,0.0
1087,1341,0.07381057211015536,1.0,1.0,1.0,1,0.000394091976616805,0.0,1,0.0
1088,1177,0.07376416644671237,1.0,1.0,1.0,1,0.00039299475965165123,0.0,1,0.0
1089,1079,0.07372539126281752,1.0,1.0,1.0,1,0.0003920779579847894,0.0,1,0.0
1090,1205,0.07366315110833513,1.0,1.0,1.0,1,0.0003906063498157618,0.0,1,0.0
1091,116,0.07364449282059347,1.0,1.0,1.0,1,0.00039016519267389663,0.0,1,0.0
1092,1074,0.07361469232188853,1.0,1.0,1.0,1,0.00038946058874577316,0.0,1,0.0
1093,1075,0.07361469232188853,1.0,1.0,1.0,1,0.00038946058874577316,0.0,1,0.0
1094,469,0.07303837847683751,1.0,1.0,1.0,1,0.00037583420607763957,0.0,1,0.0
1095,928,0.07284128391143938,1.0,1.0,1.0,1,0.0003711740959779303,0.0,1,0.0
1096,338,0.07275777890964491,1.0,1.0,1.0,1,0.00036919970109062036,0.0,1,0.0
1097,734,0.07270833561775421,1.0,1.0,1.0,1,0.0003680306623429649,0.0,1,0.0
1098,74,0.07270453997184578,1.0,1.0,1.0,1,0.00036794091797179475,0.0,1,0.0
1099,486,0.07270298027826125,1.0,1.0,1.0,1,0.00036790404052765475,0.0,1,0.0
1100,487,0.07270298027826125,1.0,1.0,1.0,1,0.00036790404052765475,0.0,1,0.0
1101,1008,0.07260109328058136,1.0,1.0,1.0,1,0.0003654950211518134,0.0,1,0.0
1102,979,0.0725174570068717,1.0,1.0,1.0,1,0.0003635175224672146,0.0,1,0.0
1103,852,0.07241423194682417,1.0,1.0,1.0,1,0.0003610768659026924,0.0,1,0.0
1104,853,0.07241423194682417,1.0,1.0,1.0,1,0.0003610768659026924,0.0,1,0.0
1105,1153,0.0723880705154149,1.0,1.0,1.0,1,0.00036045830419609775,0.0,1,0.0
1106,125,0.07236928501830006,1.0,1.0,1.0,1,0.00036001413931181444,0.0,1,0.0
1107,1360,0.07232312557933557,1.0,1.0,1.0,1,0.00035892274408597054,0.0,1,0.0
1108,805,0.07204225011908787,1.0,1.0,1.0,1,0.0003522817158748842,0.0,1,0.0
1109,342,0.07195698078584374,1.0,1.0,1.0,1,0.000350265605079319,0.0,1,0.0
1110,705,0.07192149965310757,1.0,1.0,1.0,1,0.00034942668806159713,0.0,1,0.0
1111,1265,0.07189959392824305,1.0,1.0,1.0,1,0.00034890874841431965,0.0,1,0.0
1112,228,0.07189289294580611,1.0,1.0,1.0,1,0.00034875031017494345,0.0,1,0.0
1113,70,0.07189248904505673,1.0,1.0,1.0,1,0.0003487407603329287,0.0,1,0.0
1114,71,0.07189248904505673,1.0,1.0,1.0,1,0.0003487407603329287,0.0,1,0.0
1115,1070,0.07186697539918818,1.0,1.0,1.0,1,0.00034813751488802164,0.0,1,0.0
1116,1071,0.07186697539918818,1.0,1.0,1.0,1,0.00034813751488802164,0.0,1,0.0
1117,366,0.07185220873603847,1.0,1.0,1.0,1,0.00034778837144033696,0.0,1,0.0
1118,11,0.07156618334400547,1.0,1.0,1.0,1,0.0003410255780802371,0.0,1,0.0
1119,12,0.07156618334400547,1.0,1.0,1.0,1,0.0003410255780802371,0.0,1,0.0
1120,888,0.07151471895853471,1.0,1.0,1.0,1,0.00033980875253244417,0.0,1,0.0
1121,36,0.07150354796893163,1.0,1.0,1.0,1,0.000339544625303122,0.0,1,0.0
1122,978,0.07150118027583753,1.0,1.0,1.0,1,0.0003394886434931795,0.0,1,0.0
1123,231,0.07145296954968991,1.0,1.0,1.0,1,0.00033834874756869746,0.0,1,0.0
1124,160,0.07142445199640586,1.0,1.0,1.0,1,0.0003376744776424338,0.0,1,0.0
1125,629,0.07132236094120165,1.0,1.0,1.0,1,0.00033526063352407314,0.0,1,0.0
1126,1210,0.07132236094120165,1.0,1.0,1.0,1,0.00033526063352407314,0.0,1,0.0
1127,539,0.07130966411593401,1.0,1.0,1.0,1,0.00033496042938833525,0.0,1,0.0
1128,1149,0.07129395240362481,1.0,1.0,1.0,1,0.0003345889411686175,0.0,1,0.0
1129,298,0.07128142109998037,1.0,1.0,1.0,1,0.0003342926506313418,0.0,1,0.0
1130,299,0.07128142109998037,1.0,1.0,1.0,1,0.0003342926506313418,0.0,1,0.0
1131,678,0.07122792546080814,1.0,1.0,1.0,1,0.0003330277980571808,0.0,1,0.0
1132,574,0.07121388041445564,1.0,1.0,1.0,1,0.0003326957165397332,0.0,1,0.0
1133,380,0.07115832399918323,1.0,1.0,1.0,1,0.0003313821389106816,0.0,1,0.0
1134,131,0.07110212303501581,1.0,1.0,1.0,1,0.00033005332154729597,0.0,1,0.0
1135,404,0.07110195590365292,1.0,1.0,1.0,1,0.00033004936988809813,0.0,1,0.0
1136,133,0.07109627708105407,1.0,1.0,1.0,1,0.0003299150996280639,0.0,1,0.0
1137,453,0.07108701205908981,1.0,1.0,1.0,1,0.0003296960371575058,0.0,1,0.0
1138,521,0.07102344867112219,1.0,1.0,1.0,1,0.000328193142414359,0.0,1,0.0
1139,424,0.0710212394919246,1.0,1.0,1.0,1,0.0003281409085119684,0.0,1,0.0
1140,789,0.0710212394919246,1.0,1.0,1.0,1,0.0003281409085119684,0.0,1,0.0
1141,736,0.07099205898031861,1.0,1.0,1.0,1,0.0003274509635783013,0.0,1,0.0
1142,267,0.07089568004936697,1.0,1.0,1.0,1,0.0003251721771053224,0.0,1,0.0
1143,687,0.07088255868971366,1.0,1.0,1.0,1,0.00032486193526522526,0.0,1,0.0
1144,269,0.07086388523821416,1.0,1.0,1.0,1,0.00032442041959099277,0.0,1,0.0
1145,1154,0.07080851258595058,1.0,1.0,1.0,1,0.00032311118686029883,0.0,1,0.0
1146,198,0.07080772141815672,1.0,1.0,1.0,1,0.00032309248046411134,0.0,1,0.0
1147,1171,0.07074707881944572,1.0,1.0,1.0,1,0.0003216586449539598,0.0,1,0.0
1148,430,0.07068204170981124,1.0,1.0,1.0,1,0.0003201209054893969,0.0,1,0.0
1149,1119,0.07065897676777438,1.0,1.0,1.0,1,0.0003195755572748584,0.0,1,0.0
1150,558,0.07063052315826573,1.0,1.0,1.0,1,0.00031890279923722987,0.0,1,0.0
1151,489,0.0706002939885175,1.0,1.0,1.0,1,0.0003181880597974844,0.0,1,0.0
1152,1271,0.0705930937343549,1.0,1.0,1.0,1,0.00031801781676173266,0.0,1,0.0
1153,1191,0.07057263984009325,1.0,1.0,1.0,1,0.00031753420424286574,0.0,1,0.0
1154,1192,0.07057263984009325,1.0,1.0,1.0,1,0.00031753420424286574,0.0,1,0.0
1155,105,0.07056836478375245,1.0,1.0,1.0,1,0.0003174331246763624,0.0,1,0.0
1156,843,0.07034684710940159,1.0,1.0,1.0,1,0.00031219555382086344,0.0,1,0.0
1157,118,0.07010497974525204,1.0,1.0,1.0,1,0.00030647683426009555,0.0,1,0.0
1158,400,0.07010497974525204,1.0,1.0,1.0,1,0.00030647683426009555,0.0,1,0.0
1159,908,0.07010497974525204,1.0,1.0,1.0,1,0.00030647683426009555,0.0,1,0.0
1160,754,0.07009365948886481,1.0,1.0,1.0,1,0.0003062091777622369,0.0,1,0.0
1161,571,0.07006849028905027,1.0,1.0,1.0,1,0.0003056140764106576,0.0,1,0.0
1162,946,0.0700574232869921,1.0,1.0,1.0,1,0.00030535240786611604,0.0,1,0.0
1163,947,0.0700574232869921,1.0,1.0,1.0,1,0.00030535240786611604,0.0,1,0.0
1164,1255,0.07004904233283489,1.0,1.0,1.0,1,0.0003051542483225776,0.0,1,0.0
1165,463,0.0699861120671724,1.0,1.0,1.0,1,0.00030366632314311466,0.0,1,0.0
1166,465,0.0699861120671724,1.0,1.0,1.0,1,0.00030366632314311466,0.0,1,0.0
1167,591,0.06998611046820902,1.0,1.0,1.0,1,0.0003036662853371742,0.0,1,0.0
1168,592,0.06998611046820902,1.0,1.0,1.0,1,0.0003036662853371742,0.0,1,0.0
1169,593,0.06998611046820902,1.0,1.0,1.0,1,0.0003036662853371742,0.0,1,0.0
1170,159,0.06997008051208255,1.0,1.0,1.0,1,0.0003032872725506373,0.0,1,0.0
1171,931,0.06997008051208255,1.0,1.0,1.0,1,0.0003032872725506373,0.0,1,0.0
1172,428,0.06996810928707692,1.0,1.0,1.0,1,0.0003032406648446413,0.0,1,0.0
1173,1167,0.06990277108001432,1.0,1.0,1.0,1,0.0003016958062230233,0.0,1,0.0
1174,1169,0.06990277108001432,1.0,1.0,1.0,1,0.0003016958062230233,0.0,1,0.0
1175,1170,0.06990277108001432,1.0,1.0,1.0,1,0.0003016958062230233,0.0,1,0.0
1176,185,0.06989848499804444,1.0,1.0,1.0,1,0.00030159446596619957,0.0,1,0.0
1177,924,0.06978211778029099,1.0,1.0,1.0,1,0.0002988430758117704,0.0,1,0.0
1178,621,0.06973227908790723,1.0,1.0,1.0,1,0.0002976646882024281,0.0,1,0.0
1179,921,0.06972428956774225,1.0,1.0,1.0,1,0.0002974757837365063,0.0,1,0.0
1180,728,0.06965626091835522,1.0,1.0,1.0,1,0.0002958673122119987,0.0,1,0.0
1181,1244,0.06951279551012379,1.0,1.0,1.0,1,0.00029247521159010876,0.0,1,0.0
1182,869,0.06939424537585888,1.0,1.0,1.0,1,0.00028967220848906503,0.0,1,0.0
1183,628,0.0693878684663968,1.0,1.0,1.0,1,0.0002895214326412932,0.0,1,0.0
1184,732,0.06937243859808179,1.0,1.0,1.0,1,0.0002891566083498332,0.0,1,0.0
1185,1223,0.06936358903531933,1.0,1.0,1.0,1,0.00028894736900970193,0.0,1,0.0
1186,997,0.0693320770948879,1.0,1.0,1.0,1,0.0002882022996996005,0.0,1,0.0
1187,708,0.06928540905316032,1.0,1.0,1.0,1,0.0002870988790540385,0.0,1,0.0
1188,66,0.06928095790842381,1.0,1.0,1.0,1,0.00028699363604797214,0.0,1,0.0
1189,67,0.06928095790842381,1.0,1.0,1.0,1,0.00028699363604797214,0.0,1,0.0
1190,1208,0.06926510931287351,1.0,1.0,1.0,1,0.0002866189113565987,0.0,1,0.0
1191,846,0.06915762442552323,1.0,1.0,1.0,1,0.00028407753530142784,0.0,1,0.0
1192,876,0.069134787699721,1.0,1.0,1.0,1,0.0002835375830387142,0.0,1,0.0
1193,878,0.069134787699721,1.0,1.0,1.0,1,0.0002835375830387142,0.0,1,0.0
1194,879,0.069134787699721,1.0,1.0,1.0,1,0.0002835375830387142,0.0,1,0.0
1195,1010,0.0691037301627968,1.0,1.0,1.0,1,0.00028280325765942167,0.0,1,0.0
1196,1011,0.0691037301627968,1.0,1.0,1.0,1,0.00028280325765942167,0.0,1,0.0
1197,1012,0.0691037301627968,1.0,1.0,1.0,1,0.00028280325765942167,0.0,1,0.0
1198,987,0.06909655863995813,1.0,1.0,1.0,1,0.00028263369394799544,0.0,1,0.0
1199,989,0.06909655863995813,1.0,1.0,1.0,1,0.00028263369394799544,0.0,1,0.0
1200,1059,0.06909059058848227,1.0,1.0,1.0,1,0.0002824925851513016,0.0,1,0.0
1201,76,0.06903878234861846,1.0,1.0,1.0,1,0.00028126762949943064,0.0,1,0.0
1202,226,0.06901526742511999,1.0,1.0,1.0,1,0.0002807116419090687,0.0,1,0.0
1203,416,0.06899716377376282,1.0,1.0,1.0,1,0.0002802835986073128,0.0,1,0.0
1204,970,0.06898130434634103,1.0,1.0,1.0,1,0.0002799086178068297,0.0,1,0.0
1205,798,0.06898017245937904,1.0,1.0,1.0,1,0.00027988185543592083,0.0,1,0.0
1206,799,0.06898017245937904,1.0,1.0,1.0,1,0.00027988185543592083,0.0,1,0.0
1207,505,0.06891234165517314,1.0,1.0,1.0,1,0.000278278061769095,0.0,1,0.0
1208,435,0.06890362630980637,1.0,1.0,1.0,1,0.0002780719958692864,0.0,1,0.0
1209,100,0.0688901949625594,1.0,1.0,1.0,1,0.0002777544246727805,0.0,1,0.0
1210,81,0.0688700789901845,1.0,1.0,1.0,1,0.00027727880198962667,0.0,1,0.0
1211,58,0.0688678221797289,1.0,1.0,1.0,1,0.00027722544189227416,0.0,1,0.0
1212,500,0.06883855237878767,1.0,1.0,1.0,1,0.0002765333857987577,0.0,1,0.0
1213,501,0.06883855237878767,1.0,1.0,1.0,1,0.0002765333857987577,0.0,1,0.0
1214,1217,0.06877114121925497,1.0,1.0,1.0,1,0.00027493951422377617,0.0,1,0.0
1215,727,0.06870458971429137,1.0,1.0,1.0,1,0.00027336596834844865,0.0,1,0.0
1216,325,0.06865028095053702,1.0,1.0,1.0,1,0.00027208189023110853,0.0,1,0.0
1217,1083,0.06865028095053702,1.0,1.0,1.0,1,0.00027208189023110853,0.0,1,0.0
1218,104,0.06862328998247239,1.0,1.0,1.0,1,0.000271443714933759,0.0,1,0.0
1219,666,0.06858398244947997,1.0,1.0,1.0,1,0.0002705143263881005,0.0,1,0.0
1220,668,0.06858398244947997,1.0,1.0,1.0,1,0.0002705143263881005,0.0,1,0.0
1221,669,0.06858398244947997,1.0,1.0,1.0,1,0.0002705143263881005,0.0,1,0.0
1222,673,0.06858398244947997,1.0,1.0,1.0,1,0.0002705143263881005,0.0,1,0.0
1223,674,0.06858398244947997,1.0,1.0,1.0,1,0.0002705143263881005,0.0,1,0.0
1224,675,0.06858398244947997,1.0,1.0,1.0,1,0.0002705143263881005,0.0,1,0.0
1225,909,0.06852451010177904,1.0,1.0,1.0,1,0.0002691081603296165,0.0,1,0.0
1226,466,0.06852422070134767,1.0,1.0,1.0,1,0.00026910131773672023,0.0,1,0.0
1227,952,0.06851226084681258,1.0,1.0,1.0,1,0.0002688185385601485,0.0,1,0.0
1228,1247,0.06849503483130537,1.0,1.0,1.0,1,0.00026841124610801654,0.0,1,0.0
1229,38,0.06848788229948496,1.0,1.0,1.0,1,0.00026824213142082325,0.0,1,0.0
1230,1129,0.06846770300652841,1.0,1.0,1.0,1,0.0002677650115838464,0.0,1,0.0
1231,1316,0.06846118038995308,1.0,1.0,1.0,1,0.00026761079063250857,0.0,1,0.0
1232,347,0.06845878838698807,1.0,1.0,1.0,1,0.00026755423403921426,0.0,1,0.0
1233,349,0.06845878838698807,1.0,1.0,1.0,1,0.00026755423403921426,0.0,1,0.0
1234,1151,0.06845569603281246,1.0,1.0,1.0,1,0.0002674811183198813,0.0,1,0.0
1235,184,0.0683938183723879,1.0,1.0,1.0,1,0.00026601808097175147,0.0,1,0.0
1236,1280,0.06836641054249641,1.0,1.0,1.0,1,0.0002653700493802643,0.0,1,0.0
1237,1357,0.06836146568947753,1.0,1.0,1.0,1,0.0002652531331200502,0.0,1,0.0
1238,716,0.06835950740376354,1.0,1.0,1.0,1,0.000265206831351072,0.0,1,0.0
1239,234,0.0683289759354627,1.0,1.0,1.0,1,0.0002644849443548464,0.0,1,0.0
1240,1200,0.0683289759354627,1.0,1.0,1.0,1,0.0002644849443548464,0.0,1,0.0
1241,284,0.06830553443422702,1.0,1.0,1.0,1,0.0002639306927627739,0.0,1,0.0
1242,1025,0.06821274167134705,1.0,1.0,1.0,1,0.000261736697760409,0.0,1,0.0
1243,926,0.0681823723336758,1.0,1.0,1.0,1,0.0002610186441858853,0.0,1,0.0
1244,1142,0.06814977748309675,1.0,1.0,1.0,1,0.0002602479705142134,0.0,1,0.0
1245,1143,0.06814977748309675,1.0,1.0,1.0,1,0.0002602479705142134,0.0,1,0.0
1246,1144,0.06814977748309675,1.0,1.0,1.0,1,0.0002602479705142134,0.0,1,0.0
1247,1145,0.06814977748309675,1.0,1.0,1.0,1,0.0002602479705142134,0.0,1,0.0
1248,122,0.06811549654194406,1.0,1.0,1.0,1,0.00025943743086401813,0.0,1,0.0
1249,206,0.06805439400033936,1.0,1.0,1.0,1,0.00025799272044963026,0.0,1,0.0
1250,704,0.06798110745581379,1.0,1.0,1.0,1,0.0002562599310871914,0.0,1,0.0
1251,111,0.06796432137949772,1.0,1.0,1.0,1,0.00025586304057112366,0.0,1,0.0
1252,112,0.06796432137949772,1.0,1.0,1.0,1,0.00025586304057112366,0.0,1,0.0
1253,114,0.06796432137949772,1.0,1.0,1.0,1,0.00025586304057112366,0.0,1,0.0
1254,695,0.06785828911295044,1.0,1.0,1.0,1,0.0002533560103278803,0.0,1,0.0
1255,559,0.06785800297687927,1.0,1.0,1.0,1,0.00025334924491761905,0.0,1,0.0
1256,52,0.06780833764399297,1.0,1.0,1.0,1,0.0002521749562256843,0.0,1,0.0
1257,870,0.0678079501714248,1.0,1.0,1.0,1,0.0002521657948121026,0.0,1,0.0
1258,1199,0.0678079501714248,1.0,1.0,1.0,1,0.0002521657948121026,0.0,1,0.0
1259,581,0.06780237575604292,1.0,1.0,1.0,1,0.00025203399315958835,0.0,1,0.0
1260,1132,0.06780096091445015,1.0,1.0,1.0,1,0.00025200054060049487,0.0,1,0.0
1261,611,0.06779113414642454,1.0,1.0,1.0,1,0.0002517681961884045,0.0,1,0.0
1262,273,0.06777784112686214,1.0,1.0,1.0,1,0.0002514538956160208,0.0,1,0.0
1263,895,0.06775950602133428,1.0,1.0,1.0,1,0.0002510203798045774,0.0,1,0.0
1264,405,0.06770878659901804,1.0,1.0,1.0,1,0.00024982116818902695,0.0,1,0.0
1265,862,0.0676645518616755,1.0,1.0,1.0,1,0.0002487752806688331,0.0,1,0.0
1266,232,0.0676574533237102,1.0,1.0,1.0,1,0.0002486074426140473,0.0,1,0.0
1267,654,0.06765694572831893,1.0,1.0,1.0,1,0.00024859544101266053,0.0,1,0.0
1268,657,0.06765694572831893,1.0,1.0,1.0,1,0.00024859544101266053,0.0,1,0.0
1269,661,0.06765694572831893,1.0,1.0,1.0,1,0.00024859544101266053,0.0,1,0.0
1270,1005,0.0676568995615626,1.0,1.0,1.0,1,0.0002485943494444225,0.0,1,0.0
1271,141,0.06765546821216792,1.0,1.0,1.0,1,0.000248560506574342,0.0,1,0.0
1272,1076,0.06764230028328044,1.0,1.0,1.0,1,0.00024824916364980825,0.0,1,0.0
1273,714,0.06763404873541032,1.0,1.0,1.0,1,0.0002480540637925891,0.0,1,0.0
1274,1228,0.06758601865363462,1.0,1.0,1.0,1,0.00024691843902931523,0.0,1,0.0
1275,340,0.06758356612530304,1.0,1.0,1.0,1,0.0002468604513723513,0.0,1,0.0
1276,1085,0.0675509304340611,1.0,1.0,1.0,1,0.0002460888120627625,0.0,1,0.0
1277,1136,0.06754126898363276,1.0,1.0,1.0,1,0.00024586037642513833,0.0,1,0.0
1278,607,0.06750719081967677,1.0,1.0,1.0,1,0.0002450546312453559,0.0,1,0.0
1279,1314,0.06750393580676424,1.0,1.0,1.0,1,0.0002449776696177346,0.0,1,0.0
1280,1315,0.06750393580676424,1.0,1.0,1.0,1,0.0002449776696177346,0.0,1,0.0
1281,537,0.06748500373291429,1.0,1.0,1.0,1,0.0002445300390685188,0.0,1,0.0
1282,238,0.06748294878005379,1.0,1.0,1.0,1,0.0002444814516984901,0.0,1,0.0
1283,1322,0.06747200522018261,1.0,1.0,1.0,1,0.00024422270182489805,0.0,1,0.0
1284,1184,0.06746669907377692,1.0,1.0,1.0,1,0.00024409724313248924,0.0,1,0.0
1285,1186,0.06746669907377692,1.0,1.0,1.0,1,0.00024409724313248924,0.0,1,0.0
1286,1187,0.06746669907377692,1.0,1.0,1.0,1,0.00024409724313248924,0.0,1,0.0
1287,334,0.0674658793150717,1.0,1.0,1.0,1,0.00024407786073189506,0.0,1,0.0
1288,205,0.06744147946585997,1.0,1.0,1.0,1,0.0002435009499301525,0.0,1,0.0
1289,443,0.06744000167155223,1.0,1.0,1.0,1,0.0002434660089150876,0.0,1,0.0
1290,865,0.06741082145086869,1.0,1.0,1.0,1,0.00024277607086,0.0,1,0.0
1291,1295,0.06738870606326733,1.0,1.0,1.0,1,0.00024225317394038233,0.0,1,0.0
1292,1179,0.06738259194269244,1.0,1.0,1.0,1,0.0002421086114813192,0.0,1,0.0
1293,756,0.06737461414017605,1.0,1.0,1.0,1,0.000241919984067849,0.0,1,0.0
1294,757,0.06737461414017605,1.0,1.0,1.0,1,0.000241919984067849,0.0,1,0.0
1295,295,0.06737112239855367,1.0,1.0,1.0,1,0.0002418374252191704,0.0,1,0.0
1296,835,0.06736674521360998,1.0,1.0,1.0,1,0.00024173393092077037,0.0,1,0.0
1297,516,0.06735153408267482,1.0,1.0,1.0,1,0.00024137427846279534,0.0,1,0.0
1298,781,0.06734923386850102,1.0,1.0,1.0,1,0.00024131989212656537,0.0,1,0.0
1299,359,0.06734576636880524,1.0,1.0,1.0,1,0.0002412379064547618,0.0,1,0.0
1300,640,0.06730140719590204,1.0,1.0,1.0,1,0.0002401890767762601,0.0,1,0.0
1301,760,0.06728190385237806,1.0,1.0,1.0,1,0.00023972793910891443,0.0,1,0.0
1302,801,0.0672765497251811,1.0,1.0,1.0,1,0.00023960134595716893,0.0,1,0.0
1303,450,0.06726361407605452,1.0,1.0,1.0,1,0.00023929549506260305,0.0,1,0.0
1304,84,0.067235368204931,1.0,1.0,1.0,1,0.00023862764879788298,0.0,1,0.0
1305,1320,0.0672258967599268,1.0,1.0,1.0,1,0.00023840370565447982,0.0,1,0.0
1306,1282,0.06722560435661701,1.0,1.0,1.0,1,0.0002383967920614318,0.0,1,0.0
1307,1286,0.06722560435661701,1.0,1.0,1.0,1,0.0002383967920614318,0.0,1,0.0
1308,191,0.06717102674371986,1.0,1.0,1.0,1,0.00023710635726650872,0.0,1,0.0
1309,193,0.06717102674371986,1.0,1.0,1.0,1,0.00023710635726650872,0.0,1,0.0
1310,741,0.06717077555511665,1.0,1.0,1.0,1,0.00023710041815527835,0.0,1,0.0
1311,811,0.06717077555511665,1.0,1.0,1.0,1,0.00023710041815527835,0.0,1,0.0
1312,684,0.06716281535224344,1.0,1.0,1.0,1,0.0002369122068683248,0.0,1,0.0
1313,595,0.06715233448775901,1.0,1.0,1.0,1,0.0002366643969790013,0.0,1,0.0
1314,597,0.06715233448775901,1.0,1.0,1.0,1,0.0002366643969790013,0.0,1,0.0
1315,1250,0.06714953553332187,1.0,1.0,1.0,1,0.00023659821841230766,0.0,1,0.0
1316,636,0.06713999020759506,1.0,1.0,1.0,1,0.00023637252843077707,0.0,1,0.0
1317,744,0.06713147815863715,1.0,1.0,1.0,1,0.00023617126927765004,0.0,1,0.0
1318,745,0.06713147815863715,1.0,1.0,1.0,1,0.00023617126927765004,0.0,1,0.0
1319,371,0.06710384730497587,1.0,1.0,1.0,1,0.00023551796450513906,0.0,1,0.0
1320,823,0.06710138092879162,1.0,1.0,1.0,1,0.00023545964942911079,0.0,1,0.0
1321,1066,0.06709431241362315,1.0,1.0,1.0,1,0.00023529252123427719,0.0,1,0.0
1322,941,0.0670666769411332,1.0,1.0,1.0,1,0.00023463910725403646,0.0,1,0.0
1323,1158,0.06706660095876765,1.0,1.0,1.0,1,0.000234637310724597,0.0,1,0.0
1324,1298,0.06706288219654531,1.0,1.0,1.0,1,0.00023454938419371693,0.0,1,0.0
1325,810,0.06704160405717771,1.0,1.0,1.0,1,0.00023404628319765615,0.0,1,0.0
1326,602,0.06695542824694684,1.0,1.0,1.0,1,0.000232008739631722,0.0,1,0.0
1327,605,0.06695542824694684,1.0,1.0,1.0,1,0.000232008739631722,0.0,1,0.0
1328,168,0.06694873161464478,1.0,1.0,1.0,1,0.00023185040424707144,0.0,1,0.0
1329,169,0.06694873161464478,1.0,1.0,1.0,1,0.00023185040424707144,0.0,1,0.0
1330,460,0.06694252213461324,1.0,1.0,1.0,1,0.00023170358710601803,0.0,1,0.0
1331,1233,0.06692977632934216,1.0,1.0,1.0,1,0.0002314022248855396,0.0,1,0.0
1332,1235,0.06692977632934216,1.0,1.0,1.0,1,0.0002314022248855396,0.0,1,0.0
1333,281,0.06684099519643097,1.0,1.0,1.0,1,0.00022930308098825688,0.0,1,0.0
1334,766,0.0668361479241791,1.0,1.0,1.0,1,0.00022918847193076553,0.0,1,0.0
1335,390,0.06682603704087367,1.0,1.0,1.0,1,0.00022894940988806776,0.0,1,0.0
1336,1279,0.06680921738896203,1.0,1.0,1.0,1,0.0002285517255095634,0.0,1,0.0
1337,254,0.06680891079518454,1.0,1.0,1.0,1,0.00022854447639665085,0.0,1,0.0
1338,1174,0.06680194059890032,1.0,1.0,1.0,1,0.0002283796728566066,0.0,1,0.0
1339,327,0.06679042746498527,1.0,1.0,1.0,1,0.0002281074559564175,0.0,1,0.0
1340,868,0.06677392003753024,1.0,1.0,1.0,1,0.0002277171538227793,0.0,1,0.0
1341,981,0.06677392003753024,1.0,1.0,1.0,1,0.0002277171538227793,0.0,1,0.0
1342,139,0.06676611271457233,1.0,1.0,1.0,1,0.00022753255723334837,0.0,1,0.0
1343,53,0.06675572519865564,1.0,1.0,1.0,1,0.00022728695448049485,0.0,1,0.0
1344,975,0.06674643157911352,1.0,1.0,1.0,1,0.0002270672158479068,0.0,1,0.0
1345,964,0.06674233705006972,1.0,1.0,1.0,1,0.0002269704046744888,0.0,1,0.0
1346,1117,0.06671774789156801,1.0,1.0,1.0,1,0.00022638901783794295,0.0,1,0.0
1347,129,0.06670966416527187,1.0,1.0,1.0,1,0.00022619788595929446,0.0,1,0.0
1348,1147,0.06669047655082452,1.0,1.0,1.0,1,0.00022574421340016158,0.0,1,0.0
1349,1194,0.06668006468285023,1.0,1.0,1.0,1,0.00022549803486649237,0.0,1,0.0
1350,841,0.06667812386565702,1.0,1.0,1.0,1,0.0002254521461237689,0.0,1,0.0
1351,407,0.06667241694928949,1.0,1.0,1.0,1,0.00022531721161378503,0.0,1,0.0
1352,1043,0.06666543339580032,1.0,1.0,1.0,1,0.00022515209225556696,0.0,1,0.0
1353,1047,0.06664222473724325,1.0,1.0,1.0,1,0.00022460334600310684,0.0,1,0.0
1354,857,0.06663590245321169,1.0,1.0,1.0,1,0.00022445386172073096,0.0,1,0.0
1355,937,0.06660134722317565,1.0,1.0,1.0,1,0.0002236368367755559,0.0,1,0.0
1356,848,0.06659240275771647,1.0,1.0,1.0,1,0.00022342535355308017,0.0,1,0.0
1357,303,0.06656542642780226,1.0,1.0,1.0,1,0.00022278752436061966,0.0,1,0.0
1358,555,0.066539669222612,1.0,1.0,1.0,1,0.0002221785201914534,0.0,1,0.0
1359,1042,0.06652251349444932,1.0,1.0,1.0,1,0.00022177288961550525,0.0,1,0.0
1360,265,0.06632010009448594,1.0,1.0,1.0,1,0.0002169870208241439,0.0,1,0.0
1361,615,0.06627248524906691,1.0,1.0,1.0,1,0.00021586121392233967,0.0,1,0.0
1362,1276,0.06623572483320006,1.0,1.0,1.0,1,0.00021499204949406347,0.0,1,0.0
1363,21,0.0661734934853616,1.0,1.0,1.0,1,0.0002135206495496018,0.0,1,0.0
