rank,node,influence_score,total_strength,out_strength,in_strength,degree,pagerank,betweenness,layer_count,participation
1,18,0.8677174417754661,569.0,569.0,569.0,560,0.013251504586330875,1268880.4928435301,2,0.010507751087993955
2,2000,0.49300540644956176,358.0,358.0,358.0,299,0.006701034321996495,459051.083302842,2,0.07352298617396447
3,446,0.35059672013398163,252.0,252.0,252.0,192,0.004165900641212804,193062.27693451947,2,0.19897959183673475
4,2806,0.30673437098206835,121.0,121.0,121.0,104,0.0023208384628193787,106225.79847082142,3,0.7177788402431526
5,40,0.3058068846088336,198.0,198.0,198.0,149,0.003415600026626986,90992.30738960003,2,0.3856749311294764
6,138,0.3049096418707811,210.0,210.0,210.0,183,0.003686065510100217,181039.29567475757,2,0.10993197278911548
7,172,0.2854099791669878,165.0,165.0,165.0,134,0.002823547650917755,65316.11872101291,3,0.20352617079889823
8,2850,0.2771698535881014,119.0,119.0,119.0,91,0.0019474329898650875,71980.60256749397,3,0.5588588376527082
9,124,0.2634726350744576,118.0,118.0,118.0,117,0.001989081432573741,77627.25203662917,2,0.7446136167767883
10,24,0.2621172901156408,160.0,160.0,160.0,120,0.0027406314279774884,145500.36123481824,2,0.22394531250000016
11,1422,0.25837048672936286,129.0,129.0,129.0,127,0.003630875238992896,142125.68219779056,2,0.21453037678024156
12,131,0.2439445421262983,151.0,151.0,151.0,116,0.0024562628518395523,102207.68881420206,2,0.21946405859392115
13,3717,0.23640505509536003,151.0,151.0,151.0,145,0.002632277307875465,99919.91037194122,2,0.11446866365510278
14,1521,0.22615448317741077,97.0,97.0,97.0,70,0.001535893326097678,42877.57117554731,2,0.6408757572536933
15,1683,0.22178756448950815,85.0,85.0,85.0,63,0.0013605904181446997,15398.504405132773,2,0.7474048442906573
16,1830,0.21913168874644698,101.0,101.0,101.0,95,0.0018019413019939852,66771.12265643576,2,0.4581903734927948
17,2888,0.21856381315216689,48.0,48.0,48.0,39,0.0007716907804031391,12395.299893960386,3,0.7252604166666666
18,30,0.2175966722846875,135.0,135.0,135.0,113,0.002528478236800884,86723.82908129193,2,0.06518518518518523
19,8,0.2105391782259408,93.0,93.0,93.0,70,0.0014646807019021689,20238.226133540862,2,0.5584460631286855
20,120,0.2098977283972846,115.0,115.0,115.0,84,0.0018489588803600402,22740.901539032024,2,0.3402646502835538
21,242,0.20920696494157653,15.0,15.0,15.0,12,0.0002776153277189769,483.15429377942945,3,0.9466666666666665
22,1788,0.2074207739065972,120.0,120.0,120.0,99,0.002121233307201501,38759.0541795213,2,0.2081249999999999
23,1681,0.2073933516253324,66.0,66.0,66.0,58,0.0011129817517946277,26651.214152811724,2,0.7493112947658402
24,132,0.2070026288754988,69.0,69.0,69.0,57,0.00112559225236527,22611.53784685968,2,0.7309388783868935
25,2723,0.2065909601680248,71.0,71.0,71.0,52,0.001091464669033495,4280.733313001846,2,0.7498512199960325
26,2818,0.2059639209877734,114.0,114.0,114.0,85,0.0018513499405228633,107582.86537931481,2,0.17289935364727593
27,283,0.2050497963623906,116.0,116.0,116.0,91,0.001907051053473512,33633.415412654285,2,0.2575059453032105
28,2622,0.20378509630826586,3.0,3.0,3.0,3,0.00010251633126584304,36.18097964563965,3,1.0
29,3663,0.20369147845099456,3.0,3.0,3.0,3,9.696904705692227e-05,106.19779692072821,3,1.0
30,354,0.20367443533325166,123.0,123.0,123.0,92,0.0020548177729920705,41120.90301453895,2,0.16101526868927218
31,278,0.20272526114037343,63.0,63.0,63.0,56,0.0011743171121983455,22663.75172413943,3,0.38246409674981113
32,1483,0.20169339767719272,131.0,131.0,131.0,110,0.003823213699374791,99303.74426334417,1,0.0
33,3819,0.20102232991836333,69.0,69.0,69.0,55,0.0011861614486693088,38186.00262387835,2,0.6351606805293006
34,202,0.1998992536236793,113.0,113.0,113.0,100,0.002027266456934127,65952.00301059606,2,0.15083405121779314
35,864,0.19976083343118192,67.0,67.0,67.0,59,0.001056753933819708,11251.753180970309,2,0.7017153040766316
36,3599,0.19832291616938086,4.0,4.0,4.0,4,0.00011104733636939989,110.80092911809524,3,0.9375
37,3258,0.19742583697602328,62.0,62.0,62.0,56,0.001040143235557205,11566.565385751815,2,0.7117585848074923
38,89,0.197188072308701,123.0,123.0,123.0,104,0.002158681019840963,59246.680239136374,2,0.04798730914138405
39,2699,0.19702363434129286,57.0,57.0,57.0,45,0.000871436770063423,8201.999306235557,3,0.44228993536472755
40,767,0.1961851635845933,61.0,61.0,61.0,49,0.0009198530899123545,13206.768151692675,2,0.7256113947863478
41,733,0.19616496401168768,70.0,70.0,70.0,62,0.0014797242595282793,21322.774622538655,2,0.5516326530612244
42,59,0.19612456630157538,104.0,104.0,104.0,91,0.0018200932300903056,62471.81756201399,2,0.2130177514792897
43,2891,0.19598681701202017,60.0,60.0,60.0,44,0.000942051041182394,6180.080778506355,2,0.7366666666666668
44,763,0.1958678326870344,59.0,59.0,59.0,50,0.0009312187103693193,8863.05297629611,2,0.7394426888825051
45,78,0.19558114740300334,80.0,80.0,80.0,63,0.0013117038547195558,24489.801230824785,3,0.17765624999999996
46,3589,0.19539117903381154,59.0,59.0,59.0,47,0.0009467712629164946,8351.645473410474,2,0.732548118356794
47,1876,0.19515966269234422,59.0,59.0,59.0,40,0.0009612520348142164,10617.319684292892,2,0.7239299051996553
48,56,0.1950741116067887,111.0,111.0,111.0,83,0.0019362383750320977,37275.13641542258,2,0.17725833942050162
49,1780,0.19477637831222866,56.0,56.0,56.0,47,0.0008933781535255563,12084.183451079254,2,0.7490433673469387
50,703,0.19459713597501194,97.0,97.0,97.0,94,0.00207450410313352,57354.00213346267,2,0.2008715060048888
51,1977,0.1930725291362591,54.0,54.0,54.0,52,0.0009227465942061387,15400.706882881912,2,0.7335390946502058
52,552,0.1922504705483722,14.0,14.0,14.0,14,0.0002820359054228911,1629.361722257732,3,0.7806122448979591
53,781,0.19195148854848618,113.0,113.0,113.0,102,0.0023265874767490614,58702.52083047596,2,0.026313728561359495
54,3704,0.19112695260451507,51.0,51.0,51.0,43,0.0008394615973814589,29108.120808514162,2,0.726643598615917
55,987,0.1884157742287364,56.0,56.0,56.0,51,0.0009255164280781601,16437.353655094743,2,0.6725127551020408
56,154,0.1883745965202416,55.0,55.0,55.0,55,0.0010132056027664538,17206.93211703837,2,0.660495867768595
57,1672,0.18831777441161848,48.0,48.0,48.0,45,0.0008456179863805155,20655.553435211197,2,0.7291666666666665
58,184,0.1881354391675378,51.0,51.0,51.0,40,0.0007658538613706477,4303.721417391134,2,0.7497116493656286
59,1436,0.1875013753270885,86.0,86.0,86.0,83,0.0015849714864063318,80714.62104495095,2,0.2531097890751759
60,1142,0.18733432733408462,76.0,76.0,76.0,64,0.0014918749488370138,37332.96484500719,2,0.39889196675900296
61,2697,0.18702270661699372,51.0,51.0,51.0,37,0.0007954995469141939,8331.04326889095,2,0.726643598615917
62,738,0.1869346686662713,52.0,52.0,52.0,38,0.0008468940886143796,17390.849831718722,2,0.6956360946745562
63,102,0.1867935417038394,90.0,90.0,90.0,83,0.0016797746708744868,38550.68729932638,2,0.2699999999999999
64,811,0.18619135436984668,101.0,101.0,101.0,82,0.0017313277982979104,18113.832736469212,2,0.21880207822762454
65,3855,0.18617193797594653,91.0,91.0,91.0,70,0.0014369526211966814,44895.266516042495,2,0.29344282091534857
66,1413,0.18614475418529408,129.0,129.0,129.0,129,0.003158675986674039,88001.88131147162,1,0.0
67,1467,0.18596790484699258,58.0,58.0,58.0,48,0.001703127505047017,51282.804954001054,3,0.10077288941736007
68,61,0.18585894559146499,55.0,55.0,55.0,39,0.0008997492747591556,7206.184034953573,3,0.3391735537190083
69,752,0.1854064554950679,62.0,62.0,62.0,53,0.0011199193830619693,12906.954140311715,2,0.574401664932362
70,1376,0.18530001565508114,78.0,78.0,78.0,51,0.0012489163374803853,18469.79516107087,2,0.44181459566074965
71,232,0.1852723274415653,68.0,68.0,68.0,54,0.0011403221272637727,23386.12787672998,2,0.5157871972318339
72,801,0.18506153298181266,44.0,44.0,44.0,35,0.0008019139610240413,8603.418698615922,2,0.7484504132231405
73,2898,0.18501311079750843,47.0,47.0,47.0,35,0.0007452790377937881,7769.376717901574,2,0.7415119963784518
74,737,0.18411528061518814,9.0,9.0,9.0,8,0.0002316402798700968,857.1499723119074,3,0.7407407407407407
75,3493,0.18402793716434268,43.0,43.0,43.0,40,0.0007173564654429001,15343.493030970358,2,0.7495943753380205
76,3681,0.1838835674103949,45.0,45.0,45.0,41,0.0007566651766411452,7534.647984297319,2,0.7407407407407407
77,1043,0.18350648927590268,45.0,45.0,45.0,41,0.0008570851604786465,15680.707673888703,2,0.7051851851851851
78,2951,0.18324490693404125,9.0,9.0,9.0,9,0.00018971939967786966,352.7478741229634,3,0.7407407407407407
79,1787,0.1826388490579534,43.0,43.0,43.0,40,0.0007210008495808776,6094.354979005888,2,0.7495943753380205
80,55,0.18258318816912436,87.0,87.0,87.0,67,0.0015064650064095964,39061.99879787609,2,0.2782401902497026
81,1704,0.18144235135063969,59.0,59.0,59.0,43,0.0010480663107726932,11617.534494262125,2,0.5688020683711577
82,1530,0.18139739286663817,44.0,44.0,44.0,41,0.0008037704252623652,63784.05231584307,2,0.6244834710743801
83,2931,0.18128385857133616,44.0,44.0,44.0,43,0.0006784876633991403,14156.289765847398,2,0.7252066115702478
84,440,0.18073607932470226,95.0,95.0,95.0,79,0.0016624018609257278,41367.7642333419,2,0.17750692520775602
85,3558,0.18059433363621702,48.0,48.0,48.0,38,0.00070676643939636,4796.253548625654,2,0.703125
86,740,0.1798896082410379,68.0,68.0,68.0,52,0.0011989864943277844,32843.31897768163,2,0.4359861591695502
87,2375,0.17980319731731775,51.0,51.0,51.0,33,0.0008158410464625601,11316.402873819785,2,0.6459054209919262
88,721,0.17965518404418623,43.0,43.0,43.0,35,0.0006722693350295035,5350.1026801811295,2,0.7301243915630069
89,1818,0.1784525166120669,29.0,29.0,29.0,27,0.0005608921937739747,58168.54649534467,2,0.741973840665874
90,394,0.17835886592282624,39.0,39.0,39.0,37,0.0006569193416071394,4778.818375743988,2,0.7455621301775148
91,228,0.17742026516303933,77.0,77.0,77.0,63,0.0013836841985779024,21471.70258521259,2,0.33901163771293663
92,292,0.17717509598318687,95.0,95.0,95.0,77,0.001737622679303749,102565.59035822576,2,0.03124653739612193
93,2757,0.17704608596324267,56.0,56.0,56.0,50,0.0009033049479273582,16758.533907805435,2,0.5625
94,3856,0.17689933874508823,43.0,43.0,43.0,33,0.0006870691980055981,4623.296022543065,2,0.7009194159004868
95,1146,0.17688465783508334,38.0,38.0,38.0,29,0.0006386581057508609,3970.900566579905,2,0.7416897506925206
96,523,0.17681990921924431,44.0,44.0,44.0,40,0.0008570502592338738,11652.434066093472,2,0.6508264462809917
97,892,0.1767916660040297,51.0,51.0,51.0,45,0.0008070402405958593,7898.723062176334,2,0.6228373702422144
98,3542,0.17608266695996977,37.0,37.0,37.0,32,0.0006196810919183248,8473.697443938514,2,0.7363038714390066
99,3397,0.17599948557739176,38.0,38.0,38.0,30,0.0006470375609563985,3942.5025673266855,2,0.7313019390581718
100,490,0.17588320980526292,34.0,34.0,34.0,32,0.0006027048405973326,13904.877275071849,2,0.7474048442906573
101,109,0.17575470665048337,66.0,66.0,66.0,44,0.0011791256215198625,10260.637450105001,2,0.44628099173553704
102,673,0.17563272039834657,26.0,26.0,26.0,24,0.0005280749879158249,50822.06354751498,2,0.75
103,2870,0.1752191890008476,53.0,53.0,53.0,50,0.0008382684310962037,11574.165839753943,2,0.5831256674973302
104,183,0.17519408986187174,36.0,36.0,36.0,31,0.0006007036677712421,6195.258572312438,2,0.7407407407407407
105,193,0.17437153347592538,36.0,36.0,36.0,33,0.0006901769802112466,7890.719951735016,2,0.7129629629629628
106,185,0.1740517485640646,79.0,79.0,79.0,78,0.0012378505451447637,14403.550196417818,2,0.3316776157667042
107,249,0.17362706675673323,34.0,34.0,34.0,32,0.0005625882206320688,4392.64086434081,2,0.7474048442906573
108,1588,0.17347177798457608,41.0,41.0,41.0,40,0.0008147437448437328,7951.54773668128,2,0.6496133254015466
109,2061,0.17335823924046814,53.0,53.0,53.0,50,0.0010601773242964836,74843.7276720344,2,0.42292630829476674
110,3135,0.173232471325245,35.0,35.0,35.0,24,0.0005434280140184047,2129.3860335199197,2,0.7444897959183674
111,260,0.17290150152263212,59.0,59.0,59.0,37,0.0009011511795648269,8915.524566794773,2,0.5153691467968975
112,3611,0.17288670058009575,49.0,49.0,49.0,42,0.0007429378082517738,5321.961801307171,2,0.6122448979591837
113,958,0.1728196231145358,32.0,32.0,32.0,26,0.0005253801310050099,9882.001703431355,2,0.75
114,1454,0.17204933354263416,30.0,30.0,30.0,29,0.0006302934327236208,8701.947458517057,2,0.7366666666666668
115,722,0.17156713943823318,31.0,31.0,31.0,26,0.0005329377528771041,5428.82637437857,2,0.7492195629552549
116,2877,0.17139041540813282,35.0,35.0,35.0,30,0.0005651626155965046,3378.4936509662375,2,0.72
117,2706,0.17138313893620127,31.0,31.0,31.0,29,0.0005621265638176317,4728.9079765214865,2,0.7429760665972946
118,611,0.17117903237986953,67.0,67.0,67.0,66,0.0010674523511696433,12651.312535631621,2,0.4116729783916241
119,3794,0.1711688937384224,86.0,86.0,86.0,79,0.0016619470054301368,64385.65083960232,2,0.10100054083288235
120,512,0.17065462098159956,59.0,59.0,59.0,46,0.0010796482368391916,11569.908703101408,2,0.4550416546969259
121,3094,0.17062235176934856,31.0,31.0,31.0,26,0.0005974925511068806,3591.3889046026698,2,0.7304890738813734
122,841,0.1705483805801859,29.0,29.0,29.0,24,0.0005590716636747442,3713.101915199199,2,0.7491082045184304
123,2978,0.17032239961983947,30.0,30.0,30.0,29,0.0005288096880446997,3547.9852374227025,2,0.7466666666666666
124,3805,0.17017120341329292,34.0,34.0,34.0,29,0.0005565906367189942,7882.184874082901,2,0.7084775086505191
125,3529,0.17013704323843515,39.0,39.0,39.0,36,0.0006921416720217012,15973.948410570525,2,0.63905325443787
126,871,0.17003944463628043,64.0,64.0,64.0,49,0.0010428807471115158,10344.614822510652,2,0.427001953125
127,867,0.16993988219049438,29.0,29.0,29.0,29,0.0005563464495852131,13757.712553473139,2,0.727705112960761
128,723,0.16993777359938167,42.0,42.0,42.0,36,0.0006495161953371242,6769.67838582787,2,0.6411564625850339
129,1075,0.16954409007654345,67.0,67.0,67.0,64,0.00115878334653471,31202.660960584497,2,0.34885275116952574
130,489,0.1695356846073543,41.0,41.0,41.0,38,0.0006556226092679193,20141.013337416156,2,0.6210588935157646
131,117,0.16926380444935396,26.0,26.0,26.0,21,0.0005668285249203725,5776.604683364762,2,0.75
132,1981,0.16916701227441994,34.0,34.0,34.0,26,0.0005607508261306193,1013.2502669660927,2,0.7084775086505191
133,3703,0.16906216846415426,33.0,33.0,33.0,26,0.0005309603263849061,2882.9331047036035,2,0.7162534435261707
134,250,0.1687913414313747,29.0,29.0,29.0,27,0.0005387814810173328,8573.295975729736,2,0.727705112960761
135,400,0.16832785541071882,28.0,28.0,28.0,20,0.00047803164728122126,2661.7888780571852,2,0.75
136,208,0.168088734598702,38.0,38.0,38.0,34,0.0007073691491508761,15805.206940995069,3,0.28878116343490295
137,527,0.16792361695437297,27.0,27.0,27.0,18,0.0005360282892174627,2932.3756581637163,2,0.7407407407407407
138,450,0.1677121373601963,50.0,50.0,50.0,44,0.0007720744176121663,6369.596566269979,2,0.5472
139,2869,0.16766901678790297,54.0,54.0,54.0,44,0.0009474231894114724,7928.919356140817,2,0.48662551440329216
140,2875,0.16761138647124627,30.0,30.0,30.0,25,0.0005295494282145223,3178.092242442491,2,0.72
141,2840,0.16736192033480105,27.0,27.0,27.0,27,0.0005076643428051788,2763.6869877384283,2,0.7407407407407407
142,2976,0.16725865064600176,29.0,29.0,29.0,23,0.0005183806086192025,1291.1123532845015,2,0.727705112960761
143,416,0.16693082673143325,53.0,53.0,53.0,45,0.0009482064039708545,24429.97014998762,2,0.45923816304734766
144,994,0.16639379762033318,19.0,19.0,19.0,17,0.00048482280170155116,26019.37982627729,2,0.7479224376731304
145,2953,0.16635032277478207,26.0,26.0,26.0,22,0.0004674161856663203,2006.7407728303285,2,0.7455621301775148
146,3753,0.16618649608968988,25.0,25.0,25.0,24,0.00043773404436189746,6368.3739737227315,2,0.7487999999999999
147,1537,0.16532080938895177,26.0,26.0,26.0,24,0.00047009534567133267,17678.92497247415,2,0.7100591715976331
148,1913,0.1653117656355906,49.0,49.0,49.0,34,0.0008166962467845548,5511.062914876734,2,0.5222823823406914
149,562,0.16530366615774067,46.0,46.0,46.0,32,0.0009321327235649487,10891.017775157346,2,0.5103969754253307
150,1760,0.16520911659181367,24.0,24.0,24.0,21,0.0004434478053356152,2624.7969169178177,2,0.75
151,1025,0.1651984659251134,37.0,37.0,37.0,23,0.0006591539941164168,4210.351846721643,2,0.6267348429510591
152,17,0.165034774984919,9.0,9.0,9.0,9,0.00020427012680092585,567.6690750931593,3,0.5555555555555556
153,2652,0.1649289625457855,9.0,9.0,9.0,9,0.00019997440606677464,410.5162773103616,3,0.5555555555555556
154,1169,0.1649277681991615,75.0,75.0,75.0,68,0.001290110493352943,80205.45097545692,2,0.15146666666666675
155,3807,0.16492335543590636,40.0,40.0,40.0,33,0.0006817406418096275,6205.135536564537,2,0.5981249999999999
156,922,0.1646771122575058,25.0,25.0,25.0,18,0.0004440971613548606,2121.2469016430787,2,0.7391999999999999
157,181,0.16463088228240913,22.0,22.0,22.0,20,0.0004336569433164933,7933.199268983068,2,0.75
158,3701,0.1645940091580741,28.0,28.0,28.0,25,0.00045524826227026736,3549.1022806595256,2,0.7155612244897961
159,2088,0.16432758808861353,27.0,27.0,27.0,21,0.0005004930719762225,10479.65869945442,2,0.6995884773662551
160,3000,0.16429195029498941,37.0,37.0,37.0,33,0.0006219834020339745,2908.078645803087,2,0.6267348429510591
161,2469,0.16418434973651247,29.0,29.0,29.0,26,0.0005765763705701273,6505.22915741323,2,0.6777645659928657
162,2880,0.16410224035412838,56.0,56.0,56.0,46,0.0009166483027446499,10727.034350729196,2,0.44005102040816346
163,819,0.16405650653423645,60.0,60.0,60.0,45,0.0010514988033956238,37933.00222037232,2,0.34666666666666657
164,84,0.16392707588738442,71.0,71.0,71.0,60,0.0014565294866302906,41046.82372941248,2,0.1963896052370563
165,2707,0.16386305571922433,30.0,30.0,30.0,24,0.0004675692142569972,1619.3220534294562,2,0.6966666666666667
166,695,0.16364096594191513,71.0,71.0,71.0,48,0.0011483317189952067,10423.62227712867,2,0.2999404879984129
167,941,0.16360867054909728,25.0,25.0,25.0,20,0.00047395773357402894,3949.800369536417,2,0.72
168,3702,0.16330582940627567,26.0,26.0,26.0,25,0.0004466572674406616,7700.434169168466,2,0.7100591715976331
169,71,0.1632857653074031,35.0,35.0,35.0,23,0.0005449837609607868,986.5178495990239,2,0.6465306122448979
170,2900,0.16312824759140138,49.0,49.0,49.0,46,0.0007905361481101174,16985.263428513335,2,0.4872969596001667
171,683,0.16297293223482778,25.0,25.0,25.0,21,0.00043264579880484714,4861.13350531478,2,0.72
172,2611,0.16294427357741947,42.0,42.0,42.0,33,0.0006326809772422313,3258.42287300424,2,0.5799319727891157
173,68,0.1629267791271946,52.0,52.0,52.0,43,0.0008695927246118495,8063.685350153732,2,0.4659763313609466
174,2742,0.16283998217045648,43.0,43.0,43.0,38,0.0006458482660359405,2709.1754312961243,2,0.5711195240670635
175,932,0.16281715290705837,84.0,84.0,84.0,79,0.0016437433757236135,63072.71400706261,2,0.03528911564625847
176,3762,0.1623890392765302,26.0,26.0,26.0,21,0.00044979804640443705,1508.0221326903536,2,0.7100591715976331
177,3761,0.16237393537924044,21.0,21.0,21.0,21,0.00039495264249884786,3228.3316969219027,2,0.7482993197278912
178,3131,0.16236851392302948,21.0,21.0,21.0,19,0.0003928875343673055,3441.1129575532987,2,0.7482993197278912
179,42,0.16222888781342099,28.0,28.0,28.0,23,0.0004849993056935962,1976.7904430460248,2,0.6887755102040816
180,2536,0.1620391478718236,20.0,20.0,20.0,19,0.00038062969208996656,5642.201503525415,2,0.75
181,1939,0.16203570757718647,21.0,21.0,21.0,17,0.0004504368284339815,3073.298898138513,2,0.7346938775510206
182,230,0.16158018815655736,22.0,22.0,22.0,22,0.0005129803149196569,14476.313588463714,2,0.6942148760330579
183,682,0.1614228060134421,34.0,34.0,34.0,22,0.0005635999970507334,5873.416202227783,2,0.6228373702422144
184,705,0.1614199259728628,24.0,24.0,24.0,23,0.00046166684136085805,6143.358205425652,2,0.703125
185,3010,0.16133734299165378,24.0,24.0,24.0,24,0.00045258688056090554,6706.218251756341,2,0.703125
186,1978,0.1611941042450291,22.0,22.0,22.0,20,0.00043238716260127826,2010.80242454973,2,0.7252066115702478
187,2873,0.16106439502990033,37.0,37.0,37.0,30,0.0006181225452272188,5138.0836459040265,2,0.591672753834916
188,513,0.16105122613902056,21.0,21.0,21.0,20,0.0004100359740756044,1663.0161576290861,2,0.7346938775510206
189,2887,0.16104217393602283,23.0,23.0,23.0,18,0.00043770644213541015,3265.01265125892,2,0.714555765595463
190,1804,0.16101580664066822,27.0,27.0,27.0,24,0.0005240620926305438,7534.280073242461,2,0.6666666666666666
191,1070,0.16087118748556814,19.0,19.0,19.0,17,0.00046750974754896583,3598.6677906933087,2,0.7313019390581718
192,3324,0.1608621214352605,35.0,35.0,35.0,32,0.0005804869807845496,3112.727231060476,2,0.6122448979591837
193,1116,0.16066132765060284,17.0,17.0,17.0,16,0.00044147414322824423,2972.2224724049606,2,0.7474048442906573
194,113,0.16051283395405058,29.0,29.0,29.0,26,0.0005806494068593106,5355.7828536229035,2,0.6420927467300832
195,3757,0.16020301429059652,19.0,19.0,19.0,17,0.00034441576472280026,3548.174085458623,2,0.7479224376731304
196,764,0.15997243484568646,23.0,23.0,23.0,20,0.0004019819894862339,754.0926392325603,2,0.714555765595463
197,1474,0.15989079644086973,24.0,24.0,24.0,21,0.000529117423471892,8194.899877982136,3,0.33854166666666663
198,898,0.15983233573556474,21.0,21.0,21.0,16,0.0003538099192090178,659.7003254172685,2,0.7346938775510206
199,810,0.1598273650835333,76.0,76.0,76.0,67,0.001479521899782781,68600.10729775802,2,0.07686980609418259
200,2879,0.15975802525325833,23.0,23.0,23.0,18,0.00039132893805677915,668.8781536423252,2,0.714555765595463
201,243,0.15975740978387046,45.0,45.0,45.0,30,0.0008259947423652832,11594.811513544566,2,0.47999999999999976
202,1453,0.15965058723224468,74.0,74.0,74.0,74,0.0019081739697936017,47373.672176321896,2,0.039992695398100575
203,239,0.15963255241047758,67.0,67.0,67.0,59,0.0011925781784662551,54162.18133272444,2,0.20717308977500548
204,2820,0.15960392868357143,17.0,17.0,17.0,17,0.0003661917715492638,5274.364178234949,2,0.7474048442906573
205,2532,0.15957534187292938,8.0,8.0,8.0,8,0.00021595410638528003,56551.58111691465,2,0.75
206,112,0.15957181247048013,25.0,25.0,25.0,24,0.0004049829078305384,4865.969926786885,2,0.6912
207,385,0.15937701938309934,67.0,67.0,67.0,50,0.0010827509133509885,41942.62503014595,2,0.24459790599242603
208,3550,0.159299193628488,27.0,27.0,27.0,25,0.00047337038611009434,2710.7938348816324,2,0.6666666666666666
209,479,0.15922855773524414,34.0,34.0,34.0,31,0.0006445756747954468,6957.140270492961,2,0.5839100346020759
210,3434,0.1592048784796012,38.0,38.0,38.0,31,0.0005654237654167109,2061.7028761301967,2,0.5817174515235458
211,644,0.1591531687296498,40.0,40.0,40.0,32,0.0005892512234510819,3268.9366918077308,2,0.5625
212,3613,0.15900563625298192,27.0,27.0,27.0,18,0.0004598562248954549,2465.886241849864,2,0.6666666666666666
213,3387,0.15897241748575816,17.0,17.0,17.0,14,0.00036335992738317346,1606.752397345093,2,0.7474048442906573
214,3003,0.15887550221095503,29.0,29.0,29.0,22,0.0005183217778584088,2428.0170704227494,2,0.6420927467300832
215,1405,0.1587716029345476,66.0,66.0,66.0,63,0.0018705208226440296,46968.443796358406,2,0.08815426997245157
216,1833,0.15872728313342283,44.0,44.0,44.0,35,0.0006413302403035894,1335.135266051148,2,0.5268595041322315
217,3641,0.15870805313767367,18.0,18.0,18.0,18,0.000343203913422806,2667.477751580165,2,0.7407407407407407
218,702,0.15863718068849367,19.0,19.0,19.0,18,0.00036789150475024146,1348.7477743907277,2,0.7313019390581718
219,1039,0.15856182602733837,20.0,20.0,20.0,19,0.00038576744930985047,1998.9305871342333,2,0.72
220,3417,0.15841459532562382,32.0,32.0,32.0,22,0.0005889993917974301,1952.8553109633178,2,0.6064453125
221,757,0.15825451538245167,80.0,80.0,80.0,63,0.001449048854367289,49034.425661811176,2,0.0731250000000001
222,3223,0.15822667259330397,30.0,30.0,30.0,30,0.0004966606745069886,4673.837071042059,2,0.6300000000000001
223,3552,0.15810353427452362,31.0,31.0,31.0,23,0.0005312028108455613,3401.5882037569772,2,0.6181061394380851
224,3732,0.15802814751754848,15.0,15.0,15.0,14,0.0003618292824679405,4072.5239486079195,2,0.7466666666666666
225,87,0.15778762652752534,23.0,23.0,23.0,20,0.00044327338329967243,3538.2939461166034,2,0.6805293005671078
226,1432,0.15777838694782642,76.0,76.0,76.0,74,0.0016540593502767963,58764.935771571014,2,0.03895429362880887
227,3825,0.15777315153451277,21.0,21.0,21.0,15,0.0003822224051172589,1458.3366388463994,2,0.7074829931972789
228,873,0.15748181204054273,29.0,29.0,29.0,27,0.0006403776730511789,6134.722791382129,2,0.5992865636147442
229,778,0.15720509743493927,37.0,37.0,37.0,26,0.000623524499277918,5031.975682980743,2,0.5522279035792548
230,3593,0.1571577383760791,21.0,21.0,21.0,18,0.00036015928847852365,194.6889825813407,2,0.7074829931972789
231,3793,0.1570953354861781,20.0,20.0,20.0,20,0.0004875311526804273,4306.120698392031,2,0.6824999999999999
232,3662,0.1570671562407793,12.0,12.0,12.0,12,0.0002915646502647408,15978.526982824345,2,0.75
233,2437,0.15704468959000825,32.0,32.0,32.0,32,0.0005356050015373799,27533.184398009413,2,0.5625
234,592,0.15691369328487376,61.0,61.0,61.0,47,0.0011121055961128953,32601.125058266472,2,0.2660575114216607
235,429,0.15687276422287713,67.0,67.0,67.0,59,0.0011457461888591386,42258.39425864893,2,0.20717308977500548
236,2892,0.15658487560964188,17.0,17.0,17.0,13,0.00035520003481340174,607.670460036318,2,0.726643598615917
237,1979,0.15655146939787198,42.0,42.0,42.0,32,0.0007944368641518907,17788.61675539631,2,0.4625850340136055
238,2058,0.15625627598523378,39.0,39.0,39.0,27,0.0006162722882661857,4563.258849619876,2,0.5325443786982247
239,3126,0.15619144031243384,65.0,65.0,65.0,63,0.0013043915792785334,23044.1747169948,2,0.2130177514792897
240,787,0.15606965035710324,45.0,45.0,45.0,41,0.0006912558053230912,4325.369919065149,2,0.47999999999999976
241,942,0.15595573104220883,14.0,14.0,14.0,13,0.00029583050472159196,611.5445273543435,2,0.75
242,2729,0.15595258403397536,40.0,40.0,40.0,32,0.0008336652695673286,6050.02538044814,2,0.47999999999999976
243,3435,0.1557978297079989,26.0,26.0,26.0,25,0.0004609791416687686,3401.4585395905024,2,0.63905325443787
244,2812,0.15571995501125818,55.0,55.0,55.0,39,0.0009157127561901531,4168.981295557292,2,0.3728925619834712
245,3185,0.15547773471353848,18.0,18.0,18.0,17,0.000332223283499405,1110.6725835315494,2,0.7129629629629628
246,2886,0.15542740677293168,17.0,17.0,17.0,12,0.00029428431085418746,555.3541814230776,2,0.726643598615917
247,1543,0.15542391393638805,14.0,14.0,14.0,14,0.0002592699676459457,1613.490793095273,2,0.75
248,478,0.1553760483752944,14.0,14.0,14.0,11,0.000268240525832252,236.1073237825572,2,0.75
249,368,0.1553273080097745,13.0,13.0,13.0,13,0.00031813346146312326,673.1833151866028,2,0.7455621301775148
250,3820,0.15514938139704632,25.0,25.0,25.0,20,0.00040997019604655725,573.8537126153878,2,0.6527999999999998
251,3682,0.15487435237417763,19.0,19.0,19.0,16,0.00033020019675772416,3076.6294039560757,2,0.6980609418282548
252,369,0.15458121339426556,22.0,22.0,22.0,20,0.00046520740750705954,3317.4072699394496,2,0.6508264462809917
253,2992,0.15448543181500746,13.0,13.0,13.0,11,0.0002689307359515883,1221.1602100294187,2,0.7455621301775148
254,2890,0.15446673673879574,14.0,14.0,14.0,14,0.0002832788976450298,2377.9139004197214,2,0.7346938775510206
255,535,0.15444702284014533,15.0,15.0,15.0,13,0.00031903134450961816,3393.4100204816623,2,0.72
256,2214,0.15433327081097858,11.0,11.0,11.0,9,0.00027878076896161607,7998.800458927085,2,0.7438016528925622
257,383,0.15423842142923405,13.0,13.0,13.0,9,0.0002633219375338955,325.3558572580781,2,0.7455621301775148
258,1735,0.15422119210168758,16.0,16.0,16.0,15,0.00036031445936134544,3823.03246725234,2,0.703125
259,3176,0.15416191894855039,12.0,12.0,12.0,12,0.00026855460241953917,300.6536487155993,2,0.75
260,483,0.1541201065876896,22.0,22.0,22.0,17,0.0004432703814002675,3017.64917014566,2,0.6508264462809917
261,63,0.15402140431954067,28.0,28.0,28.0,20,0.00045325975079225114,2258.286898625412,2,0.6122448979591837
262,241,0.15399883852423235,31.0,31.0,31.0,25,0.0005508973504653936,2730.3428371362893,2,0.574401664932362
263,220,0.1539844333084417,13.0,13.0,13.0,13,0.00024699339426428126,668.3508830180806,2,0.7455621301775148
264,1388,0.15396474281124023,72.0,72.0,72.0,64,0.0014364949110080782,49533.28236512301,2,0.08101851851851871
265,1682,0.15393830432112718,80.0,80.0,80.0,74,0.0015719759337383342,29836.571043761134,2,0.03703124999999996
266,2876,0.1539078792541278,20.0,20.0,20.0,16,0.0003499981996720858,545.2256067560933,2,0.6824999999999999
267,2709,0.15380987450394337,16.0,16.0,16.0,15,0.0003562579526579886,1698.999954971383,2,0.703125
268,3631,0.15380413063934562,14.0,14.0,14.0,11,0.00025542765521619843,1507.6482528432946,2,0.7346938775510206
269,1145,0.15364503406276625,14.0,14.0,14.0,12,0.00025502247482375127,546.7724386316236,2,0.7346938775510206
270,1047,0.1535883937038678,15.0,15.0,15.0,13,0.00029852312126518775,400.593835474653,2,0.72
271,2545,0.15354330262663948,16.0,16.0,16.0,14,0.00032658899659739825,3558.9007920547624,2,0.703125
272,3696,0.15353177741024837,15.0,15.0,15.0,12,0.0002935760221584626,633.5260398547641,2,0.72
273,1395,0.15350014823975527,10.0,10.0,10.0,9,0.0002759331548275456,3024.0239298239626,2,0.75
274,1934,0.1535001225802702,27.0,27.0,27.0,19,0.0006147727335754312,6433.44175245312,2,0.5761316872427985
275,756,0.15349348331851542,48.0,48.0,48.0,44,0.0009198095999174109,16359.765386212957,2,0.37369791666666663
276,3365,0.15347275609441174,15.0,15.0,15.0,15,0.0002880525309846152,920.1894011618189,2,0.72
277,2153,0.15332215516528827,16.0,16.0,16.0,16,0.000329039968642862,1862.4902644162578,2,0.703125
278,1845,0.15328054119879117,16.0,16.0,16.0,16,0.00032176679799331387,2469.015693471987,2,0.703125
279,2159,0.15310710942343347,11.0,11.0,11.0,11,0.0002613475946262384,2306.1526444426063,2,0.7438016528925622
280,750,0.1530831504037875,57.0,57.0,57.0,46,0.0009345289723209454,34700.738276813216,2,0.2825484764542936
281,2019,0.15306691225853056,16.0,16.0,16.0,15,0.0002972127981942619,4052.5878957184855,2,0.703125
282,831,0.15302967323600697,11.0,11.0,11.0,7,0.00027209172057704705,528.8791430322583,2,0.7438016528925622
283,926,0.15301074660707226,41.0,41.0,41.0,36,0.0006958545184709811,5594.137859399445,2,0.47114812611540724
284,2866,0.15272774863453925,22.0,22.0,22.0,21,0.00038113273820453093,1621.3559006283394,2,0.6508264462809917
285,1955,0.1526616507256891,9.0,9.0,9.0,8,0.00024995253252557264,10590.912875460204,2,0.7407407407407407
286,116,0.1525970410748693,22.0,22.0,22.0,21,0.00038181247590235803,710.7352940022206,2,0.6508264462809917
287,1891,0.15228191446127978,26.0,26.0,26.0,21,0.0005412280244672245,2461.1141058134485,2,0.5902366863905327
288,3638,0.15207942827197432,9.0,9.0,9.0,9,0.0002788470265722484,3438.6161897836714,2,0.7407407407407407
289,1048,0.15207059359058364,11.0,11.0,11.0,8,0.00022377313601338485,227.44547636175713,2,0.7438016528925622
290,3749,0.15201757965898935,10.0,10.0,10.0,10,0.0002173334520652686,631.9345575545391,2,0.75
291,520,0.15201244616564666,12.0,12.0,12.0,11,0.00026088688995633643,798.8030868116858,2,0.7291666666666665
292,189,0.15198859940962867,12.0,12.0,12.0,11,0.0002542978928336762,1436.1606730855256,2,0.7291666666666665
293,1711,0.15196081493759,12.0,12.0,12.0,10,0.000250551525629436,1708.2954159241156,2,0.7291666666666665
294,244,0.15194356906415626,61.0,61.0,61.0,49,0.001014522389179562,12748.597169388524,2,0.2660575114216607
295,3494,0.15192604432642873,12.0,12.0,12.0,9,0.00025387319400260863,1090.1191505770423,2,0.7291666666666665
296,2485,0.15191493929972744,56.0,56.0,56.0,56,0.0013203209293541286,67774.26400373076,2,0.15210459183673475
297,108,0.15191088457803353,71.0,71.0,71.0,62,0.0013357789260628025,77431.86327979542,2,0.0416584011108907
298,2765,0.15190944344664992,14.0,14.0,14.0,13,0.0003769227533869766,4077.445143735833,2,0.6887755102040816
299,879,0.1518949173017638,37.0,37.0,37.0,34,0.0005922221173117813,2894.7046485685387,2,0.5084002921840759
300,518,0.15187095266282885,10.0,10.0,10.0,8,0.00021204906986554652,334.1727658135062,2,0.75
301,2292,0.15185730323554558,13.0,13.0,13.0,13,0.0003083118090052115,2358.1566241684222,2,0.7100591715976331
302,3578,0.1518353794615439,11.0,11.0,11.0,7,0.00021255790737459147,77.52681683655608,2,0.7438016528925622
303,808,0.15180977914816374,38.0,38.0,38.0,36,0.0007646038910128442,14343.542618932777,2,0.4508310249307481
304,118,0.151789335074628,17.0,17.0,17.0,11,0.00032410685956202724,247.97883631592052,2,0.6851211072664358
305,2407,0.15164604873635806,13.0,13.0,13.0,12,0.0002977264841868993,2284.852978553045,2,0.7100591715976331
306,265,0.15158529527192463,25.0,25.0,25.0,17,0.00044559067305192777,4151.498501936984,2,0.6048
307,1607,0.1515607644971631,9.0,9.0,9.0,9,0.0002520282618628587,3357.9991390172468,2,0.7407407407407407
308,3128,0.15152997426940537,13.0,13.0,13.0,10,0.0002855409241588978,3006.9453013636944,2,0.7100591715976331
309,2577,0.15152415645686482,26.0,26.0,26.0,16,0.0005063600424227271,1827.0148856514452,2,0.5902366863905327
310,350,0.15147211208701708,15.0,15.0,15.0,14,0.0003222088660824684,1057.4611999985536,3,0.36
311,3151,0.1514126722682237,7.0,7.0,7.0,7,0.0001832858418105194,22287.806025117854,2,0.7346938775510206
312,2999,0.15132457677193273,8.0,8.0,8.0,7,0.0002432771314125627,935.0560140676894,2,0.75
313,1574,0.15128093447327046,13.0,13.0,13.0,12,0.0002804783371320457,2032.888355673219,2,0.7100591715976331
314,2,0.15124292777721154,13.0,13.0,13.0,13,0.0002847224106998953,1283.776436328299,2,0.7100591715976331
315,1137,0.15124272305220504,13.0,13.0,13.0,9,0.00029420133935445216,147.92455618621324,2,0.7100591715976331
316,2983,0.15116721836962738,13.0,13.0,13.0,10,0.0002898837884721748,185.66926038943382,2,0.7100591715976331
317,399,0.1511266972118,25.0,25.0,25.0,17,0.0004396290238799642,1955.5302398095862,2,0.6048
318,724,0.15097051952420043,14.0,14.0,14.0,14,0.0003453840113334962,1895.472649593333,2,0.6887755102040816
319,2149,0.1509569768092235,8.0,8.0,8.0,8,0.00020738680852597674,2898.642573178315,2,0.75
320,1122,0.15088671329220094,9.0,9.0,9.0,6,0.00023309161814072233,1348.113958758852,2,0.7407407407407407
321,940,0.15083503526166508,9.0,9.0,9.0,9,0.00023725584988569604,521.8220279459282,2,0.7407407407407407
322,629,0.15081237013964147,97.0,97.0,97.0,95,0.0021742437020527846,106548.83219886765,1,0.0
323,2961,0.15072163730915655,30.0,30.0,30.0,30,0.0005863394868256614,5539.448967427325,2,0.5366666666666666
324,511,0.15068134914894382,15.0,15.0,15.0,12,0.0002739679556996464,1814.599479192917,3,0.36
325,3150,0.1506367316397617,8.0,8.0,8.0,7,0.00021097994638705344,436.80805940672434,2,0.75
326,2254,0.15047280423659737,9.0,9.0,9.0,9,0.00021968388953819414,326.90772545345925,2,0.7407407407407407
327,3671,0.15041056051245677,20.0,20.0,20.0,17,0.00037828824689636214,8278.84530429527,2,0.6300000000000001
328,1126,0.15037294799630302,8.0,8.0,8.0,6,0.00020027327148763275,44.763029344812246,2,0.75
329,2404,0.15035494966012322,14.0,14.0,14.0,12,0.0002922766273601975,4346.584817701895,2,0.6887755102040816
330,3153,0.15028971582613723,8.0,8.0,8.0,7,0.00019406555266535287,259.71964143536053,2,0.75
331,577,0.1502685454567281,9.0,9.0,9.0,8,0.00020864453121226901,352.33196970444214,2,0.7407407407407407
332,3297,0.15025354277713138,10.0,10.0,10.0,10,0.0002676556663540505,2450.209730582567,2,0.72
333,1947,0.15015934623429983,8.0,8.0,8.0,6,0.00021884144206661183,26206.510419607675,2,0.703125
334,1111,0.15011668055157568,9.0,9.0,9.0,9,0.00019327790573417315,1228.1038011252117,2,0.7407407407407407
335,3443,0.15003782701014004,38.0,38.0,38.0,38,0.0006924581234750186,11736.84464110506,2,0.4508310249307481
336,191,0.15001667811527125,10.0,10.0,10.0,10,0.000268015628932713,904.3603036891193,2,0.72
337,3085,0.1500089032697111,6.0,6.0,6.0,5,0.00021251271694845458,4075.216193422696,2,0.75
338,1581,0.1498916740677919,10.0,10.0,10.0,10,0.0002592337784341857,1162.4025800423994,2,0.72
339,151,0.14987598997747653,9.0,9.0,9.0,9,0.00018644013825112947,519.4927842954656,2,0.7407407407407407
340,635,0.14982987986600715,20.0,20.0,20.0,16,0.00039925126229490817,2085.665922005911,2,0.6300000000000001
341,575,0.14982772371833797,8.0,8.0,8.0,6,0.00016682002505427802,589.7306089841276,2,0.75
342,3155,0.14980863857505972,9.0,9.0,9.0,9,0.00018382615278448106,405.06183093877604,2,0.7407407407407407
343,979,0.1497614325613693,10.0,10.0,10.0,9,0.0002554872052653613,784.5333137959315,2,0.72
344,3527,0.1497337196523853,9.0,9.0,9.0,8,0.0001822652755202217,116.5707349317299,2,0.7407407407407407
345,69,0.14972496988266665,9.0,9.0,9.0,7,0.00018268783262371721,10.481920776423852,2,0.7407407407407407
346,2838,0.14965958766153492,15.0,15.0,15.0,10,0.0003578337561247031,2212.4648900272914,2,0.6666666666666666
347,2298,0.14942901088474456,10.0,10.0,10.0,10,0.00023605487196148205,1001.4134895870319,2,0.72
348,2967,0.14941083932195948,14.0,14.0,14.0,10,0.00024108430843629517,4484.085805546246,2,0.6887755102040816
349,1157,0.14938724663721686,10.0,10.0,10.0,8,0.00021066663184900953,3775.2164597781516,2,0.72
350,3392,0.14931742348594587,14.0,14.0,14.0,14,0.00026849053807288646,611.1085452434868,2,0.6887755102040816
351,2584,0.14910974784222158,10.0,10.0,10.0,8,0.00021348559490726486,1677.2447693404151,2,0.72
352,2402,0.14904609286748985,19.0,19.0,19.0,18,0.0004068723546949226,3788.144816632421,3,0.2908587257617729
353,430,0.14899439802161796,56.0,56.0,56.0,38,0.0009507446740469128,7903.936401929171,2,0.2869897959183674
354,3801,0.14891908829143502,20.0,20.0,20.0,14,0.00035946835455155803,1068.937996117188,2,0.6300000000000001
355,2371,0.14889515200579376,7.0,7.0,7.0,6,0.0002207186280470871,1835.2348987974049,2,0.7346938775510206
356,3345,0.14887657309301833,10.0,10.0,10.0,7,0.00021354930915483668,190.26422282952706,2,0.72
357,3313,0.14886951667708437,10.0,10.0,10.0,8,0.00021177175234994642,358.25501439500886,2,0.72
358,2736,0.14884394432551223,21.0,21.0,21.0,19,0.0003992863250578918,3188.3163555893098,2,0.6122448979591837
359,9,0.14866353219020517,36.0,36.0,36.0,33,0.0006239057943887953,6925.178225920711,2,0.46990740740740733
360,3275,0.14863586378804022,21.0,21.0,21.0,19,0.0003950852415534353,2371.006252479844,2,0.6122448979591837
361,2826,0.148607589602117,7.0,7.0,7.0,6,0.00020610778764774246,1759.6256713354057,2,0.7346938775510206
362,349,0.1485935214521097,72.0,72.0,72.0,63,0.0013048755310819812,31209.894348232057,2,0.08101851851851871
363,200,0.14858353174771682,6.0,6.0,6.0,5,0.00016456816218255257,770.6707782775225,2,0.75
364,90,0.14858317224371226,66.0,66.0,66.0,51,0.0011463343156723192,16575.27575546082,2,0.1707988980716253
365,1163,0.14855610021685975,11.0,11.0,11.0,10,0.0002863434433508229,1900.7595397394625,2,0.6942148760330579
366,3390,0.14851980592072525,7.0,7.0,7.0,5,0.0002133825026777758,331.9646359823614,2,0.7346938775510206
367,2281,0.14847208014567514,20.0,20.0,20.0,16,0.0004006783337569682,5460.533551393213,3,0.2774999999999999
368,1370,0.14843164178261337,7.0,7.0,7.0,4,0.000209995541371848,178.0084243445032,2,0.7346938775510206
369,1664,0.1484301909132984,15.0,15.0,15.0,15,0.0003081291931728407,361.92141531882135,2,0.6666666666666666
370,3144,0.14836455376780142,15.0,15.0,15.0,15,0.0002928319185123828,1776.4561115141996,2,0.6666666666666666
371,3288,0.1483581468856699,6.0,6.0,6.0,6,0.0001555514971827235,419.96221171304626,2,0.75
372,1140,0.14834072462220452,6.0,6.0,6.0,6,0.00015606661614305195,247.77268241131952,2,0.75
373,3050,0.14828686548024747,6.0,6.0,6.0,6,0.000153467198174145,217.19844494278152,2,0.75
374,834,0.1482054539754942,24.0,24.0,24.0,19,0.0005267271965449019,3736.3776149634523,2,0.5625
375,2912,0.14815958684976194,15.0,15.0,15.0,11,0.0002916839388845602,613.4676017016092,2,0.6666666666666666
376,3626,0.1481552997536798,7.0,7.0,7.0,6,0.00018799097800996858,1058.5561120550144,2,0.7346938775510206
377,2192,0.1481183568588169,7.0,7.0,7.0,7,0.0001906471216966694,506.25606220727434,2,0.7346938775510206
378,92,0.14810267445141426,15.0,15.0,15.0,12,0.0002901031627457793,441.598881390683,2,0.6666666666666666
379,839,0.14803861383383393,25.0,25.0,25.0,24,0.0005290238246909169,8207.391826785853,2,0.5472
380,471,0.14803076349171138,41.0,41.0,41.0,33,0.0007524876298712042,28362.356512778188,2,0.37477691850089234
381,591,0.14802098332461627,6.0,6.0,6.0,3,0.00014118848663469642,0.0,2,0.75
382,2272,0.1480093235059818,45.0,45.0,45.0,36,0.0008257121640317002,21686.079237011778,2,0.34666666666666657
383,1811,0.14799404440669234,4.0,4.0,4.0,3,0.00019090974508864308,1682.9106014476104,2,0.75
384,3084,0.14797599183612287,7.0,7.0,7.0,7,0.00018502575995182232,275.8677400285985,2,0.7346938775510206
385,1045,0.14797027060918488,64.0,64.0,64.0,43,0.0010303227688902598,5659.2231996876835,2,0.216064453125
386,1997,0.14790782216383627,23.0,23.0,23.0,21,0.0004522400492415759,4546.876152900548,2,0.5784499054820418
387,780,0.14782778694406457,7.0,7.0,7.0,7,0.00017799490747014677,177.13386418038405,2,0.7346938775510206
388,3114,0.1476686724713716,42.0,42.0,42.0,42,0.0006723535175894867,5177.452344733337,2,0.4166666666666665
389,462,0.14766671586653576,64.0,64.0,64.0,56,0.0011428884821147514,42304.0478703241,2,0.134033203125
390,3600,0.14765594232570778,11.0,11.0,11.0,10,0.0002536765371175651,99.76670727528872,2,0.6942148760330579
391,3510,0.14761722084464093,7.0,7.0,7.0,6,0.00016762830070031148,82.01887782686579,2,0.7346938775510206
392,3138,0.14761172573473816,7.0,7.0,7.0,7,0.00016291921502808188,610.7961146862068,2,0.7346938775510206
393,2342,0.14761027821474917,11.0,11.0,11.0,10,0.00024770631932995467,524.6432055285985,2,0.6942148760330579
394,2332,0.14760407165847744,4.0,4.0,4.0,4,0.00016996650538383124,1715.5072001097415,2,0.75
395,3164,0.14752782781189352,7.0,7.0,7.0,6,0.00016308628417740595,58.517066348751165,2,0.7346938775510206
396,1809,0.14752346120342635,21.0,21.0,21.0,18,0.00035257591934705675,401.50725218195475,2,0.6122448979591837
397,730,0.14748488849196356,7.0,7.0,7.0,3,0.00016129913838148113,0.0,2,0.7346938775510206
398,529,0.14730725351783036,22.0,22.0,22.0,19,0.0004267111707024839,1974.8676224552712,3,0.25413223140495883
399,1848,0.1472969308685902,21.0,21.0,21.0,19,0.0003950177927666351,2516.1901142425577,3,0.26530612244897955
400,1318,0.1472419370476351,4.0,4.0,4.0,4,0.00013150981700437578,4020.941865781162,2,0.75
401,3607,0.1472272235115561,7.0,7.0,7.0,5,0.00014689621403639702,89.18614604309347,2,0.7346938775510206
402,969,0.14721179775086396,12.0,12.0,12.0,12,0.00030971671746445533,4149.527506946938,2,0.6666666666666666
403,2487,0.1470125903010943,4.0,4.0,4.0,2,0.00015294134172379734,0.6892721404440154,2,0.75
404,714,0.14696743510460583,12.0,12.0,12.0,11,0.00032141494120953594,1199.0073854955497,2,0.6666666666666666
405,1838,0.1469600563708141,4.0,4.0,4.0,3,0.00014976021864282377,48.148226297483795,2,0.75
406,2748,0.146960038692738,11.0,11.0,11.0,11,0.00021402146664011539,431.0732548376591,2,0.6942148760330579
407,2003,0.14693262421244652,44.0,44.0,44.0,34,0.000766034473801762,21688.422892582596,2,0.35330578512396693
408,514,0.14687686260377855,4.0,4.0,4.0,4,0.0001449615364705364,94.69790600070884,2,0.75
409,2794,0.14687371124840387,27.0,27.0,27.0,27,0.000511374178887781,13320.926071171236,2,0.5185185185185185
410,3361,0.14686365218633196,16.0,16.0,16.0,13,0.0002999704016656862,1540.7792033490311,2,0.64453125
411,2104,0.14684107744270153,8.0,8.0,8.0,8,0.00021008792440132631,6201.804767727541,2,0.703125
412,1649,0.14682429459232577,12.0,12.0,12.0,9,0.0003123569600281594,1375.0352954292534,2,0.6666666666666666
413,2833,0.1467600127556006,48.0,48.0,48.0,42,0.0008827827397985427,6985.033848200122,2,0.328125
414,604,0.14672995871917321,12.0,12.0,12.0,10,0.00029302154114556767,3090.8277373688534,2,0.6666666666666666
415,2896,0.14669954447205621,11.0,11.0,11.0,6,0.00020205642144578256,210.51464929101607,2,0.6942148760330579
416,2704,0.14663786758806108,4.0,4.0,4.0,3,0.0001329407056291709,17.21601150997945,2,0.75
417,3216,0.1466240153571926,4.0,4.0,4.0,4,0.0001315005115536389,101.71175932750154,2,0.75
418,1481,0.1466036303158138,33.0,33.0,33.0,32,0.0006573663279881324,16548.515444747845,2,0.44628099173553704
419,3368,0.14653012984911443,4.0,4.0,4.0,4,0.00012723938077932942,16.08806685773186,2,0.75
420,3644,0.1465127741725441,53.0,53.0,53.0,48,0.0008101360393868509,11697.32317410428,2,0.3011747953008187
421,3522,0.14646949947033494,4.0,4.0,4.0,4,0.00012360225621476785,66.75967539642382,2,0.75
422,3162,0.14646260752070414,16.0,16.0,16.0,16,0.0002836610025155146,948.4969235224339,2,0.64453125
423,2782,0.14644411971873667,47.0,47.0,47.0,43,0.0008278693207298122,11673.06224560759,2,0.3340878225441375
424,2340,0.14641695349150935,4.0,4.0,4.0,4,0.00012111943361643344,30.561126786496327,2,0.75
425,275,0.1463912217075239,31.0,31.0,31.0,18,0.0006720536438841563,7302.2381600589,2,0.46826222684703456
426,3466,0.14637998017893072,4.0,4.0,4.0,4,0.0001193839708758663,3.708757953543959,2,0.75
427,2958,0.14637888457900614,4.0,4.0,4.0,4,0.00011329475254337658,725.5892543867791,2,0.75
428,3462,0.1463676154909182,4.0,4.0,4.0,4,0.00011830637511363842,54.24191717523454,2,0.75
429,1806,0.14635531160908855,5.0,5.0,5.0,5,0.00020071819710157685,5242.810953160376,2,0.72
430,2690,0.1463387319306843,4.0,4.0,4.0,4,0.00011507180552884936,258.14546243541326,2,0.75
431,1087,0.14624578675113506,35.0,35.0,35.0,21,0.0005284127517151376,515.1777271959531,2,0.47999999999999976
432,2990,0.1462357261141586,4.0,4.0,4.0,4,0.00010888894834210651,344.6743620840915,2,0.75
433,2606,0.14612493307972418,4.0,4.0,4.0,4,0.00010557687383087191,38.18796598316148,2,0.75
434,3295,0.14611483714380785,2.0,2.0,2.0,2,0.00015652370673895283,1681.265625,2,0.75
435,3385,0.1459989091869589,38.0,38.0,38.0,31,0.0007587434503213092,11130.722326707586,2,0.39889196675900296
436,1911,0.145938955345779,8.0,8.0,8.0,5,0.00021318605362369072,107.55747260672902,2,0.703125
437,862,0.1459365904083351,8.0,8.0,8.0,6,0.00021060601806486396,401.3632714805443,2,0.703125
438,209,0.14590111784150606,64.0,64.0,64.0,51,0.0011950500411033332,52275.05304878221,2,0.0908203125
439,977,0.14580441296537494,12.0,12.0,12.0,12,0.0002659090471942258,463.9447307927858,2,0.6666666666666666
440,2570,0.14578225634619224,2.0,2.0,2.0,1,0.00015294150915189686,0.0,2,0.75
441,2643,0.14578164198233853,8.0,8.0,8.0,8,0.00019923055669592672,779.861130560512,2,0.703125
442,1000,0.14572437711542946,5.0,5.0,5.0,5,0.000196720817987301,1718.3633590382228,2,0.72
443,3109,0.14570912032775468,8.0,8.0,8.0,6,0.00018524192716056447,1994.0832270211345,2,0.703125
444,850,0.14569315279688766,12.0,12.0,12.0,9,0.0002563863053570872,897.8625584845167,2,0.6666666666666666
445,2427,0.14564672249721008,26.0,26.0,26.0,23,0.0004645883025964394,6140.2782010698,2,0.5325443786982247
446,1878,0.14563959490450373,8.0,8.0,8.0,8,0.00018921417817049173,1077.5388341790128,2,0.703125
447,720,0.1456104782794652,27.0,27.0,27.0,14,0.0004932144940443314,7480.03880390604,2,0.5185185185185185
448,164,0.14559020601470793,17.0,17.0,17.0,13,0.00032314695581657206,548.4115281368843,2,0.6228373702422144
449,3218,0.14558468763697974,8.0,8.0,8.0,8,0.00018472282798057216,1266.7642359906001,2,0.703125
450,878,0.14557151904189647,9.0,9.0,9.0,6,0.00022716058169871685,15331.854566557333,2,0.6666666666666666
451,3036,0.1455592816024938,26.0,26.0,26.0,23,0.0004974700267656697,1649.8348496324097,2,0.5325443786982247
452,137,0.14547715252457194,8.0,8.0,8.0,7,0.00018712514264293306,296.98008006734204,2,0.703125
453,3104,0.14545276256278156,2.0,2.0,2.0,1,0.0001354763556237609,0.0,2,0.75
454,298,0.1453803419044153,20.0,20.0,20.0,17,0.0004149392158794387,14802.998596630108,2,0.5625
455,2519,0.1452876145796041,2.0,2.0,2.0,1,0.00012672251859776357,0.0,2,0.75
456,2604,0.14524529302335365,2.0,2.0,2.0,1,0.00012447922141075037,0.0,2,0.75
457,1167,0.1452138906837196,2.0,2.0,2.0,1,0.00012281470842002106,0.0,2,0.75
458,217,0.1452133128577144,63.0,63.0,63.0,44,0.0010803909777379157,9984.706492921272,2,0.17838246409674985
459,3637,0.14521201128611053,8.0,8.0,8.0,8,0.00017256524418273047,357.52239998994725,2,0.703125
460,2918,0.14517943685637535,2.0,2.0,2.0,2,0.00011134882986881587,1153.7863115079713,2,0.75
461,551,0.14515431195423295,12.0,12.0,12.0,9,0.00023206473634630823,390.339433058392,2,0.6666666666666666
462,318,0.14512906293576255,38.0,38.0,38.0,31,0.0008134437377902219,34653.28168209308,2,0.3427977839335179
463,559,0.14511430869778102,13.0,13.0,13.0,9,0.0003387965275051795,978.116598445086,2,0.63905325443787
464,3454,0.14502091595542776,12.0,12.0,12.0,11,0.00022644345353683553,216.8447602002406,2,0.6666666666666666
465,1030,0.14500627557439588,2.0,2.0,2.0,2,0.00011092412347302397,106.01545434287921,2,0.75
466,2416,0.14498678235675427,2.0,2.0,2.0,2,0.00010978431914467979,118.76822749339448,2,0.75
467,1752,0.14492876555827433,5.0,5.0,5.0,5,0.00016434028714518715,546.3776692463765,2,0.72
468,2925,0.14489720135204606,2.0,2.0,2.0,2,0.00010578330222770554,29.320458984375,2,0.75
469,3289,0.14488659938347534,17.0,17.0,17.0,14,0.0002857842006051526,556.4750912040437,2,0.6228373702422144
470,3486,0.14487939622370102,2.0,2.0,2.0,2,0.0001032202721672518,223.13204858338062,2,0.75
471,3283,0.1448415814499615,2.0,2.0,2.0,2,9.838984717860683e-05,561.3836900161442,2,0.75
472,381,0.14478995233390823,13.0,13.0,13.0,12,0.0003021413981713751,3307.599254107786,2,0.63905325443787
473,914,0.14474451189219,5.0,5.0,5.0,4,0.00015659720010955658,304.1847230529256,2,0.72
474,916,0.14474451189219,5.0,5.0,5.0,4,0.00015659720010955658,304.1847230529256,2,0.72
475,2372,0.14472585113390607,2.0,2.0,2.0,1,9.694567508936142e-05,0.0,2,0.75
476,3504,0.144676404520413,2.0,2.0,2.0,2,9.344792169329882e-05,104.94428659895385,2,0.75
477,1035,0.14466144773679046,2.0,2.0,2.0,2,9.25814639484543e-05,113.76059210477037,2,0.75
478,2827,0.14465046532845582,5.0,5.0,5.0,3,0.0001541535593843734,0.0,2,0.72
479,949,0.1446486388814749,5.0,5.0,5.0,5,0.00015119788903000106,342.18272238736563,2,0.72
480,2633,0.14463886623416947,5.0,5.0,5.0,5,0.00015160106484912698,231.92414807498315,2,0.72
481,2385,0.1446308364149026,5.0,5.0,5.0,5,0.00014977186520280527,399.92051807230933,2,0.72
482,1546,0.14462769976678672,5.0,5.0,5.0,5,0.00014437872597473968,1025.5366028429776,2,0.72
483,3601,0.1446096519293984,5.0,5.0,5.0,5,0.00014996363921657995,242.5637786504272,2,0.72
484,3573,0.14459606992842736,2.0,2.0,2.0,2,8.774698389097459e-05,277.6266085172666,2,0.75
485,3651,0.1445760331588996,5.0,5.0,5.0,5,0.00014900470523251485,144.0496053272079,2,0.72
486,3028,0.14455332565206386,5.0,5.0,5.0,5,0.00014343979992214182,666.0593315524745,2,0.72
487,3468,0.1445493684649249,5.0,5.0,5.0,5,0.00014168825471214285,850.5994951049726,2,0.72
488,1739,0.14454915906296611,2.0,2.0,2.0,2,8.604068962530603e-05,184.23516822414382,2,0.75
489,3499,0.14454408829675378,2.0,2.0,2.0,2,8.726365315569681e-05,5.6850945723684205,2,0.75
490,419,0.14453090485329284,2.0,2.0,2.0,2,8.643247274660772e-05,21.529764827580546,2,0.75
491,3625,0.14452898727532654,5.0,5.0,5.0,5,0.00014361779794139283,490.3419147456049,2,0.72
492,3369,0.14451319977550503,2.0,2.0,2.0,2,8.552546514477521e-05,17.7632842207436,2,0.75
493,2177,0.14450607875357918,19.0,19.0,19.0,14,0.00037303573254448397,5982.045462002658,2,0.5817174515235458
494,3745,0.14449205521150005,2.0,2.0,2.0,2,8.453160281667027e-05,2.571144701086957,2,0.75
495,2908,0.14446807304185066,2.0,2.0,2.0,2,8.303149115310838e-05,29.970146815122913,2,0.75
496,677,0.14446035000631863,5.0,5.0,5.0,5,0.0001394400178803508,554.9267892602174,2,0.72
497,3148,0.14444444404144036,5.0,5.0,5.0,5,0.00014196817762007272,151.41215919641053,2,0.72
498,1484,0.14443301084897778,5.0,5.0,5.0,5,0.00013985667128485086,331.6060446876015,2,0.72
499,1793,0.14443178927922506,2.0,2.0,2.0,2,8.10385248373384e-05,38.31370804012594,2,0.75
500,2964,0.1444313057615682,2.0,2.0,2.0,2,8.117792906950084e-05,18.56048998434601,2,0.75
501,3353,0.1444267767951521,2.0,2.0,2.0,2,8.064731571394444e-05,53.33713927490115,2,0.75
502,2944,0.14442210262291721,2.0,2.0,2.0,2,8.02424210784155e-05,72.14500486693781,2,0.75
503,3380,0.14441102180276144,2.0,2.0,2.0,2,8.025782578706343e-05,0.0,2,0.75
504,2962,0.14440452256216302,5.0,5.0,5.0,5,0.0001395277366966726,190.23576430326682,2,0.72
505,3230,0.14440250744295444,2.0,2.0,2.0,1,7.980651347493466e-05,0.0,2,0.75
506,3175,0.1443974614972946,2.0,2.0,2.0,2,7.88551346385675e-05,81.85903538462286,2,0.75
507,377,0.14439041967407287,30.0,30.0,30.0,22,0.0005697523998583629,3308.6136930985344,2,0.47999999999999976
508,2894,0.1443684218503804,5.0,5.0,5.0,4,0.00013423794354890185,594.3448513482219,2,0.72
509,2792,0.1443554350390316,2.0,2.0,2.0,2,7.726475912828177e-05,5.581679110839217,2,0.75
510,3042,0.14435185630978625,5.0,5.0,5.0,5,0.00013609616267970965,266.83221615477544,2,0.72
511,3141,0.1443279915060302,5.0,5.0,5.0,5,0.00013402438382417915,363.39989023807055,2,0.72
512,3194,0.1443239228381551,2.0,2.0,2.0,2,7.553153865283739e-05,13.108419362636571,2,0.75
513,3371,0.1443134530833619,2.0,2.0,2.0,1,7.508609645664172e-05,0.0,2,0.75
514,2755,0.14429799295389586,30.0,30.0,30.0,26,0.0005628171759319348,3552.3130043140313,2,0.47999999999999976
515,3688,0.14429399549476835,2.0,2.0,2.0,2,7.388420981706341e-05,20.409581330932895,2,0.75
516,1479,0.1442917492078568,2.0,2.0,2.0,2,7.390051310152464e-05,4.206858509029637,2,0.75
517,3840,0.14425137792936782,29.0,29.0,29.0,24,0.0005347734227119109,2730.433541362876,2,0.492271105826397
518,3846,0.1442019170034014,5.0,5.0,5.0,5,0.00012901572758048556,163.02916616006223,2,0.72
519,745,0.14418081542677638,5.0,5.0,5.0,4,0.00012681466499358794,292.6021085555678,2,0.72
520,3012,0.14418024095745924,18.0,18.0,18.0,17,0.00032225686708988393,1121.0875344334552,2,0.6018518518518519
521,2701,0.14412787953625766,5.0,5.0,5.0,3,0.0001264512967275875,0.2478307265702891,2,0.72
522,3541,0.14406154826544812,5.0,5.0,5.0,5,0.00012210163659764824,100.03557493325279,2,0.72
523,2161,0.14405697234860704,13.0,13.0,13.0,13,0.0002815076495276746,1126.9762527558319,2,0.63905325443787
524,3676,0.14401240645460534,9.0,9.0,9.0,7,0.00025998602429789163,1511.270162406172,2,0.6666666666666666
525,3754,0.14398001806603758,34.0,34.0,34.0,25,0.0006322098061132599,5543.224579753251,2,0.4359861591695502
526,149,0.14385401410476606,74.0,74.0,74.0,62,0.0012125910861034048,30409.64147895746,2,0.039992695398100575
527,123,0.1437084494644699,14.0,14.0,14.0,11,0.0003623343875614544,2347.251571378026,2,0.6122448979591837
528,707,0.1436882227144018,14.0,14.0,14.0,6,0.0003662967220648949,1744.6647297983998,2,0.6122448979591837
529,352,0.14368335198313203,42.0,42.0,42.0,37,0.0007958386187001982,29851.582902491184,2,0.3146258503401361
530,706,0.14347599923137438,23.0,23.0,23.0,17,0.0005130292668386935,12329.135486939653,2,0.5103969754253307
531,649,0.14347491762871056,13.0,13.0,13.0,11,0.00024252069453465502,2100.617969312055,2,0.63905325443787
532,75,0.14342330164393138,65.0,65.0,65.0,56,0.0013160494918626926,19027.88421645484,2,0.08946745562130187
533,1418,0.1434031423752186,39.0,39.0,39.0,36,0.0007583441891314697,31149.06322755781,2,0.3353057199211045
534,2547,0.1433752999769654,13.0,13.0,13.0,9,0.0002473852086741707,886.3595063915228,2,0.63905325443787
535,2199,0.14330521848425937,13.0,13.0,13.0,12,0.00024350392805944253,906.2929985748266,2,0.63905325443787
536,119,0.14321521118190414,13.0,13.0,13.0,10,0.00024254556405236356,449.95906303686144,2,0.63905325443787
537,3477,0.14316425537241748,13.0,13.0,13.0,13,0.0002374155619948736,740.6956979858095,2,0.63905325443787
538,3237,0.14298410501026582,19.0,19.0,19.0,16,0.0003339361466923057,1005.9436360188823,2,0.5817174515235458
539,2733,0.14292413364876544,9.0,9.0,9.0,8,0.00020669858934504147,984.9153045732156,2,0.6666666666666666
540,564,0.14287143978114586,56.0,56.0,56.0,39,0.0008729718988978052,5677.894556665944,2,0.2439413265306124
541,674,0.14282872257722867,52.0,52.0,52.0,41,0.0008538959378174315,12652.10656397487,2,0.26072485207100604
542,889,0.1428087334992673,31.0,31.0,31.0,31,0.0005244079463317075,2245.517012030116,2,0.46826222684703456
543,3232,0.1427792040960467,9.0,9.0,9.0,9,0.00020379196095958555,413.3243932779793,2,0.6666666666666666
544,2917,0.14275145030178024,20.0,20.0,20.0,18,0.0003841213221591946,1812.9111259891074,2,0.5625
545,1684,0.1427195765659321,9.0,9.0,9.0,7,0.0002029692257724807,133.49825923492733,2,0.6666666666666666
546,2317,0.1427048742986946,9.0,9.0,9.0,9,0.00020042416240726878,344.84517673092796,2,0.6666666666666666
547,3199,0.142648290790216,14.0,14.0,14.0,12,0.0003182811858076989,893.9991736429182,2,0.6122448979591837
548,3356,0.14261078566393154,9.0,9.0,9.0,9,0.00019581510490682065,299.57685267358454,2,0.6666666666666666
549,3205,0.1425053373650159,9.0,9.0,9.0,9,0.00018846753515588014,510.0165716601775,2,0.6666666666666666
550,196,0.14246365968418884,69.0,69.0,69.0,54,0.001308852483212544,27767.99486937954,2,0.0428481411468179
551,10,0.14245644449642655,51.0,51.0,51.0,48,0.0008730512584859092,9008.40768230323,2,0.2652825836216839
552,72,0.1423221380622931,63.0,63.0,63.0,54,0.0011170440917818098,14109.454845931092,2,0.13605442176870752
553,432,0.14231593144369473,70.0,70.0,70.0,56,0.0011869423845594198,11877.61667340366,2,0.08326530612244898
554,2265,0.14231240869108935,14.0,14.0,14.0,13,0.0002870362295338186,2502.802867984396,2,0.6122448979591837
555,3734,0.14230450571188938,31.0,31.0,31.0,31,0.0005047183002887205,1403.188381452285,2,0.46826222684703456
556,37,0.14230240404540948,60.0,60.0,60.0,55,0.0011257521880905196,20560.226405435125,2,0.14250000000000013
557,2235,0.14226819895067486,40.0,40.0,40.0,39,0.0006393774085260216,4343.428045644739,2,0.3825000000000002
558,32,0.141996953893196,22.0,22.0,22.0,20,0.0004618442449695873,2529.961644526023,2,0.5268595041322315
559,3009,0.14196309449963032,14.0,14.0,14.0,13,0.0002798477633559646,1147.0157741510895,2,0.6122448979591837
560,696,0.1418441490844516,14.0,14.0,14.0,12,0.00027464468970383077,1015.1450809438869,2,0.6122448979591837
561,3654,0.14183478798734866,10.0,10.0,10.0,9,0.0002973747669803129,2580.7212531176438,2,0.6300000000000001
562,2646,0.1416199687534206,21.0,21.0,21.0,16,0.00039242923913384073,1336.4474910868216,2,0.5442176870748301
563,3543,0.1415039533350692,51.0,51.0,51.0,50,0.0008455876057920416,6252.603098341103,2,0.2652825836216839
564,2542,0.14138424989534018,6.0,6.0,6.0,6,0.00021568006940918749,1847.8574909730996,2,0.6666666666666666
565,918,0.14133733806367507,16.0,16.0,16.0,14,0.00041884941310154234,4294.664375434561,2,0.5625
566,2236,0.1413046606311451,33.0,33.0,33.0,28,0.0006034309852632175,27836.278410178165,2,0.3856749311294764
567,3571,0.1411086444974063,22.0,22.0,22.0,20,0.00041927618549012944,1989.2304120856638,2,0.5268595041322315
568,3763,0.14094438501684908,63.0,63.0,63.0,56,0.0012114769696150208,21879.271067190133,2,0.09221466364323516
569,765,0.14093349455005208,23.0,23.0,23.0,20,0.0004242976973835343,6818.9317715446705,2,0.5103969754253307
570,1743,0.14088628376884071,6.0,6.0,6.0,6,0.00018682227216189435,2142.6107689724604,2,0.6666666666666666
571,2831,0.140807142104668,10.0,10.0,10.0,8,0.0002593919810542979,607.162178631968,2,0.6300000000000001
572,3202,0.14063690640908835,16.0,16.0,16.0,16,0.00032426561959417345,11171.778386681955,2,0.5625
573,2206,0.14043877785430234,10.0,10.0,10.0,10,0.00023403791424059884,1304.7930115843437,2,0.6300000000000001
574,3808,0.1403956402439331,6.0,6.0,6.0,6,0.000168155885603599,1263.9900743688593,2,0.6666666666666666
575,3048,0.1403779458045073,10.0,10.0,10.0,10,0.00023313730265584563,1026.6461106863612,2,0.6300000000000001
576,2089,0.14035002934043245,15.0,15.0,15.0,13,0.0003037973373661888,371.8331199602178,2,0.5866666666666668
577,3739,0.14032924208612196,10.0,10.0,10.0,8,0.00023828665754104458,101.3129406363503,2,0.6300000000000001
578,1136,0.14026059255982487,10.0,10.0,10.0,8,0.00023084635921006663,556.3177632061108,2,0.6300000000000001
579,3740,0.14025368419097792,6.0,6.0,6.0,6,0.0001590967913664961,1447.6658949565845,2,0.6666666666666666
580,1038,0.14023090309069328,29.0,29.0,29.0,23,0.0005556117741444134,15465.684749435222,2,0.4280618311533888
581,708,0.14020819490006164,6.0,6.0,6.0,4,0.000168780499618985,0.0,2,0.6666666666666666
582,3021,0.1402060678461002,16.0,16.0,16.0,14,0.0003714975131311505,2785.079894606177,2,0.5625
583,2700,0.14019512351123203,21.0,21.0,21.0,15,0.0003249268653708361,376.1577350397111,2,0.5442176870748301
584,2117,0.1401950831063743,10.0,10.0,10.0,10,0.00022640406377666424,672.4071629213248,2,0.6300000000000001
585,2251,0.14011689520403436,6.0,6.0,6.0,6,0.0001588868379067699,604.9512828424773,2,0.6666666666666666
586,3747,0.1400538143735583,6.0,6.0,6.0,6,0.00015655167299157469,484.24193501225574,2,0.6666666666666666
587,3079,0.14003756726437372,6.0,6.0,6.0,6,0.0001562334912350861,419.2475829782721,2,0.6666666666666666
588,818,0.13999114357290066,6.0,6.0,6.0,5,0.00015635103288297563,110.64819191598139,2,0.6666666666666666
589,2501,0.1399886915390889,6.0,6.0,6.0,5,0.00015447842787945823,319.22755672149464,2,0.6666666666666666
590,3713,0.13997645869106648,6.0,6.0,6.0,5,0.00015152422177630806,595.2126233712808,2,0.6666666666666666
591,734,0.13996820138654853,27.0,27.0,27.0,21,0.0005473647555721213,6975.647415233349,2,0.4526748971193416
592,2889,0.13995581266442045,6.0,6.0,6.0,6,0.00015399237845377528,168.80702719891258,2,0.6666666666666666
593,3227,0.13991191051613333,6.0,6.0,6.0,6,0.0001529926869842236,9.929316150845388,2,0.6666666666666666
594,837,0.1398866457039849,6.0,6.0,6.0,5,0.00015053267378994852,144.08336281151492,2,0.6666666666666666
595,2913,0.13986969115002268,6.0,6.0,6.0,6,0.00014904841951773063,214.1703824939247,2,0.6666666666666666
596,2920,0.13984399328259844,6.0,6.0,6.0,6,0.00014641484286483103,366.3511297130037,2,0.6666666666666666
597,610,0.13980009442395086,6.0,6.0,6.0,5,0.00014644279970744395,84.49288910103029,2,0.6666666666666666
598,323,0.13979322115615417,6.0,6.0,6.0,4,0.00014621356502836146,68.32369561478299,2,0.6666666666666666
599,2296,0.13975700326647705,41.0,41.0,41.0,38,0.0007520569453275182,9889.492799398082,2,0.32123735871505044
600,1819,0.1397487359747259,6.0,6.0,6.0,6,0.00014197152090171034,293.83103604191564,2,0.6666666666666666
601,455,0.13974760046576973,6.0,6.0,6.0,4,0.00014324051316572735,134.73854172697227,2,0.6666666666666666
602,2095,0.13969793241554765,16.0,16.0,16.0,15,0.0003475933893740397,2422.3993559144033,2,0.5625
603,1918,0.1396705045628275,6.0,6.0,6.0,5,0.00013628444483056984,478.1976389601559,2,0.6666666666666666
604,3226,0.13966312192455155,6.0,6.0,6.0,6,0.00013889933843393252,118.37706358039259,2,0.6666666666666666
605,1852,0.13941421807320206,33.0,33.0,33.0,30,0.0006726555430647187,7556.9162268188575,2,0.3856749311294764
606,300,0.13937523484722186,42.0,42.0,42.0,30,0.000706132968186607,13256.213001801718,2,0.3146258503401361
607,487,0.1391567411578488,29.0,29.0,29.0,26,0.0005660478579966222,7401.652183056784,2,0.4280618311533888
608,1797,0.1391255278379034,16.0,16.0,16.0,16,0.00033182735001588583,677.904945097471,2,0.5625
609,2571,0.13909036737689479,3.0,3.0,3.0,2,0.00019340987542227673,1667.70703125,2,0.6666666666666666
610,561,0.13874618122220342,16.0,16.0,16.0,13,0.0003044150395884653,1552.2147644767624,2,0.5625
611,375,0.13873542518885573,17.0,17.0,17.0,15,0.0003519921895550144,6293.4554074404405,2,0.5397923875432526
612,1808,0.1387293487341855,27.0,27.0,27.0,21,0.0004997577098081378,4814.055609796694,2,0.4526748971193416
613,2987,0.1387182240719011,24.0,24.0,24.0,24,0.00040008946681696357,1660.0022802936194,2,0.49479166666666674
614,675,0.1386593582057592,36.0,36.0,36.0,33,0.0006786898531903954,7390.8129723887,2,0.35879629629629606
615,2654,0.13863507623406301,32.0,32.0,32.0,26,0.000639053316917421,4299.804943770451,2,0.3955078125
616,2115,0.1385676586086398,3.0,3.0,3.0,3,0.0001653945746867291,1704.6428422237818,2,0.6666666666666666
617,2916,0.138562205526877,3.0,3.0,3.0,3,0.00016342238263515946,1906.1021354604216,2,0.6666666666666666
618,3837,0.1385075490817562,26.0,26.0,26.0,21,0.0004665891697444109,2840.4491265078545,2,0.4659763313609466
619,872,0.13846358077899357,34.0,34.0,34.0,27,0.0006147380627972499,10504.794417172081,2,0.3762975778546712
620,547,0.13843627205711445,11.0,11.0,11.0,9,0.0002375611048511915,6455.051974353421,2,0.5950413223140496
621,3821,0.1384161565487669,17.0,17.0,17.0,15,0.0003350403944941938,6296.882871021479,2,0.5397923875432526
622,795,0.13832835834980017,43.0,43.0,43.0,32,0.000723837504339911,4622.179555835185,2,0.30827474310438074
623,1919,0.1382538204637314,3.0,3.0,3.0,3,0.00014891039670798453,1686.5534750628542,2,0.6666666666666666
624,2540,0.1381721494315477,3.0,3.0,3.0,1,0.00015867210551731074,0.0,2,0.6666666666666666
625,648,0.13816938878062907,17.0,17.0,17.0,16,0.00035181771930998667,2723.1753369503303,2,0.5397923875432526
626,214,0.13799297000635735,11.0,11.0,11.0,9,0.0002583960397623438,1148.7879175831758,2,0.5950413223140496
627,2060,0.1379249258739068,45.0,45.0,45.0,45,0.0007042192624526812,4205.334635067929,2,0.2962962962962963
628,2696,0.1377955942460849,3.0,3.0,3.0,3,0.00012774319499185192,1312.9290809736651,2,0.6666666666666666
629,1733,0.13778377241194376,7.0,7.0,7.0,6,0.00027307837560236963,2759.6826628142926,2,0.6122448979591837
630,2446,0.13776401943920275,11.0,11.0,11.0,8,0.00024576283072463883,1208.3288890458864,2,0.5950413223140496
631,2245,0.1377520801851207,3.0,3.0,3.0,3,0.00013192796745496892,535.9740968229829,2,0.6666666666666666
632,3595,0.13769804542504693,3.0,3.0,3.0,3,0.00012878944373871909,568.8123746610687,2,0.6666666666666666
633,2672,0.13764240103522046,11.0,11.0,11.0,9,0.000241133852526525,990.7849797584385,2,0.5950413223140496
634,231,0.13754048536036234,11.0,11.0,11.0,10,0.00023903078971727296,595.9109574862439,2,0.5950413223140496
635,3665,0.13753846951979493,3.0,3.0,3.0,3,0.0001241843046310292,107.59744962056149,2,0.6666666666666666
636,633,0.13752648798991346,3.0,3.0,3.0,3,0.0001244171375734267,3.7135345071646637,2,0.6666666666666666
637,2893,0.13747667275924114,3.0,3.0,3.0,3,0.0001217439120310418,7.629682360197367,2,0.6666666666666666
638,711,0.13746868053558026,11.0,11.0,11.0,8,0.000224619799872746,1865.2341095689626,2,0.5950413223140496
639,3584,0.13742116862970621,3.0,3.0,3.0,3,0.00011805379929133808,97.1665460116765,2,0.6666666666666666
640,1952,0.1373840890838301,17.0,17.0,17.0,14,0.0003238100163215035,1093.2192233701355,2,0.5397923875432526
641,3402,0.13735249195858146,3.0,3.0,3.0,3,0.00010957961520226176,675.7471243297927,2,0.6666666666666666
642,1508,0.13733973049991938,3.0,3.0,3.0,3,0.00011377123041397068,93.08000295141304,2,0.6666666666666666
643,153,0.13731908467247164,3.0,3.0,3.0,3,0.00011216520154293887,154.32355736944615,2,0.6666666666666666
644,3539,0.13731864422767925,3.0,3.0,3.0,3,0.00011078815225193665,316.3511409813643,2,0.6666666666666666
645,636,0.13730572216951412,11.0,11.0,11.0,10,0.00022936883854336214,262.9381657731836,2,0.5950413223140496
646,2223,0.1372912657898187,3.0,3.0,3.0,3,0.00011127978039993111,83.80729933323028,2,0.6666666666666666
647,2789,0.13728865121514028,3.0,3.0,3.0,3,0.00010856747537549348,391.86091126148875,2,0.6666666666666666
648,1598,0.1372743528313815,3.0,3.0,3.0,3,0.00011071341129181904,44.29460078905996,2,0.6666666666666666
649,3160,0.13727128458224575,3.0,3.0,3.0,2,0.00011063166546076823,34.61272485428874,2,0.6666666666666666
650,3106,0.13726914960917003,3.0,3.0,3.0,3,0.00011079156275237804,1.9291513334784047,2,0.6666666666666666
651,2722,0.13726817780141123,3.0,3.0,3.0,3,0.0001103137621678358,52.95257449293755,2,0.6666666666666666
652,1877,0.13726554327861662,3.0,3.0,3.0,3,0.00011020273075531207,49.52768622244258,2,0.6666666666666666
653,1784,0.13724606432206035,45.0,45.0,45.0,33,0.0008543166716774926,15769.700450305432,2,0.24296296296296294
654,3633,0.13718758178602047,3.0,3.0,3.0,3,0.00010438154349235674,251.6588180730244,2,0.6666666666666666
655,2956,0.13717905632279043,3.0,3.0,3.0,3,0.00010559422560980862,52.42136021273288,2,0.6666666666666666
656,2472,0.1371745320529399,3.0,3.0,3.0,3,0.00010552974381631262,31.435533691911825,2,0.6666666666666666
657,1901,0.13717267453120108,3.0,3.0,3.0,3,0.0001043775644052298,157.55745921763182,2,0.6666666666666666
658,984,0.13716248026022654,3.0,3.0,3.0,3,0.0001048795613657835,32.79582319715537,2,0.6666666666666666
659,1949,0.13716076731154364,3.0,3.0,3.0,3,0.00010464596453373458,49.887886329040676,2,0.6666666666666666
660,159,0.13715325515592036,49.0,49.0,49.0,39,0.0008656637153747099,9668.481647728715,2,0.22490628904623067
661,25,0.137143374500077,7.0,7.0,7.0,7,0.00024617747674501785,1916.5660628486335,2,0.6122448979591837
662,329,0.1371365946327197,3.0,3.0,3.0,3,0.00010198635109354201,214.86144201146558,2,0.6666666666666666
663,2243,0.13713612371006736,3.0,3.0,3.0,3,0.00010151468593760026,268.3283194463746,2,0.6666666666666666
664,2885,0.13709018302492743,11.0,11.0,11.0,10,0.00021075907090779917,1122.913540961801,2,0.5950413223140496
665,2328,0.13708901071644058,3.0,3.0,3.0,3,9.77490380645932e-05,420.14288632259104,2,0.6666666666666666
666,3698,0.13705710905879281,55.0,55.0,55.0,54,0.0008402775042026618,3015.253770091165,2,0.202314049586777
667,3649,0.13705181150902318,3.0,3.0,3.0,3,9.869964406569216e-05,70.3560999414876,2,0.6666666666666666
668,718,0.13704124416260788,3.0,3.0,3.0,3,9.859433106958711e-05,15.917736586084905,2,0.6666666666666666
669,3464,0.13703265782838936,3.0,3.0,3.0,3,9.741589229865681e-05,102.49240596322231,2,0.6666666666666666
670,315,0.13701698794629874,11.0,11.0,11.0,11,0.00021175870214226855,538.8865266764423,2,0.5950413223140496
671,2329,0.13700605466760185,3.0,3.0,3.0,3,9.680888591069697e-05,6.365125737841769,2,0.6666666666666666
672,630,0.13699374171815495,52.0,52.0,52.0,46,0.00105317067446237,46806.283652020036,2,0.11094674556213024
673,3383,0.1369862180793662,3.0,3.0,3.0,2,9.424430228719529e-05,187.4742654485121,2,0.6666666666666666
674,3687,0.1369645155420871,3.0,3.0,3.0,2,9.44174120143341e-05,29.06476501910176,2,0.6666666666666666
675,2554,0.13696006961458626,3.0,3.0,3.0,3,9.415861949533912e-05,31.833435673043937,2,0.6666666666666666
676,3181,0.13695682185701805,3.0,3.0,3.0,3,9.312063242564221e-05,135.46722267481724,2,0.6666666666666666
677,3280,0.13694539517309984,3.0,3.0,3.0,3,9.32792546148143e-05,43.985915696242806,2,0.6666666666666666
678,3451,0.13693341547514926,3.0,3.0,3.0,3,9.280506895689448e-05,24.738174982744898,2,0.6666666666666666
679,2408,0.13693010243692505,3.0,3.0,3.0,2,9.17041027688579e-05,135.49589912915292,2,0.6666666666666666
680,3755,0.13689090265176235,3.0,3.0,3.0,1,9.075831520312181e-05,0.0,2,0.6666666666666666
681,3414,0.1368815944783041,3.0,3.0,3.0,3,9.005052741421275e-05,25.661819076718015,2,0.6666666666666666
682,2447,0.13683636539110505,42.0,42.0,42.0,41,0.0006606439716995225,2593.2775846501604,2,0.3146258503401361
683,2899,0.13682488186857125,3.0,3.0,3.0,2,8.724652372789708e-05,1.4713309151785714,2,0.6666666666666666
684,1118,0.1368036183460533,18.0,18.0,18.0,18,0.00036441322070168366,2145.0622551966835,2,0.5185185185185185
685,330,0.13678349554998548,36.0,36.0,36.0,26,0.0008498970135763761,57239.69228562599,2,0.22916666666666685
686,2685,0.13676029492678485,7.0,7.0,7.0,6,0.00022175105865575073,2409.8047265973137,2,0.6122448979591837
687,366,0.13674910854288783,26.0,26.0,26.0,24,0.0006401218410019314,18778.276930237957,2,0.3905325443786982
688,335,0.13672861605127618,7.0,7.0,7.0,4,0.00022982533928311253,1242.3934622052338,2,0.6122448979591837
689,410,0.13670484901643049,7.0,7.0,7.0,4,0.0002116052189605137,3272.410571857398,2,0.6122448979591837
690,3328,0.13667419062515293,7.0,7.0,7.0,7,0.0002226866653363526,1751.5396403687107,2,0.6122448979591837
691,1764,0.136642855193197,12.0,12.0,12.0,12,0.000296489298042141,4766.645780667397,2,0.5625
692,1613,0.13635345500214185,52.0,52.0,52.0,49,0.0009085222942966179,26974.44976385192,2,0.16309171597633132
693,1101,0.13628245647781534,7.0,7.0,7.0,7,0.00021219535817420152,521.9472981386804,2,0.6122448979591837
694,111,0.1361196551126516,18.0,18.0,18.0,14,0.00033978756815746046,753.2206776757187,2,0.5185185185185185
695,431,0.1360733034798803,53.0,53.0,53.0,47,0.0009996205137856697,12225.81242944483,2,0.16019935920256323
696,2344,0.13596670453612075,7.0,7.0,7.0,6,0.00019350469082269898,755.8154145450825,2,0.6122448979591837
697,1900,0.13579942915282014,7.0,7.0,7.0,6,0.00018761668563548582,399.3008568218139,2,0.6122448979591837
698,2197,0.13579809832692866,7.0,7.0,7.0,7,0.0001801002650547511,1290.5138412347171,2,0.6122448979591837
699,3200,0.1357945451395081,39.0,39.0,39.0,38,0.0005982034291235884,2044.646501777667,2,0.3353057199211045
700,58,0.13578367649947035,45.0,45.0,45.0,32,0.0008527642594395198,6677.535049745645,2,0.24296296296296294
701,799,0.13577735860773735,12.0,12.0,12.0,9,0.00028015128952464023,1231.1179118445827,2,0.5625
702,1037,0.13575147591121808,7.0,7.0,7.0,7,0.0001874400434078633,116.2088745260726,2,0.6122448979591837
703,1937,0.13573435650227372,38.0,38.0,38.0,35,0.0005846200040970556,2437.8797723176663,2,0.3427977839335179
704,1480,0.13573198760064195,7.0,7.0,7.0,7,0.00018255596418878945,577.152962352666,2,0.6122448979591837
705,2904,0.13572776788312427,7.0,7.0,7.0,7,0.00018490637984971202,269.05515363056026,2,0.6122448979591837
706,3406,0.13566198911493524,12.0,12.0,12.0,12,0.0002722889835367902,1440.2234529542495,2,0.5625
707,2923,0.13560170996902138,7.0,7.0,7.0,7,0.00017727704285847522,382.46449627570905,2,0.6122448979591837
708,3191,0.13554309173704274,7.0,7.0,7.0,7,0.00017664249011043834,86.51780160221193,2,0.6122448979591837
709,742,0.135519156830031,7.0,7.0,7.0,4,0.00017471262842851776,165.65434569753086,2,0.6122448979591837
710,3143,0.135513716900052,12.0,12.0,12.0,11,0.0002724765388440099,477.07595600009205,2,0.5625
711,182,0.13548630641042905,7.0,7.0,7.0,7,0.00017266294567205214,202.56892762682853,2,0.6122448979591837
712,1086,0.1354684211493128,12.0,12.0,12.0,11,0.00026744299270006723,792.1772692794514,2,0.5625
713,3632,0.13541091681730894,7.0,7.0,7.0,7,0.00016768016625613093,320.66641607859196,2,0.6122448979591837
714,2208,0.13538577896714188,7.0,7.0,7.0,5,0.00016842532273637727,71.992422115403,2,0.6122448979591837
715,2991,0.13537471856176572,7.0,7.0,7.0,7,0.0001598128471347656,1032.6661825038207,2,0.6122448979591837
716,3438,0.1353115354139611,7.0,7.0,7.0,5,0.00016490888212049125,21.851656326037432,2,0.6122448979591837
717,759,0.13523641558990113,7.0,7.0,7.0,5,0.00016017657902860527,111.6806271885441,2,0.6122448979591837
718,488,0.1351773298020335,7.0,7.0,7.0,6,0.00015689500816976353,129.59476694197605,2,0.6122448979591837
719,470,0.13514441633789356,7.0,7.0,7.0,4,0.00015602025353545325,25.47973657541072,2,0.6122448979591837
720,3766,0.13500780682227695,7.0,7.0,7.0,5,0.00014889635667729168,11.448273843993102,2,0.6122448979591837
721,2574,0.13494995098952142,7.0,7.0,7.0,6,0.00014565305448433413,32.58528626862402,2,0.6122448979591837
722,2665,0.1347867799261981,8.0,8.0,8.0,8,0.0002346458912322161,16003.254552974575,2,0.5625
723,415,0.1347711099239578,20.0,20.0,20.0,14,0.0004032074115715753,1239.2858811185868,2,0.47999999999999976
724,1954,0.13475820375073091,21.0,21.0,21.0,17,0.0004298970892530953,5109.082983430912,2,0.4625850340136055
725,574,0.13473272997645178,20.0,20.0,20.0,14,0.00039078070010668294,2483.167430174194,2,0.47999999999999976
726,881,0.13472146012786199,51.0,51.0,51.0,41,0.0008724468127335377,22938.6903335402,2,0.16608996539792376
727,3415,0.13466980824322544,34.0,34.0,34.0,31,0.0004955720829462672,698.8028035954776,2,0.3762975778546712
728,1953,0.13420222929152895,13.0,13.0,13.0,11,0.000329370413607597,449.24200636682104,2,0.5325443786982247
729,3813,0.13419144132810615,29.0,29.0,29.0,28,0.0006310165144299394,13386.831391813335,2,0.3567181926278242
730,502,0.13417376734613493,22.0,22.0,22.0,18,0.0004701885527718677,3020.021046245053,2,0.44628099173553704
731,3758,0.1340973432202909,53.0,53.0,53.0,45,0.0009238420546629704,8759.609362792731,2,0.16019935920256323
732,395,0.13407062607924242,19.0,19.0,19.0,17,0.00030678279873074107,428.85378338968275,2,0.49861495844875336
733,3569,0.13403697455053898,8.0,8.0,8.0,8,0.00029511551298439,4008.4505355343595,2,0.5625
734,407,0.13393300943363745,44.0,44.0,44.0,31,0.0007345577834769743,9833.321232774584,2,0.24793388429752083
735,2482,0.1336837533766714,13.0,13.0,13.0,12,0.0002940232230230314,1390.6021487104667,2,0.5325443786982247
736,3827,0.133307420897261,22.0,22.0,22.0,15,0.00043901778622604064,1254.4654873790712,2,0.44628099173553704
737,83,0.13325733072664195,32.0,32.0,32.0,28,0.0006265671379103836,14426.088440150259,2,0.328125
738,1148,0.1331270585825189,8.0,8.0,8.0,5,0.00023671129078253603,5226.102328915606,2,0.5625
739,3618,0.13301052802478347,13.0,13.0,13.0,10,0.00026968255417655364,32.77571149098474,2,0.5325443786982247
740,1644,0.1329903391247071,30.0,30.0,30.0,28,0.0006713257499798116,3416.418276248445,2,0.34666666666666657
741,815,0.13294996298129605,16.0,16.0,16.0,14,0.0003547218621836276,25670.96319849025,2,0.45703125
742,459,0.13288577173915722,24.0,24.0,24.0,20,0.0004919463350143441,3227.67871194476,2,0.4166666666666665
743,206,0.13273644790036726,50.0,50.0,50.0,43,0.0009201942465718666,6559.383657474312,2,0.16920000000000002
744,3817,0.13265809327917358,13.0,13.0,13.0,11,0.000250024825028261,149.66302851445775,2,0.5325443786982247
745,219,0.1325614473497685,24.0,24.0,24.0,22,0.00046434776344990317,4473.365669024977,2,0.4166666666666665
746,2362,0.13253948877405636,29.0,29.0,29.0,21,0.000574109076072779,9717.551215593376,2,0.3567181926278242
747,3179,0.1324579079881995,13.0,13.0,13.0,13,0.00023772040130794984,352.34947891227574,2,0.5325443786982247
748,169,0.13244342248996538,14.0,14.0,14.0,13,0.00033011934775770737,2709.0136244224564,2,0.5051020408163266
749,472,0.13243369214473089,24.0,24.0,24.0,21,0.0004406804419600116,6495.627006137107,2,0.4166666666666665
750,662,0.1323964291803282,8.0,8.0,8.0,6,0.00023975185166113017,226.76418569245965,2,0.5625
751,2217,0.13236716016132027,57.0,57.0,57.0,49,0.0010032120769627969,9869.543449667704,2,0.10156971375807944
752,2405,0.1322847515678777,54.0,54.0,54.0,54,0.0009851967917537878,19768.013300608374,2,0.10699588477366284
753,3403,0.1322610919905854,56.0,56.0,56.0,44,0.000996217299253706,12828.234860252891,2,0.10331632653061207
754,962,0.13222551886747116,26.0,26.0,26.0,20,0.0005313500632444546,3097.9276210712433,2,0.3905325443786982
755,601,0.1322197670668363,24.0,24.0,24.0,19,0.0004550937626695998,3413.2393692419046,2,0.4166666666666665
756,3691,0.13217499111990533,46.0,46.0,46.0,45,0.0006987000173365308,1351.4954984366564,2,0.238185255198488
757,820,0.13213929873087335,14.0,14.0,14.0,12,0.0003181077509897714,2217.223524192324,2,0.5051020408163266
758,2110,0.132131423259342,4.0,4.0,4.0,3,0.00032992535864800117,3362.53125,2,0.5625
759,2546,0.13199353703412575,26.0,26.0,26.0,24,0.0005073063038564333,4503.989929050659,2,0.3905325443786982
760,2530,0.131975302203876,8.0,8.0,8.0,8,0.0002187191974549018,72.40803277591739,2,0.5625
761,531,0.1319740261657037,8.0,8.0,8.0,8,0.0002099751261299005,1110.908727072261,2,0.5625
762,2518,0.13190190220202508,8.0,8.0,8.0,8,0.00020970959008153808,685.1078455217951,2,0.5625
763,1712,0.13182197999658518,14.0,14.0,14.0,14,0.0003025303570714284,2068.5169948009257,2,0.5051020408163266
764,2579,0.13178547528982162,8.0,8.0,8.0,8,0.0002064141687609631,340.88460580185284,2,0.5625
765,583,0.13161832862875977,14.0,14.0,14.0,13,0.0002936527529314319,1839.0499740500857,2,0.5051020408163266
766,985,0.13159641650425416,8.0,8.0,8.0,8,0.00019626059337026966,356.7224980619707,2,0.5625
767,463,0.13159593933762131,14.0,14.0,14.0,14,0.0002965034840965512,1355.7932566143004,2,0.5051020408163266
768,1686,0.13154261292860364,8.0,8.0,8.0,8,0.00018801690412590714,1002.0755644066601,2,0.5625
769,1558,0.1315263289376513,8.0,8.0,8.0,8,0.00019106515543524554,533.9117246224631,2,0.5625
770,2911,0.13151587908586884,44.0,44.0,44.0,42,0.0006630766205295681,3053.805101855699,2,0.24793388429752083
771,853,0.13140126323127463,53.0,53.0,53.0,35,0.0008212891966214287,3929.3613551577873,2,0.16019935920256323
772,347,0.13135735754023425,8.0,8.0,8.0,7,0.000184842684129249,206.66992804349016,2,0.5625
773,3796,0.13133407705030664,14.0,14.0,14.0,13,0.00028398310737681016,1193.0238907703601,2,0.5051020408163266
774,3398,0.13120163214112623,25.0,25.0,25.0,17,0.0004630170478010995,646.6899264163451,2,0.4032000000000002
775,3399,0.13119302613868516,8.0,8.0,8.0,7,0.00017505945510829662,335.0607559817359,2,0.5625
776,3051,0.13112785988637257,14.0,14.0,14.0,13,0.0002809152980432715,251.8917964911912,2,0.5051020408163266
777,829,0.13112257605804511,8.0,8.0,8.0,6,0.00017279392104728388,159.26365501812066,2,0.5625
778,700,0.13097270479101836,26.0,26.0,26.0,20,0.00048305531541426006,930.0714372990183,2,0.3905325443786982
779,3485,0.13087373520657097,8.0,8.0,8.0,8,0.00015735873400021268,427.9873328506917,2,0.5625
780,36,0.130836939585101,24.0,24.0,24.0,18,0.00040162507972506234,1039.8050553469393,2,0.4166666666666665
781,1571,0.1308091211276023,25.0,25.0,25.0,25,0.0004319078056171079,1879.9730902022234,2,0.4032000000000002
782,3841,0.1307919854333756,14.0,14.0,14.0,8,0.0002646006976075591,73.69812714243986,2,0.5051020408163266
783,115,0.13040239348573757,34.0,34.0,34.0,19,0.0005978632021181175,2542.9463543898114,2,0.3114186851211074
784,2190,0.13028789984843195,39.0,39.0,39.0,39,0.00060712478288286,3581.2998274374163,2,0.2761341222879684
785,1753,0.13007716564830557,15.0,15.0,15.0,14,0.00031789308928246995,1183.1273171575033,2,0.47999999999999976
786,3562,0.13006924005888024,39.0,39.0,39.0,39,0.000601282424581615,2893.3183437295797,2,0.2761341222879684
787,1737,0.13005635159973367,16.0,16.0,16.0,14,0.0003797628760894122,4315.5160928932555,2,0.45703125
788,3279,0.12993195635591373,35.0,35.0,35.0,29,0.0005929449504540828,1158.3241213413532,2,0.3036734693877551
789,3245,0.12988600701009362,30.0,30.0,30.0,24,0.0005091557657939103,3131.7544187161557,2,0.34666666666666657
790,3426,0.12985656736358095,4.0,4.0,4.0,3,0.0002167853554057906,2471.896222623467,2,0.5625
791,1996,0.1296832168164823,15.0,15.0,15.0,13,0.00029499354477040686,1424.6523019063873,2,0.47999999999999976
792,2663,0.12958258287676053,28.0,28.0,28.0,28,0.0004481306364936047,3195.6040276412914,2,0.3673469387755103
793,3689,0.12955800847966803,32.0,32.0,32.0,31,0.0005271782110797483,2852.170159335707,2,0.328125
794,3038,0.12943462316349644,15.0,15.0,15.0,13,0.00028331017700518085,1245.8811200275882,2,0.47999999999999976
795,3804,0.12942836222761908,39.0,39.0,39.0,34,0.0006897766428471568,28278.83711682438,2,0.2130177514792897
796,2520,0.1293471538994252,4.0,4.0,4.0,3,0.00019618809130167648,1705.3022972210492,2,0.5625
797,51,0.12928890859725944,17.0,17.0,17.0,14,0.0004178565736638297,4336.353912045752,2,0.4359861591695502
798,43,0.12912829651969016,15.0,15.0,15.0,12,0.00027435998385436767,373.68915758828456,2,0.47999999999999976
799,1694,0.12890039154517252,16.0,16.0,16.0,14,0.00032793635869613814,3184.8657743592707,2,0.45703125
800,334,0.12887080952457258,9.0,9.0,9.0,7,0.0002511739620402853,492.76727792736705,2,0.5185185185185185
801,2602,0.1287289113030619,16.0,16.0,16.0,15,0.00032764427577733037,2131.88612616995,2,0.45703125
802,846,0.1286635446194548,16.0,16.0,16.0,16,0.00033028671669064585,1400.8942349042813,2,0.45703125
803,3439,0.12863884435760337,9.0,9.0,9.0,9,0.0002371503428933292,699.6035421353367,2,0.5185185185185185
804,2853,0.12858670169219652,35.0,35.0,35.0,30,0.0007554329588870327,16679.42770315658,2,0.23510204081632669
805,65,0.12848499556101634,35.0,35.0,35.0,20,0.000525037219728686,106.242430508113,2,0.3036734693877551
806,2708,0.12846059743922172,4.0,4.0,4.0,3,0.00015945279898284387,477.5561535940097,2,0.5625
807,2043,0.1284449423683701,50.0,50.0,50.0,42,0.0009121404010267239,14556.100502175239,2,0.11519999999999997
808,1499,0.1284025300763343,4.0,4.0,4.0,3,0.00016015548324783036,25.047667272071873,2,0.5625
809,465,0.12839091619590387,17.0,17.0,17.0,11,0.0003893005561394129,2057.0588526828797,2,0.4359861591695502
810,3822,0.1283219751656674,16.0,16.0,16.0,13,0.00031842514397519505,653.5768807729287,2,0.45703125
811,2016,0.12832095006264235,9.0,9.0,9.0,9,0.00022356667027264592,308.61270457521755,2,0.5185185185185185
812,2067,0.12829443479330804,9.0,9.0,9.0,9,0.00021646436581219147,990.4790094955137,2,0.5185185185185185
813,3182,0.12826034358852995,31.0,31.0,31.0,30,0.00045890913425886625,968.0003099937039,2,0.33714880332986485
814,33,0.12821089046096448,9.0,9.0,9.0,9,0.00021474212124838793,666.5792365663731,2,0.5185185185185185
815,1139,0.1281716085632592,43.0,43.0,43.0,40,0.0009715071758476421,21712.436017079483,2,0.13304488912925905
816,3834,0.12816125905639175,50.0,50.0,50.0,45,0.0009098600458847198,13029.23992939218,2,0.11519999999999997
817,3305,0.12814600971027684,9.0,9.0,9.0,8,0.00021391752301931725,353.6475484087213,2,0.5185185185185185
818,2301,0.12814151552688444,4.0,4.0,4.0,4,0.00014192290359065445,551.3623447520383,2,0.5625
819,2816,0.12814021824772964,9.0,9.0,9.0,7,0.00021382565981625549,327.89948025388856,2,0.5185185185185185
820,2516,0.12806757151336623,9.0,9.0,9.0,9,0.00020862798688196376,489.1198283584848,2,0.5185185185185185
821,817,0.12804392014170057,9.0,9.0,9.0,7,0.00020697164487142272,537.3170867336092,2,0.5185185185185185
822,3281,0.12804052401618912,4.0,4.0,4.0,4,0.00013867293378160928,299.6273168339082,2,0.5625
823,3683,0.12803322875626227,4.0,4.0,4.0,4,0.00012832971435905325,1491.345064418174,2,0.5625
824,88,0.12803120452660893,43.0,43.0,43.0,32,0.0007164850953259138,12229.407793935443,2,0.19469983775013533
825,3015,0.12800087955618486,4.0,4.0,4.0,3,0.00013905862802350447,1.9423473837209304,2,0.5625
826,2168,0.12799963570161735,4.0,4.0,4.0,4,0.00012509810860681514,1665.0149343441847,2,0.5625
827,2413,0.12798595309632071,4.0,4.0,4.0,4,0.00013420874437887774,487.73571146612716,2,0.5625
828,1570,0.1279838244750319,4.0,4.0,4.0,4,0.0001304933718285718,918.9316813286172,2,0.5625
829,661,0.12791961570963115,4.0,4.0,4.0,2,0.0001347673829463774,0.0,2,0.5625
830,3123,0.1279020652915073,9.0,9.0,9.0,6,0.00020012941795994233,456.2934386280335,2,0.5185185185185185
831,2897,0.12789416272494492,4.0,4.0,4.0,2,0.00013339990153193372,2.19276448787062,2,0.5625
832,2213,0.12786389972208234,4.0,4.0,4.0,2,0.00013155080083413517,31.514868642769603,2,0.5625
833,651,0.12784741929303137,4.0,4.0,4.0,3,0.00013094053836362263,0.0,2,0.5625
834,652,0.12784741929303137,4.0,4.0,4.0,3,0.00013094053836362263,0.0,2,0.5625
835,3389,0.12784459148255103,4.0,4.0,4.0,4,0.00012932977757462117,174.85459844500826,2,0.5625
836,3013,0.12783688682425937,4.0,4.0,4.0,4,0.0001290818268847277,155.65088797952512,2,0.5625
837,481,0.1278311716242786,9.0,9.0,9.0,7,0.00019425861584255018,709.2042060387847,2,0.5185185185185185
838,1576,0.12780720405654947,4.0,4.0,4.0,4,0.0001252502089713185,425.9459168029257,2,0.5625
839,2252,0.12779455206793383,4.0,4.0,4.0,4,0.00012438790787861753,448.8872509420923,2,0.5625
840,309,0.12778752710932917,16.0,16.0,16.0,15,0.0002906157938302855,591.383261643777,2,0.45703125
841,3381,0.1277567969019016,4.0,4.0,4.0,4,0.00012600728500698066,15.526608420167966,2,0.5625
842,3056,0.12775570586797766,4.0,4.0,4.0,4,0.0001258841572931634,23.342066634737733,2,0.5625
843,1757,0.12772246484531566,4.0,4.0,4.0,3,0.00012360631914249144,85.08690731770817,2,0.5625
844,612,0.12771357012666404,4.0,4.0,4.0,4,0.00012380165169349232,5.275466151666671,2,0.5625
845,779,0.12771190967891913,4.0,4.0,4.0,4,0.0001211742292151142,309.22267185066795,2,0.5625
846,1775,0.12771170917746752,4.0,4.0,4.0,4,0.00012158009071054713,259.37218900277435,2,0.5625
847,3159,0.1277018858316888,4.0,4.0,4.0,4,0.0001215660259833943,198.73236678272409,2,0.5625
848,530,0.1276719087154766,4.0,4.0,4.0,4,0.00012116267226395792,56.823736746188004,2,0.5625
849,3007,0.12766927309064918,4.0,4.0,4.0,4,0.00012038111240292857,133.64882516787304,2,0.5625
850,3382,0.12766768115227092,4.0,4.0,4.0,4,0.00012098464272687908,51.311106221561545,2,0.5625
851,3610,0.1276484940535335,4.0,4.0,4.0,4,0.00011954885661622609,101.43270654420272,2,0.5625
852,1726,0.127612353035861,4.0,4.0,4.0,4,0.00011766268425530485,97.89950483442017,2,0.5625
853,1942,0.12760188532406597,4.0,4.0,4.0,3,0.00010641728317429979,1377.4739721355602,2,0.5625
854,190,0.12759768242381989,40.0,40.0,40.0,36,0.0007452948708089446,9220.799693602796,2,0.2081249999999999
855,3386,0.12758363618000856,9.0,9.0,9.0,9,0.00018266877557730752,525.9522218239615,2,0.5185185185185185
856,3661,0.1275712096262076,4.0,4.0,4.0,4,0.0001153903085247789,108.85461339344585,2,0.5625
857,2952,0.12755518247191533,4.0,4.0,4.0,4,0.0001126840535219217,331.0892822872495,2,0.5625
858,2293,0.1275474800022602,4.0,4.0,4.0,4,0.0001143031790837692,88.42515124518074,2,0.5625
859,3774,0.12753666783132137,4.0,4.0,4.0,2,0.00011445717961793175,1.3957375919117647,2,0.5625
860,313,0.12753615531371112,4.0,4.0,4.0,4,0.00011422132358863194,26.374226677283197,2,0.5625
861,3517,0.12750954451636476,4.0,4.0,4.0,4,0.00011120530859146236,218.5378334810275,2,0.5625
862,2308,0.1274830543457264,4.0,4.0,4.0,4,0.00011143893724806723,22.51002148038263,2,0.5625
863,3759,0.12747441051640834,9.0,9.0,9.0,8,0.00018042124040493625,101.99289172025583,2,0.5185185185185185
864,3058,0.12746303125264916,16.0,16.0,16.0,15,0.0002733638223704786,597.5759075879927,2,0.45703125
865,3432,0.12745442827535639,4.0,4.0,4.0,3,0.0001098939786222454,25.814076200623617,2,0.5625
866,2517,0.12744708819350056,4.0,4.0,4.0,4,0.00010904077741253749,81.36710043128956,2,0.5625
867,517,0.12742724408797174,4.0,4.0,4.0,3,0.0001085287180653821,16.757574880738602,2,0.5625
868,3249,0.1274223701034822,4.0,4.0,4.0,2,0.0001084103732247144,0.0,2,0.5625
869,3075,0.1274024452286256,4.0,4.0,4.0,3,0.00010713471481763773,26.27482812020412,2,0.5625
870,2994,0.1273912835939698,4.0,4.0,4.0,4,0.00010667190491247104,10.855622278757041,2,0.5625
871,188,0.12734481670032122,17.0,17.0,17.0,15,0.0003293479510588131,2596.036760403067,2,0.4359861591695502
872,216,0.1269770859508239,38.0,38.0,38.0,37,0.0007180245028423545,9996.113525299712,2,0.21814404432132972
873,2539,0.12668122101468368,17.0,17.0,17.0,11,0.00031096072878094525,586.7241878065925,2,0.4359861591695502
874,2954,0.12656035141650535,18.0,18.0,18.0,16,0.00034868685863086326,3658.8898368000696,2,0.4166666666666665
875,270,0.12652982487557068,18.0,18.0,18.0,16,0.00035954777236132344,2165.2514357898635,2,0.4166666666666665
876,23,0.1265251330087116,17.0,17.0,17.0,13,0.0002998476195987308,926.5906046752378,2,0.4359861591695502
877,666,0.12644763240788615,29.0,29.0,29.0,21,0.0007023436181099068,5509.302239218149,2,0.2782401902497026
878,748,0.12625726272357168,19.0,19.0,19.0,13,0.0004101034503232156,1759.3441247026892,2,0.39889196675900296
879,847,0.126226606266163,10.0,10.0,10.0,7,0.00027766069086875104,1081.791115311796,2,0.47999999999999976
880,95,0.1261920974448886,10.0,10.0,10.0,10,0.0002679853477554981,2020.9155489423108,2,0.47999999999999976
881,215,0.12616495107556386,19.0,19.0,19.0,18,0.00038475158824884576,4208.099878393608,2,0.39889196675900296
882,2433,0.12591304679751075,10.0,10.0,10.0,10,0.0002450064582592759,3000.897827220739,2,0.47999999999999976
883,3061,0.12577592879886906,21.0,21.0,21.0,17,0.000468950108388297,3870.45778344863,2,0.3673469387755103
884,998,0.12577398747434837,21.0,21.0,21.0,19,0.0004671269002186678,4076.364881997148,2,0.3673469387755103
885,1882,0.12571109854762333,28.0,28.0,28.0,24,0.000628861383197666,7983.10943647398,2,0.2869897959183674
886,2165,0.12570730395911497,40.0,40.0,40.0,40,0.0006785060089571943,5221.578063433036,2,0.2081249999999999
887,1001,0.12558371390802026,20.0,20.0,20.0,19,0.00041432708260314956,3477.7350357592513,2,0.3825000000000002
888,2716,0.12553269468908326,10.0,10.0,10.0,7,0.00024232544523805334,908.6870931446489,2,0.47999999999999976
889,3806,0.1254895472385958,39.0,39.0,39.0,35,0.0006758480268229718,4956.555110774345,2,0.2130177514792897
890,453,0.1254681905690706,20.0,20.0,20.0,17,0.0004282609744367385,1077.0314902579064,2,0.3825000000000002
891,255,0.12537514681502043,36.0,36.0,36.0,28,0.0006388036487159554,10126.747844053973,2,0.22916666666666685
892,195,0.1253601416767242,51.0,51.0,51.0,46,0.0010126670684103669,15549.368531106988,2,0.05767012687427919
893,3059,0.12535929773361418,10.0,10.0,10.0,10,0.00023937499609988987,161.73252027968627,2,0.47999999999999976
894,376,0.12522388912953225,32.0,32.0,32.0,25,0.0006276559879681337,9796.166494512041,2,0.2548828125
895,606,0.12522273551620905,48.0,48.0,48.0,39,0.0008474466970740053,6748.3760991878535,2,0.11979166666666641
896,3344,0.12513147792212806,18.0,18.0,18.0,18,0.0002970810747465261,770.3467575560832,2,0.4166666666666665
897,2807,0.12511861587606077,43.0,43.0,43.0,43,0.0006444205820194239,2376.3272244377267,2,0.19469983775013533
898,537,0.12510490310049124,23.0,23.0,23.0,18,0.00047036392926444096,8821.006719184996,2,0.3402646502835538
899,2358,0.1250126074579762,10.0,10.0,10.0,8,0.00022019835182426485,257.4830006563432,2,0.47999999999999976
900,1022,0.12495645145659434,10.0,10.0,10.0,9,0.0002179473273386209,170.63660959282714,2,0.47999999999999976
901,261,0.12495211099869374,18.0,18.0,18.0,12,0.000291616508824468,286.43626142626414,2,0.4166666666666665
902,2593,0.12493526103124145,19.0,19.0,19.0,13,0.0003403035785728718,1726.5276340173968,2,0.39889196675900296
903,427,0.12477173721719173,10.0,10.0,10.0,8,0.00020803244971539942,185.46781051930952,2,0.47999999999999976
904,762,0.12475257696319247,38.0,38.0,38.0,29,0.0006176962546466032,7891.4334825414035,2,0.21814404432132972
905,957,0.12467264971870357,10.0,10.0,10.0,9,0.00020220999939577102,253.71823645435353,2,0.47999999999999976
906,226,0.12466885592250056,46.0,46.0,46.0,35,0.0008494267832129861,7647.94359294555,2,0.12476370510396961
907,844,0.12449667140942663,26.0,26.0,26.0,22,0.0005341755264841303,7220.524342113552,2,0.30621301775147935
908,1611,0.12411402250115813,19.0,19.0,19.0,17,0.00030717673106852667,481.28233408386393,2,0.39889196675900296
909,622,0.12410287595447655,12.0,12.0,12.0,12,0.0003746045826755777,8380.72287163524,2,0.4166666666666665
910,2715,0.12401655263258074,29.0,29.0,29.0,19,0.0005791019444427131,4836.610347641842,2,0.2782401902497026
911,3355,0.1239740917787148,40.0,40.0,40.0,40,0.0006111625298944117,2285.865901918969,2,0.2081249999999999
912,94,0.1239390320222047,36.0,36.0,36.0,31,0.0006287849017170716,2214.622635480353,2,0.22916666666666685
913,2851,0.12390214164954699,52.0,52.0,52.0,40,0.0009308396435503729,12880.61327516157,2,0.05658284023668647
914,1105,0.1238696895743677,11.0,11.0,11.0,7,0.000286496779130263,2561.116593042258,2,0.44628099173553704
915,1090,0.12379021568625984,31.0,31.0,31.0,24,0.0005576482752846548,8322.91758470834,2,0.2622268470343394
916,1608,0.12370977187132547,11.0,11.0,11.0,9,0.00028442152741907107,1794.9255910708669,2,0.44628099173553704
917,1972,0.12369040947691465,26.0,26.0,26.0,26,0.000534098542803682,2114.4884902431168,2,0.30621301775147935
918,793,0.12361291362035591,50.0,50.0,50.0,44,0.0009874646151028326,10666.480781340302,2,0.058800000000000185
919,2856,0.12346786742811675,11.0,11.0,11.0,8,0.0002739128872974927,1517.987811508999,2,0.44628099173553704
920,1587,0.12346564752875262,21.0,21.0,21.0,14,0.00036626130737265586,1504.1434208363055,2,0.3673469387755103
921,692,0.12343361816501981,11.0,11.0,11.0,10,0.0002743567956799698,1247.5643689806593,2,0.44628099173553704
922,1083,0.12341267854143889,25.0,25.0,25.0,25,0.00047036093272275354,5167.065684261174,2,0.3168000000000001
923,203,0.12340636411522304,28.0,28.0,28.0,23,0.0005211394866726224,6254.408293222965,2,0.2869897959183674
924,288,0.12321426158385061,21.0,21.0,21.0,19,0.00036077531195162797,565.8802094996878,2,0.3673469387755103
925,1759,0.12319916137436593,11.0,11.0,11.0,11,0.000265378822828989,834.6686910624122,2,0.44628099173553704
926,2587,0.12318202125940218,11.0,11.0,11.0,10,0.0002571137630533456,1715.187391831114,2,0.44628099173553704
927,3500,0.12310945623975444,23.0,23.0,23.0,16,0.0004216438154817283,1992.502219464951,2,0.3402646502835538
928,3487,0.12306236858569083,5.0,5.0,5.0,5,0.00014221134137359698,16731.47430482931,2,0.47999999999999976
929,1069,0.12300896773197335,49.0,49.0,49.0,39,0.0008863556873170647,22093.804826390315,2,0.05997501041232822
930,1709,0.12297879249015153,28.0,28.0,28.0,24,0.0005199742642274594,3681.1897608525637,2,0.2869897959183674
931,3287,0.12295854083576437,21.0,21.0,21.0,21,0.00034688477634432427,606.0724559450151,2,0.3673469387755103
932,3174,0.12291104865733792,36.0,36.0,36.0,36,0.0005761388639530366,1993.998069188276,2,0.22916666666666685
933,863,0.12283209813876655,25.0,25.0,25.0,18,0.0004315326958790469,6131.063751604879,2,0.3168000000000001
934,93,0.122787848162947,11.0,11.0,11.0,9,0.0002474447105744645,371.70397237848664,2,0.44628099173553704
935,3312,0.12275842179829438,11.0,11.0,11.0,11,0.00023830991121735068,1278.3747306908463,2,0.44628099173553704
936,284,0.12269618391693025,51.0,51.0,51.0,43,0.000868115998847293,15949.771653366277,2,0.05767012687427919
937,3047,0.12267656597247789,11.0,11.0,11.0,11,0.00023647120576985388,979.1269722624176,2,0.44628099173553704
938,2311,0.12261589124982014,11.0,11.0,11.0,11,0.0002388668890232131,307.4377159149602,2,0.44628099173553704
939,825,0.12256361349327949,48.0,48.0,48.0,46,0.000958174833029883,13798.78414714743,2,0.06119791666666674
940,142,0.12255387093140697,11.0,11.0,11.0,9,0.00023123666277308184,827.2337757347432,2,0.44628099173553704
941,2148,0.1223350922758237,11.0,11.0,11.0,8,0.0002105831797564387,1911.2730065926773,2,0.44628099173553704
942,2360,0.12227808551801009,5.0,5.0,5.0,3,0.00022613632487390349,1710.508068266369,2,0.47999999999999976
943,3829,0.12219036065068273,11.0,11.0,11.0,8,0.00021801933576262014,102.98808463905655,2,0.44628099173553704
944,524,0.12215945437078436,34.0,34.0,34.0,27,0.000541829709000826,1407.9135939825237,2,0.24134948096885833
945,3463,0.12211511586378551,25.0,25.0,25.0,25,0.00042601709126069106,2242.414023847411,2,0.3168000000000001
946,3836,0.12201561681356039,27.0,27.0,27.0,19,0.00045707287580646814,3097.3297443563033,2,0.2962962962962963
947,2878,0.1219859745575439,25.0,25.0,25.0,15,0.00042806725225363044,1177.7014961583122,2,0.3168000000000001
948,710,0.12193027903190516,12.0,12.0,12.0,9,0.0002992005141356011,3622.166074976123,2,0.4166666666666665
949,393,0.12182158672796767,31.0,31.0,31.0,31,0.0004836447323675879,4690.783768778094,2,0.2622268470343394
950,3627,0.12176276866970075,31.0,31.0,31.0,31,0.0005015713906342029,2171.9386851422864,2,0.2622268470343394
951,521,0.12157121905027746,5.0,5.0,5.0,5,0.00018797877187834742,1793.0209447013733,2,0.47999999999999976
952,509,0.12151024846721761,5.0,5.0,5.0,5,0.0001937380794411242,716.8553219144155,2,0.47999999999999976
953,170,0.12150021861892799,12.0,12.0,12.0,11,0.0002999878218791574,799.455201831102,2,0.4166666666666665
954,2563,0.12127589712911174,91.0,91.0,91.0,70,0.0015751833862917165,14275.550115862792,1,0.0
955,1410,0.12116862444134324,5.0,5.0,5.0,3,0.00017259924835652654,1079.6064197342848,2,0.47999999999999976
956,988,0.12110974522312148,46.0,46.0,46.0,44,0.0009496957425678181,11744.177001058863,2,0.06379962192816646
957,317,0.1211090759565902,5.0,5.0,5.0,4,0.0001772028203245612,150.79559911680337,2,0.47999999999999976
958,3516,0.12101342377577205,12.0,12.0,12.0,12,0.00026354212855047475,2073.2949307538847,2,0.4166666666666665
959,308,0.12100354895892128,39.0,39.0,39.0,32,0.0007194292123900767,13825.540993621624,2,0.145956607495069
960,121,0.12093725822127166,13.0,13.0,13.0,10,0.0003071396801012998,9049.793541005038,2,0.3905325443786982
961,1465,0.1208952999904794,5.0,5.0,5.0,5,0.00015933310355051834,933.3790350602209,2,0.47999999999999976
962,2182,0.12088300499435056,5.0,5.0,5.0,4,0.00016437735055777118,251.61803646875097,2,0.47999999999999976
963,2955,0.12083386500996929,5.0,5.0,5.0,5,0.00015995512009647344,469.1603171289095,2,0.47999999999999976
964,2383,0.12080432831511828,5.0,5.0,5.0,4,0.0001621051834230195,24.42200975190679,2,0.47999999999999976
965,1031,0.12078595327059077,5.0,5.0,5.0,5,0.00015820901212471267,374.18431659249023,2,0.47999999999999976
966,1054,0.12077263672800129,12.0,12.0,12.0,9,0.00026621665308661344,225.5254921292265,2,0.4166666666666665
967,2815,0.12076951979026984,16.0,16.0,16.0,11,0.0003522854499847996,30468.261747428976,2,0.328125
968,2283,0.12075536244025187,5.0,5.0,5.0,4,0.0001592092712309253,60.380648845863966,2,0.47999999999999976
969,2188,0.12073787958355092,5.0,5.0,5.0,5,0.0001579781970642072,96.8122409288661,2,0.47999999999999976
970,3515,0.12073484198534942,12.0,12.0,12.0,12,0.0002614693109288636,553.9598590612414,2,0.4166666666666665
971,272,0.12069622843567515,5.0,5.0,5.0,4,0.00014965704572244783,828.5368022939406,2,0.47999999999999976
972,2921,0.12067219433997245,29.0,29.0,29.0,29,0.00043740364015655087,578.8251421507855,2,0.2782401902497026
973,2450,0.12066235506449771,5.0,5.0,5.0,5,0.00014426333742702542,1259.2148584066465,2,0.47999999999999976
974,1886,0.12062127954536081,5.0,5.0,5.0,5,0.00015111235354084023,178.8420065644403,2,0.47999999999999976
975,621,0.12055360232723739,5.0,5.0,5.0,4,0.00014637371053822075,316.6487021982543,2,0.47999999999999976
976,2435,0.12052931073403225,5.0,5.0,5.0,4,0.00014697271655103266,90.83676160223575,2,0.47999999999999976
977,982,0.1205223034323881,5.0,5.0,5.0,4,0.00014560081313140717,210.5856421908859,2,0.47999999999999976
978,3320,0.1205212093483504,5.0,5.0,5.0,5,0.00013955036376090985,927.8354169483501,2,0.47999999999999976
979,920,0.12051007897717589,5.0,5.0,5.0,5,0.00014376757818084822,352.4525476604107,2,0.47999999999999976
980,993,0.12049369942442864,5.0,5.0,5.0,4,0.0001452210243775606,74.56802295621546,2,0.47999999999999976
981,3690,0.12048725571042643,45.0,45.0,45.0,45,0.0006903816535014845,2379.8980515583476,2,0.1274074074074074
982,2143,0.1204555766189157,5.0,5.0,5.0,4,0.00014157089571023912,269.5932233587923,2,0.47999999999999976
983,3568,0.12041672767790096,5.0,5.0,5.0,5,0.00014111914360756027,77.19107105480127,2,0.47999999999999976
984,3366,0.12040495974008195,5.0,5.0,5.0,5,0.0001364403366068794,562.5468447757406,2,0.47999999999999976
985,494,0.120386857031169,5.0,5.0,5.0,4,0.00013991124634439226,32.255444924493524,2,0.47999999999999976
986,3186,0.12038013557996752,5.0,5.0,5.0,5,0.00013933923199145736,58.07746129569186,2,0.47999999999999976
987,2830,0.12037711916137728,5.0,5.0,5.0,4,0.00013632691011844478,399.49126497871504,2,0.47999999999999976
988,3147,0.12036804312841931,5.0,5.0,5.0,5,0.0001388948870119085,34.542672460544054,2,0.47999999999999976
989,614,0.12034804105165992,43.0,43.0,43.0,38,0.0009281424602194189,18442.127244554445,2,0.06814494321254738
990,2651,0.12033679834844802,5.0,5.0,5.0,5,0.00013634688818615315,141.288582885565,2,0.47999999999999976
991,2259,0.12032934775967985,5.0,5.0,5.0,5,0.00013462939048116556,299.5899826345123,2,0.47999999999999976
992,1960,0.12032324300413147,5.0,5.0,5.0,5,0.0001360556817982825,90.14313158012669,2,0.47999999999999976
993,896,0.12031053385699189,5.0,5.0,5.0,3,0.00013525498402989665,105.34839683687333,2,0.47999999999999976
994,3636,0.12030884048772658,5.0,5.0,5.0,3,0.0001360383068768638,0.847412109375,2,0.47999999999999976
995,2974,0.120286920177476,5.0,5.0,5.0,5,0.00013257089477782837,276.7980308058907,2,0.47999999999999976
996,620,0.12027343687887135,5.0,5.0,5.0,4,0.00013316722623056483,119.87838486034119,2,0.47999999999999976
997,2637,0.12027023026641334,5.0,5.0,5.0,5,0.00013241251238316247,189.86764179063715,2,0.47999999999999976
998,2645,0.12026569207158294,5.0,5.0,5.0,5,0.00013146943053030634,273.9549692809145,2,0.47999999999999976
999,2204,0.12026543604090609,5.0,5.0,5.0,4,0.0001329083564540175,100.10251992350477,2,0.47999999999999976
1000,2464,0.12026468586362926,5.0,5.0,5.0,5,0.00013295006275584943,90.35117786851993,2,0.47999999999999976
1001,2573,0.1202581030602716,5.0,5.0,5.0,4,0.00013307065918372103,34.152782463983755,2,0.47999999999999976
1002,3744,0.1202515505747995,5.0,5.0,5.0,4,0.00013275219680878095,30.698612817149783,2,0.47999999999999976
1003,950,0.12021455958443619,5.0,5.0,5.0,5,0.00012989109464413151,138.46425283969586,2,0.47999999999999976
1004,1999,0.12020171104116387,5.0,5.0,5.0,5,0.00012946646728894743,107.77246963600125,2,0.47999999999999976
1005,1532,0.12019699727923769,44.0,44.0,44.0,43,0.0009030274687853279,17547.104195857402,2,0.06663223140495866
1006,3004,0.12017120027682712,5.0,5.0,5.0,4,0.00012833042987032224,50.17462299167039,2,0.47999999999999976
1007,3033,0.12016120787583018,5.0,5.0,5.0,4,0.00012803704093984392,21.895151204499065,2,0.47999999999999976
1008,379,0.12012308595991708,5.0,5.0,5.0,3,0.00012618117552322855,2.1668315408549783,2,0.47999999999999976
1009,3635,0.1201117085944122,5.0,5.0,5.0,5,0.00012460371487039594,118.79384827930568,2,0.47999999999999976
1010,743,0.12009804236652334,12.0,12.0,12.0,8,0.00022793578284219487,527.5457013924885,2,0.4166666666666665
1011,3311,0.12000605280109355,5.0,5.0,5.0,5,0.00011970599246188991,34.6897284628572,2,0.47999999999999976
1012,1624,0.11998203500918347,5.0,5.0,5.0,3,0.0001186590184407474,7.6257256336772805,2,0.47999999999999976
1013,2989,0.11989873064610745,5.0,5.0,5.0,5,0.0001141103695598547,23.54672597991287,2,0.47999999999999976
1014,279,0.11978467445303952,49.0,49.0,49.0,41,0.0008532654114508234,5598.235719471545,2,0.05997501041232822
1015,125,0.11929710505090932,38.0,38.0,38.0,34,0.0006983305172260404,7125.380679961187,2,0.14958448753462628
1016,464,0.11921013422505852,13.0,13.0,13.0,12,0.00027958974758294185,1389.7335054287228,2,0.3905325443786982
1017,800,0.11916622215113057,13.0,13.0,13.0,10,0.0002796170336393465,1107.8717095795498,2,0.3905325443786982
1018,454,0.11901849057467095,13.0,13.0,13.0,10,0.0002719663686229202,1086.327411811999,2,0.3905325443786982
1019,2984,0.11887708584951316,31.0,31.0,31.0,31,0.0005859677137548914,25257.060826649125,2,0.18106139438085356
1020,802,0.11877516374911243,13.0,13.0,13.0,10,0.00026608487628698675,246.5323594732898,2,0.3905325443786982
1021,3212,0.118685311390969,15.0,15.0,15.0,14,0.00037450955523073956,6724.1073758147695,2,0.34666666666666657
1022,2905,0.11854847511221053,13.0,13.0,13.0,12,0.00025539893660711337,87.35113812994449,2,0.3905325443786982
1023,3479,0.11842681400271458,39.0,39.0,39.0,31,0.0006697944998176717,3418.5811324545366,2,0.145956607495069
1024,1980,0.11831957836297163,13.0,13.0,13.0,10,0.00024067139701546266,397.9084064398059,2,0.3905325443786982
1025,632,0.11827124135258692,22.0,22.0,22.0,16,0.0006426174623436657,7329.002724263082,2,0.24793388429752083
1026,3645,0.11821349488440457,14.0,14.0,14.0,12,0.0003140001331385149,1755.3496389107163,2,0.3673469387755103
1027,198,0.11817620100875344,45.0,45.0,45.0,37,0.0008168828818122926,12052.719290790534,2,0.06518518518518523
1028,2756,0.117974968651158,30.0,30.0,30.0,20,0.0006219042554508098,15578.667496177042,2,0.18666666666666654
1029,1168,0.11786321006889028,6.0,6.0,6.0,5,0.0002804898662401485,3473.754379751175,2,0.4166666666666665
1030,1033,0.11783533342319658,14.0,14.0,14.0,10,0.00030629800119973615,278.02559732528766,2,0.3673469387755103
1031,2932,0.11776426289442221,15.0,15.0,15.0,14,0.00028913330904069084,11099.468535307973,2,0.34666666666666657
1032,3737,0.11765577965995551,14.0,14.0,14.0,14,0.00027483313521819037,2904.960629191569,2,0.3673469387755103
1033,1133,0.11763684747873919,35.0,35.0,35.0,32,0.0006945250169337974,50830.68144004239,2,0.08326530612244898
1034,372,0.11762621957379188,14.0,14.0,14.0,13,0.00028263475075699507,1783.6276783839658,2,0.3673469387755103
1035,1706,0.1174660180863703,15.0,15.0,15.0,13,0.0003492022234960436,2017.5079997479752,2,0.34666666666666657
1036,180,0.11742817036809769,16.0,16.0,16.0,14,0.000378136668808522,6175.209173135047,2,0.328125
1037,2939,0.11741526774265787,14.0,14.0,14.0,14,0.00028069962975670276,676.8830871691404,2,0.3673469387755103
1038,344,0.1170331214358944,23.0,23.0,23.0,20,0.0005921660309578016,7794.90059726881,2,0.238185255198488
1039,468,0.11693609049763946,24.0,24.0,24.0,22,0.0005021665390625528,19770.750101594254,2,0.22916666666666685
1040,312,0.11689958649859623,39.0,39.0,39.0,35,0.0008164106309563943,21229.451885678325,2,0.07495069033530566
1041,1642,0.1168205350193891,22.0,22.0,22.0,21,0.0005766451822988565,6021.4996448119655,2,0.24793388429752083
1042,2185,0.11678489052715332,15.0,15.0,15.0,13,0.0003201795115716966,1169.9504192202464,2,0.34666666666666657
1043,3069,0.1166879044617614,39.0,39.0,39.0,39,0.0005939182122651488,1468.0325209735688,2,0.145956607495069
1044,1944,0.11668473051566713,6.0,6.0,6.0,6,0.0002309910847437536,1921.6196648434557,2,0.4166666666666665
1045,144,0.11664148268998722,15.0,15.0,15.0,14,0.00031661687527754676,686.5328581317975,2,0.34666666666666657
1046,1050,0.1166231533137519,42.0,42.0,42.0,32,0.000790817002442061,14144.961227553124,2,0.06972789115646272
1047,1675,0.11654429908541705,16.0,16.0,16.0,16,0.0003519749776987054,3698.9221803904165,2,0.328125
1048,127,0.11646986295311357,15.0,15.0,15.0,13,0.00029621060457754074,2040.1778839318656,2,0.34666666666666657
1049,254,0.11625750856429604,16.0,16.0,16.0,12,0.0003379646889532125,3556.328788665898,2,0.328125
1050,1638,0.11622963689178997,6.0,6.0,6.0,5,0.0002088167028968438,1688.4212268168371,2,0.4166666666666665
1051,1434,0.11614709207103013,73.0,73.0,73.0,73,0.0017963523078828032,25509.75146961405,1,0.0
1052,744,0.11612429502913349,15.0,15.0,15.0,13,0.0002909230449101592,480.6350973242185,2,0.34666666666666657
1053,717,0.11592603100915005,6.0,6.0,6.0,4,0.00020650989153473163,38.33044858487603,2,0.4166666666666665
1054,1016,0.1157733370635823,6.0,6.0,6.0,4,0.00019806612799293247,80.23052423480114,2,0.4166666666666665
1055,1863,0.11573672261176854,44.0,44.0,44.0,39,0.0007729008983825892,4824.451084587059,2,0.06663223140495866
1056,3773,0.11560666666734874,21.0,21.0,21.0,14,0.00041056142794023944,15395.951433653763,2,0.25850340136054406
1057,3257,0.11557518872058027,6.0,6.0,6.0,3,0.00018807452984427118,19.013207164423232,2,0.4166666666666665
1058,3423,0.11547815693429438,6.0,6.0,6.0,6,0.00018046048030350995,314.74619937204545,2,0.4166666666666665
1059,838,0.11546283065527395,21.0,21.0,21.0,19,0.0004902045471647723,4950.744467863565,2,0.25850340136054406
1060,4,0.11544696142787217,22.0,22.0,22.0,19,0.0005013439240531269,6319.962857059683,2,0.24793388429752083
1061,3373,0.11544137050344667,6.0,6.0,6.0,5,0.0001776983678345939,411.9613612051551,2,0.4166666666666665
1062,3024,0.11543102367070049,6.0,6.0,6.0,6,0.000179821546094457,92.18919275773095,2,0.4166666666666665
1063,790,0.11541302707235057,6.0,6.0,6.0,6,0.00017186791708524168,929.9982109889036,2,0.4166666666666665
1064,3471,0.11539575781867725,16.0,16.0,16.0,15,0.0002996176978152355,2678.8677228135653,2,0.328125
1065,129,0.11536653225893913,6.0,6.0,6.0,6,0.00016579719373470292,1361.6341219888911,2,0.4166666666666665
1066,2764,0.1153462307383254,16.0,16.0,16.0,11,0.00031491391804353615,533.8110355683222,2,0.328125
1067,2284,0.11533906747772345,36.0,36.0,36.0,36,0.0005619678300533637,1177.4251664529463,2,0.15740740740740744
1068,289,0.11533209416452844,25.0,25.0,25.0,22,0.000510391298576423,10015.530738651183,2,0.2208
1069,3572,0.11531032097679192,16.0,16.0,16.0,11,0.0003072230442247199,1226.5220125869926,2,0.328125
1070,1110,0.11529115258954849,24.0,24.0,24.0,17,0.0005344152987212023,5474.6797217300245,2,0.22916666666666685
1071,2907,0.1152565158843982,30.0,30.0,30.0,27,0.0005474156761561428,7247.404692152276,2,0.18666666666666654
1072,374,0.11521926928236,19.0,19.0,19.0,17,0.000432685349017565,2839.98877047204,2,0.2825484764542936
1073,1021,0.11520079346407847,6.0,6.0,6.0,4,0.0001655988222417275,333.86400708595215,2,0.4166666666666665
1074,2352,0.11518849308142443,6.0,6.0,6.0,6,0.00015861732256893196,1091.4558935048838,2,0.4166666666666665
1075,1557,0.11518802746928804,22.0,22.0,22.0,20,0.00048262847400596455,6917.2734187924325,2,0.24793388429752083
1076,35,0.11518191755181753,6.0,6.0,6.0,5,0.0001612854984613658,730.3784704621364,2,0.4166666666666665
1077,3374,0.11516991235613815,6.0,6.0,6.0,6,0.00016436730124396782,285.3451831422426,2,0.4166666666666665
1078,2130,0.11516345848532508,6.0,6.0,6.0,6,0.00015675378890092758,1155.6766271477054,2,0.4166666666666665
1079,2049,0.11515575496393209,6.0,6.0,6.0,5,0.0001648063329622218,142.9763540615564,2,0.4166666666666665
1080,1713,0.11514432458574005,6.0,6.0,6.0,6,0.00016299029096455712,287.8233428328205,2,0.4166666666666665
1081,1080,0.11513991269710727,19.0,19.0,19.0,16,0.0004201387989698978,3838.241771509941,2,0.2825484764542936
1082,1701,0.11513449115627707,6.0,6.0,6.0,6,0.00015862591311614337,747.8177257594216,2,0.4166666666666665
1083,2028,0.11510889636210019,6.0,6.0,6.0,5,0.00016152946653899647,237.90159917974893,2,0.4166666666666665
1084,1619,0.11505603160164311,36.0,36.0,36.0,36,0.0008906988844193163,8499.401855490889,2,0.08101851851851871
1085,356,0.11503709812041826,6.0,6.0,6.0,5,0.00015687720202039744,339.2240393170692,2,0.4166666666666665
1086,3247,0.11502385219241443,6.0,6.0,6.0,5,0.00015828072168910698,87.19630290763142,2,0.4166666666666665
1087,3278,0.11501767656672121,6.0,6.0,6.0,6,0.00015695050900263024,207.23161840616265,2,0.4166666666666665
1088,3259,0.11500182588935397,6.0,6.0,6.0,6,0.00015456600009611268,392.0754570482289,2,0.4166666666666665
1089,302,0.11499260881200303,6.0,6.0,6.0,6,0.00015621812856864874,135.85185701412837,2,0.4166666666666665
1090,2902,0.11497644810919745,6.0,6.0,6.0,3,0.00015641547635888173,9.700879830172768,2,0.4166666666666665
1091,274,0.1149626279267764,6.0,6.0,6.0,5,0.00015194094865351827,457.5857668537022,2,0.4166666666666665
1092,2703,0.11495287973440342,6.0,6.0,6.0,5,0.00015371388766691893,183.5324901673696,2,0.4166666666666665
1093,1982,0.11495189207630731,28.0,28.0,28.0,25,0.000554339737104605,4479.242415325304,2,0.19897959183673475
1094,691,0.11494767444822648,6.0,6.0,6.0,6,0.00015082920656481614,495.78164305920853,2,0.4166666666666665
1095,699,0.11493441825326,6.0,6.0,6.0,5,0.00015264607834935195,194.21377976199997,2,0.4166666666666665
1096,1152,0.1149216199941736,6.0,6.0,6.0,4,0.00015357139070735218,2.263879749792359,2,0.4166666666666665
1097,2949,0.11486956596679636,6.0,6.0,6.0,6,0.00014773592823692298,370.4710275569557,2,0.4166666666666665
1098,2763,0.11486830792687829,29.0,29.0,29.0,27,0.0005258674745941489,7484.141129563446,2,0.1926278240190249
1099,1606,0.11486767965312442,6.0,6.0,6.0,5,0.0001488739812976445,222.28751618314786,2,0.4166666666666665
1100,1082,0.11485115578170632,16.0,16.0,16.0,15,0.00028643282565348366,801.8184576401513,2,0.328125
1101,845,0.11483966420587685,17.0,17.0,17.0,13,0.0003167459884433911,3797.29095418447,2,0.3114186851211074
1102,3357,0.11479027936047899,6.0,6.0,6.0,5,0.00014397168987099636,317.9945399121065,2,0.4166666666666665
1103,669,0.1147623912867084,6.0,6.0,6.0,5,0.00014477778673659808,44.577936905564165,2,0.4166666666666665
1104,3792,0.1147473400783144,6.0,6.0,6.0,5,0.00014263609729822557,205.43035267112205,2,0.4166666666666665
1105,1756,0.11470176117548254,18.0,18.0,18.0,15,0.000365700069209556,2754.680965404485,2,0.2962962962962963
1106,3236,0.11469744667102663,35.0,35.0,35.0,35,0.0005327972113882965,1820.0839723318627,2,0.16163265306122443
1107,365,0.11468285759904352,21.0,21.0,21.0,15,0.0004707837823011913,2326.7939169294673,2,0.25850340136054406
1108,903,0.11464605476854017,24.0,24.0,24.0,20,0.0004892124527923669,6792.343767389231,2,0.22916666666666685
1109,1989,0.11461538281726809,31.0,31.0,31.0,25,0.000545668816658689,3042.561848487138,2,0.18106139438085356
1110,359,0.11461512974807418,6.0,6.0,6.0,4,0.00013725520459050738,10.685238580035065,2,0.4166666666666665
1111,3032,0.11459848825813326,19.0,19.0,19.0,15,0.0003994815323387641,2875.7391679764205,2,0.2825484764542936
1112,3480,0.11446253615466043,26.0,26.0,26.0,26,0.000526196145596782,3641.828582470636,2,0.2130177514792897
1113,1674,0.1144168412413975,18.0,18.0,18.0,15,0.0003610637596555616,1501.9639316167752,2,0.2962962962962963
1114,832,0.11438523302590692,17.0,17.0,17.0,12,0.0003154000907676833,1075.2899960714112,2,0.3114186851211074
1115,12,0.11431825203541186,21.0,21.0,21.0,15,0.0004344781356731773,4359.08912611036,2,0.25850340136054406
1116,1771,0.1143119807311617,26.0,26.0,26.0,24,0.0005185368379691396,3603.4031150086616,2,0.2130177514792897
1117,2300,0.11424052941673922,23.0,23.0,23.0,19,0.0004791379088989888,3606.1479373027264,2,0.238185255198488
1118,3705,0.11423984403900696,22.0,22.0,22.0,20,0.0004465825063338386,5216.034249187153,2,0.24793388429752083
1119,1408,0.11422117734435323,30.0,30.0,30.0,28,0.0005300640619647666,2755.6517154095905,2,0.18666666666666654
1120,747,0.11417549126129299,29.0,29.0,29.0,20,0.0005333261443804901,2195.889404441297,2,0.1926278240190249
1121,1023,0.11416912317062268,20.0,20.0,20.0,16,0.0004141230049631738,2457.9316402596182,2,0.2699999999999999
1122,287,0.11408534221314441,18.0,18.0,18.0,13,0.00032891766632940384,3246.4345916535017,2,0.2962962962962963
1123,491,0.11402452816905718,22.0,22.0,22.0,18,0.0004375105769922079,4935.8221268721145,2,0.24793388429752083
1124,934,0.11401207744418598,18.0,18.0,18.0,15,0.0003448751485739,871.6286047717844,2,0.2962962962962963
1125,690,0.11389192558802447,42.0,42.0,42.0,34,0.0007213469740142438,5131.967972922125,2,0.06972789115646272
1126,1076,0.11386870872406907,17.0,17.0,17.0,14,0.0002948562996928065,257.1817545704857,2,0.3114186851211074
1127,560,0.11385839822382575,18.0,18.0,18.0,16,0.0003329623164898515,1322.4978528594559,2,0.2962962962962963
1128,3708,0.11381902857498546,21.0,21.0,21.0,17,0.0004206644620722116,2845.202388209359,2,0.25850340136054406
1129,2249,0.11370577668356983,28.0,28.0,28.0,27,0.0005005727245532952,3008.8723174747124,2,0.19897959183673475
1130,2872,0.1136713818675353,19.0,19.0,19.0,19,0.00036209498214721716,1468.678378481034,2,0.2825484764542936
1131,3685,0.11362183375289683,25.0,25.0,25.0,21,0.000459986575994494,5197.998240180461,2,0.2208
1132,436,0.11351980820007147,25.0,25.0,25.0,20,0.0004903367113920743,918.0351632757371,2,0.2208
1133,221,0.11348403507750787,19.0,19.0,19.0,15,0.0003402187965674842,2898.481870896934,2,0.2825484764542936
1134,3081,0.11345789559110239,19.0,19.0,19.0,16,0.0003531837094409385,1180.8446012460427,2,0.2825484764542936
1135,3574,0.1134483546694387,19.0,19.0,19.0,19,0.0003417132247756093,2493.239728487822,2,0.2825484764542936
1136,3490,0.11342412806602259,18.0,18.0,18.0,17,0.0003166495577523337,519.8217947169906,2,0.2962962962962963
1137,2306,0.11342229342241629,19.0,19.0,19.0,18,0.0003517172437610611,1130.494493875546,2,0.2825484764542936
1138,569,0.11340514192023508,41.0,41.0,41.0,33,0.000695518418889388,7985.601585991309,2,0.07138607971445587
1139,70,0.11339380343512052,32.0,32.0,32.0,22,0.0004981104121900388,432.14047228091687,2,0.17578125
1140,2775,0.11337571069634834,25.0,25.0,25.0,19,0.0004648024670890785,3060.0703211088903,2,0.2208
1141,3088,0.11333587612962003,33.0,33.0,33.0,32,0.0004865603726510666,705.5473115007163,2,0.1707988980716253
1142,1089,0.11326108927524282,28.0,28.0,28.0,23,0.0004750530555644649,3242.0995936351924,2,0.19897959183673475
1143,3680,0.11315659123818206,24.0,24.0,24.0,22,0.0004499761091755313,2038.8686427387743,2,0.22916666666666685
1144,2995,0.11307289089482311,24.0,24.0,24.0,17,0.00044557230117614634,2034.941073299611,2,0.22916666666666685
1145,3832,0.11297871869415407,37.0,37.0,37.0,34,0.0007212404657034484,13051.004882805557,2,0.07888970051132205
1146,2909,0.11283860962087211,30.0,30.0,30.0,30,0.00046767825095383645,1451.175333903387,2,0.18666666666666654
1147,2348,0.11281229910397633,19.0,19.0,19.0,12,0.00032482690611913357,479.00643275286086,2,0.2825484764542936
1148,3217,0.11279926386382799,23.0,23.0,23.0,23,0.0004199665058098197,1544.529618229926,2,0.238185255198488
1149,212,0.11273918121578083,25.0,25.0,25.0,22,0.0004422456446134512,1721.5449146612225,2,0.2208
1150,3394,0.1126866289589248,19.0,19.0,19.0,19,0.0003186547741441595,420.4599873677044,2,0.2825484764542936
1151,2147,0.11266103660391923,40.0,40.0,40.0,34,0.0006647721490158166,9744.075322095245,2,0.0731250000000001
1152,3040,0.1124810039124665,24.0,24.0,24.0,21,0.0004200361096558354,1336.2526259993178,2,0.22916666666666685
1153,3228,0.11247937164760276,27.0,27.0,27.0,27,0.00045387847398375617,416.9317811094543,2,0.20576131687242782
1154,3262,0.11226377003157312,42.0,42.0,42.0,42,0.0006404314356130787,4487.245807697534,2,0.06972789115646272
1155,2914,0.11205051968338638,28.0,28.0,28.0,28,0.0004342073007998738,450.6736844791219,2,0.19897959183673475
1156,2479,0.11200408091070736,7.0,7.0,7.0,7,0.00021328447886525512,1732.9239362258934,2,0.3673469387755103
1157,392,0.11186308088920871,37.0,37.0,37.0,35,0.0007110294289331792,7195.130235306933,2,0.07888970051132205
1158,602,0.11175178596634482,23.0,23.0,23.0,18,0.0003735785068282868,451.18599108964753,2,0.238185255198488
1159,281,0.11160300999443411,7.0,7.0,7.0,7,0.0001914343393285137,1803.6580494417785,2,0.3673469387755103
1160,2874,0.1115074454636255,28.0,28.0,28.0,24,0.000545108457600432,44423.82382390991,2,0.10331632653061207
1161,3790,0.11149638507236635,7.0,7.0,7.0,6,0.00019464580938817667,742.7989861714714,2,0.3673469387755103
1162,1647,0.1113847737009841,7.0,7.0,7.0,7,0.0001861631399986405,1050.0001699370962,2,0.3673469387755103
1163,766,0.11137494616027037,36.0,36.0,36.0,27,0.0006037684835923457,19488.420955280937,2,0.08101851851851871
1164,1801,0.11125690335958915,7.0,7.0,7.0,6,0.00017709713098232257,1323.869058209679,2,0.3673469387755103
1165,2491,0.11124410309424604,7.0,7.0,7.0,5,0.0001568665898241332,3664.0952899569666,2,0.3673469387755103
1166,2568,0.11120807138791945,7.0,7.0,7.0,7,0.00018175072516104425,457.060845392311,2,0.3673469387755103
1167,3077,0.11120020090086877,24.0,24.0,24.0,24,0.0003612119291278745,251.11344658799956,2,0.22916666666666685
1168,788,0.11118630482116514,7.0,7.0,7.0,6,0.00018067685429621732,447.4988611067672,2,0.3673469387755103
1169,337,0.11116748822846988,7.0,7.0,7.0,5,0.00018131874779255905,251.28923360979056,2,0.3673469387755103
1170,694,0.11114325430316203,7.0,7.0,7.0,6,0.0001766992232082428,650.4601277676197,2,0.3673469387755103
1171,3576,0.11107236507700166,7.0,7.0,7.0,7,0.00017707535231102948,155.69065865654346,2,0.3673469387755103
1172,911,0.1110394660700511,7.0,7.0,7.0,4,0.0001761981781974436,51.95694311053487,2,0.3673469387755103
1173,549,0.11103725210050491,7.0,7.0,7.0,7,0.00017150523286786704,599.6191831783999,2,0.3673469387755103
1174,3670,0.11096345011167028,7.0,7.0,7.0,7,0.00016735877102407894,627.6884528238085,2,0.3673469387755103
1175,1161,0.11094387941406528,7.0,7.0,7.0,7,0.00017073383703586006,99.55528017706087,2,0.3673469387755103
1176,840,0.11094000425364511,7.0,7.0,7.0,6,0.00017097839025111803,45.698611198210635,2,0.3673469387755103
1177,2158,0.1109248682543659,7.0,7.0,7.0,7,0.0001696312197378933,110.91542859327079,2,0.3673469387755103
1178,2819,0.11091867042091902,7.0,7.0,7.0,6,0.00016883047721313508,167.4364454721615,2,0.3673469387755103
1179,689,0.11089322714820726,7.0,7.0,7.0,7,0.00016619568150643717,321.37835514028575,2,0.3673469387755103
1180,2702,0.11080500068617698,7.0,7.0,7.0,5,0.00016265520991419193,185.40070638447597,2,0.3673469387755103
1181,3521,0.1107842122742526,7.0,7.0,7.0,7,0.00016059398404332168,300.2231393278768,2,0.3673469387755103
1182,1081,0.1107500343451118,7.0,7.0,7.0,3,0.0001612199373331293,8.462928071917203,2,0.3673469387755103
1183,3071,0.1107375817722518,7.0,7.0,7.0,7,0.00015752018973198508,372.2894109277135,2,0.3673469387755103
1184,2895,0.11069317677692694,7.0,7.0,7.0,7,0.00015618828901063934,249.98426399405207,2,0.3673469387755103
1185,3795,0.11061627147181306,38.0,38.0,38.0,31,0.0006495146518918069,4026.673327342206,2,0.07686980609418259
1186,2631,0.11035847793830286,76.0,76.0,76.0,74,0.0013662359376176343,28558.395108504308,1,0.0
1187,11,0.11026457604652297,15.0,15.0,15.0,14,0.0004005718521475034,51690.56128354758,2,0.18666666666666654
1188,600,0.11011798576998826,38.0,38.0,38.0,34,0.0006343394555050179,2681.6996498124513,2,0.07686980609418259
1189,1423,0.10974403709059058,8.0,8.0,8.0,8,0.0002639268425096299,2314.248952017404,2,0.328125
1190,167,0.10935255011513625,8.0,8.0,8.0,5,0.00024396845527986834,2219.359607563171,2,0.328125
1191,2805,0.10926060232007026,31.0,31.0,31.0,29,0.0006804711271220347,8390.660718028565,2,0.09365244536940664
1192,3643,0.1091377913254411,8.0,8.0,8.0,8,0.00023457252716980683,1981.4619245659578,2,0.328125
1193,3184,0.10890504992988442,8.0,8.0,8.0,7,0.00022453326307419712,1706.4775976454096,2,0.328125
1194,484,0.10868741906429782,8.0,8.0,8.0,7,0.0001998932252354328,3274.9580499693006,2,0.328125
1195,716,0.1086171664903541,8.0,8.0,8.0,7,0.0002141211386742916,1126.2783896229619,2,0.328125
1196,2537,0.10854304709131571,8.0,8.0,8.0,8,0.00020647660418585278,1571.0255958198845,2,0.328125
1197,3308,0.10834778701833908,8.0,8.0,8.0,8,0.00020273184656872316,780.4350684852037,2,0.328125
1198,3416,0.10833523709514897,8.0,8.0,8.0,8,0.0001996851112881103,1065.4834956457707,2,0.328125
1199,546,0.10829878203834803,8.0,8.0,8.0,7,0.0002057580434621634,107.31584490491103,2,0.328125
1200,3731,0.10821819654442799,8.0,8.0,8.0,8,0.00019778084634755638,550.8566362384803,2,0.328125
1201,237,0.10820553652945197,8.0,8.0,8.0,6,0.00019879377133361908,349.2972717130656,2,0.328125
1202,1729,0.10819696634158468,8.0,8.0,8.0,8,0.00019614456860040592,612.0132299275749,2,0.328125
1203,785,0.10816501167012771,8.0,8.0,8.0,8,0.00018716522188074085,1484.0369373005112,2,0.328125
1204,1516,0.10809158005195105,8.0,8.0,8.0,8,0.000191036029327893,554.8520663673247,2,0.328125
1205,1888,0.10806280159220558,8.0,8.0,8.0,7,0.00019136747093425832,332.598988447237,2,0.328125
1206,2121,0.10805906961037945,8.0,8.0,8.0,8,0.00018899207689325063,593.2377314090066,2,0.328125
1207,786,0.10803808240386241,29.0,29.0,29.0,24,0.0006576033598038551,7224.953005314544,2,0.09988109393579048
1208,2796,0.1080172149499059,8.0,8.0,8.0,6,0.0001916137969204327,13.895704344784194,2,0.328125
1209,2155,0.10799188065277912,8.0,8.0,8.0,8,0.00018561452296898142,571.2305172850363,2,0.328125
1210,1431,0.1079616260979954,8.0,8.0,8.0,7,0.00018316547753830743,672.4148736479375,2,0.328125
1211,259,0.10792901301678007,8.0,8.0,8.0,7,0.00017825015586712674,1053.8296094716861,2,0.328125
1212,1940,0.1079013725139884,8.0,8.0,8.0,8,0.00018257033131697918,361.3761969939211,2,0.328125
1213,1873,0.10786718754526553,8.0,8.0,8.0,6,0.00018262795988931851,137.5953114590594,2,0.328125
1214,505,0.1078076383609692,9.0,9.0,9.0,5,0.00029650577265101643,2420.3933638702333,2,0.2962962962962963
1215,2724,0.10774980995249944,8.0,8.0,8.0,5,0.00017686918529495943,82.1845359299543,2,0.328125
1216,3209,0.10772339103247205,8.0,8.0,8.0,7,0.000174853019462778,155.89142803950705,2,0.328125
1217,1056,0.10770148023132767,8.0,8.0,8.0,7,0.00017425663671989298,88.26279934479119,2,0.328125
1218,3828,0.10762866562790777,8.0,8.0,8.0,6,0.00017073146124767238,48.23335937196597,2,0.328125
1219,3240,0.10760825109194541,8.0,8.0,8.0,4,0.0001699123330207036,16.758517369020343,2,0.328125
1220,2979,0.10750351280729276,8.0,8.0,8.0,6,0.00016409597913875465,48.42838611532031,2,0.328125
1221,3647,0.1073369909450102,8.0,8.0,8.0,8,0.00015388438719273566,214.1937142347335,2,0.328125
1222,3097,0.10721567160218748,28.0,28.0,28.0,25,0.0005678866365115703,14468.71474290375,2,0.10331632653061207
1223,1130,0.10720020144550423,9.0,9.0,9.0,5,0.0002753810777699924,1095.028517841303,2,0.2962962962962963
1224,1768,0.10710988388583866,31.0,31.0,31.0,26,0.000595144994644155,4958.502678480241,2,0.09365244536940664
1225,3072,0.10707944834028632,14.0,14.0,14.0,13,0.00029466520168544883,40249.73723547019,2,0.19897959183673475
1226,46,0.10694901344114122,26.0,26.0,26.0,26,0.0005828025604090354,13955.62917687257,2,0.11094674556213024
1227,581,0.10692552616843144,9.0,9.0,9.0,6,0.00025304017700047515,2026.4076859699824,2,0.2962962962962963
1228,848,0.10687870656679059,9.0,9.0,9.0,6,0.0002511246095532421,1958.6436098799895,2,0.2962962962962963
1229,1162,0.10658692972663153,9.0,9.0,9.0,8,0.0002424930573555127,1140.6226478291196,2,0.2962962962962963
1230,1010,0.1063915100107798,28.0,28.0,28.0,22,0.0005813514996718097,7628.263956361061,2,0.10331632653061207
1231,1865,0.10631645328141232,9.0,9.0,9.0,9,0.00020976235760656524,3342.2179134539483,2,0.2962962962962963
1232,2610,0.10629041214140934,9.0,9.0,9.0,9,0.00022917973743731437,852.8951733509203,2,0.2962962962962963
1233,2354,0.1062846443539185,9.0,9.0,9.0,9,0.00022842153871033892,907.0524176995799,2,0.2962962962962963
1234,2297,0.10628296089412378,9.0,9.0,9.0,9,0.0002289446235524689,833.762739945863,2,0.2962962962962963
1235,2261,0.10616865816470934,9.0,9.0,9.0,7,0.00022905638961851526,95.2027049080396,2,0.2962962962962963
1236,1496,0.10612394385357798,10.0,10.0,10.0,10,0.0003105258724945491,2841.1588046340144,2,0.2699999999999999
1237,887,0.10602121937515406,9.0,9.0,9.0,8,0.0002150428880874921,837.0973274185927,2,0.2962962962962963
1238,2852,0.10593277907425491,30.0,30.0,30.0,25,0.0005501961414637035,4860.6883016871425,2,0.09666666666666679
1239,951,0.10585827123261078,9.0,9.0,9.0,8,0.00020900225130289886,526.3053253852812,2,0.2962962962962963
1240,3391,0.10564128836398547,31.0,31.0,31.0,29,0.000543085531209759,1872.2489352905716,2,0.09365244536940664
1241,2855,0.10561693174964203,9.0,9.0,9.0,7,0.0001902069494573963,1244.7999522300354,2,0.2962962962962963
1242,3082,0.10559771450634034,9.0,9.0,9.0,6,0.00019642420406785214,378.7216702199898,2,0.2962962962962963
1243,305,0.10552206428936002,9.0,9.0,9.0,6,0.00019410662316908986,176.16240755462576,2,0.2962962962962963
1244,1055,0.10550149497919387,31.0,31.0,31.0,25,0.000515654054243483,4268.674946736598,2,0.09365244536940664
1245,568,0.10546791588947896,26.0,26.0,26.0,24,0.0005447248868250871,9116.54752079908,2,0.11094674556213024
1246,1027,0.10545615063823606,9.0,9.0,9.0,6,0.00018905264533440093,362.9009751124451,2,0.2962962962962963
1247,435,0.1051455717886949,29.0,29.0,29.0,23,0.000497243618690391,8067.498168129143,2,0.09988109393579048
1248,685,0.10506099393636255,19.0,19.0,19.0,19,0.00047673442934667126,17477.179922910465,2,0.14958448753462628
1249,3751,0.10505320452868724,9.0,9.0,9.0,9,0.00017055367950198882,20.629037775388216,2,0.2962962962962963
1250,13,0.10492290084431583,10.0,10.0,10.0,8,0.0002642002794117639,766.0668098712725,2,0.2699999999999999
1251,79,0.10470132351391036,28.0,28.0,28.0,22,0.0005153266051578788,4807.699873489723,2,0.10331632653061207
1252,3089,0.10462591219752296,25.0,25.0,25.0,25,0.00043067177403870676,18629.89203685899,2,0.11519999999999997
1253,2431,0.10440944031740666,10.0,10.0,10.0,8,0.00023291617464456083,1252.927255377369,2,0.2699999999999999
1254,3132,0.10436726975745225,10.0,10.0,10.0,9,0.00023228992006201938,1060.3379866430048,2,0.2699999999999999
1255,2179,0.10434059233307437,10.0,10.0,10.0,9,0.00021538767757440125,2914.1508278793717,2,0.2699999999999999
1256,2268,0.10430518070798377,10.0,10.0,10.0,9,0.00023109842947977916,809.0320964512941,2,0.2699999999999999
1257,3800,0.10423488427712865,29.0,29.0,29.0,23,0.0004841538664872862,3856.470206752625,2,0.09988109393579048
1258,498,0.1042112953776867,20.0,20.0,20.0,18,0.0005010484783401621,9768.302081401565,2,0.14250000000000013
1259,2929,0.10409711607988878,10.0,10.0,10.0,9,0.00022404018278430522,333.80283518326144,2,0.2699999999999999
1260,2731,0.10406871011925542,65.0,65.0,65.0,64,0.0014752838213599308,18529.259760289908,1,0.0
1261,990,0.10403050270804172,10.0,10.0,10.0,6,0.00022227281593985605,122.72067097138962,2,0.2699999999999999
1262,567,0.10392402357350557,10.0,10.0,10.0,9,0.00020889307848972026,1048.6232662183704,2,0.2699999999999999
1263,3724,0.10386383745383856,10.0,10.0,10.0,10,0.00021387131511465944,70.92262773430468,2,0.2699999999999999
1264,897,0.10384833916633066,25.0,25.0,25.0,20,0.000512923273525781,3851.7998139454853,2,0.11519999999999997
1265,923,0.10384613781717353,10.0,10.0,10.0,8,0.00021064219415372227,345.12932792954604,2,0.2699999999999999
1266,3810,0.10382719242709182,11.0,11.0,11.0,11,0.000278047801242904,2254.1120590409014,2,0.24793388429752083
1267,2793,0.10382505861157405,10.0,10.0,10.0,8,0.00020997759196041891,290.9420063906091,2,0.2699999999999999
1268,902,0.10381825585033572,10.0,10.0,10.0,7,0.00021116029862457904,106.2218887060501,2,0.2699999999999999
1269,2719,0.10378820213920312,10.0,10.0,10.0,8,0.00020883425861819552,193.95769858619425,2,0.2699999999999999
1270,3039,0.10369100705108768,10.0,10.0,10.0,7,0.0002025904424050553,324.6485127014353,2,0.2699999999999999
1271,1957,0.10368544364766537,11.0,11.0,11.0,9,0.00028314333838901545,744.9051334752178,2,0.24793388429752083
1272,656,0.10368403268358561,26.0,26.0,26.0,19,0.00048479346772385907,4972.192844076661,2,0.11094674556213024
1273,3498,0.10364727464843082,25.0,25.0,25.0,24,0.0005118475243660142,2704.924283677931,2,0.11519999999999997
1274,1761,0.10362918693609506,10.0,10.0,10.0,7,0.00019997542691294032,245.43355883613987,2,0.2699999999999999
1275,205,0.10361038031564743,27.0,27.0,27.0,23,0.0004856147740377655,3010.6615100647764,2,0.10699588477366284
1276,245,0.10354314641048573,10.0,10.0,10.0,8,0.00019631202630183294,138.03800480663386,2,0.2699999999999999
1277,595,0.10350436933631396,25.0,25.0,25.0,22,0.0005054764124845844,2560.847327816317,2,0.11519999999999997
1278,2234,0.10349374070709481,11.0,11.0,11.0,8,0.00027106332827462427,974.5464894604949,2,0.24793388429752083
1279,660,0.10348897439773543,13.0,13.0,13.0,11,0.00035061204413470916,5770.088392986185,2,0.2130177514792897
1280,3564,0.10328352050871246,11.0,11.0,11.0,11,0.00025227362180293744,1889.8046599914524,2,0.24793388429752083
1281,2260,0.10325267298194898,20.0,20.0,20.0,19,0.00043003584091649914,12186.068584376964,2,0.14250000000000013
1282,894,0.1032166882745833,23.0,23.0,23.0,20,0.0005040028842442978,2649.5177231388984,2,0.12476370510396961
1283,1429,0.10317664022105741,19.0,19.0,19.0,19,0.00045775903365436935,7793.286818867944,2,0.14958448753462628
1284,912,0.10317599661725982,13.0,13.0,13.0,10,0.0003507368617920552,3769.4917018453934,2,0.2130177514792897
1285,2084,0.10314324817744376,15.0,15.0,15.0,15,0.00038307223837624277,8604.556993271197,2,0.18666666666666654
1286,2828,0.10313518117493262,11.0,11.0,11.0,6,0.0002585765756182343,194.26634985219906,2,0.24793388429752083
1287,363,0.10312837610440015,11.0,11.0,11.0,11,0.0002470962772981017,1525.1934348557709,2,0.24793388429752083
1288,2680,0.10311188128243426,14.0,14.0,14.0,9,0.00028635436965189357,16072.636083442161,2,0.19897959183673475
1289,2769,0.10304759906721263,27.0,27.0,27.0,23,0.00045920523174454843,2601.16475426862,2,0.10699588477366284
1290,3585,0.10304357850451946,12.0,12.0,12.0,12,0.00030565400292745,1982.451187020307,2,0.22916666666666685
1291,227,0.1030387973135901,11.0,11.0,11.0,8,0.00024910606473627783,716.313823736842,2,0.24793388429752083
1292,1487,0.10303772326900897,14.0,14.0,14.0,13,0.00038825645080541146,3405.2721442927937,2,0.19897959183673475
1293,358,0.10303033818760371,26.0,26.0,26.0,19,0.0004785802782152405,1568.5616685365867,2,0.11094674556213024
1294,409,0.10302136894074936,11.0,11.0,11.0,9,0.00024198323309862285,1458.2879984251467,2,0.24793388429752083
1295,62,0.10293562724347743,27.0,27.0,27.0,19,0.00045567390495752127,2313.442413117071,2,0.10699588477366284
1296,3764,0.1029084574522978,12.0,12.0,12.0,10,0.0002916369179731515,2802.923400135975,2,0.22916666666666685
1297,2112,0.10289799674537091,18.0,18.0,18.0,15,0.00041924214938087774,9574.984881719553,2,0.15740740740740744
1298,60,0.1028647236894167,29.0,29.0,29.0,17,0.00044307085313971425,80.93277191556413,2,0.09988109393579048
1299,360,0.10281778720949247,11.0,11.0,11.0,9,0.00023758126601973678,693.5643125237253,2,0.24793388429752083
1300,1011,0.10280348652035212,13.0,13.0,13.0,10,0.00032692665877543346,4256.031292032148,2,0.2130177514792897
1301,1885,0.10277539979538232,13.0,13.0,13.0,11,0.000340108335425825,2500.0950422334777,2,0.2130177514792897
1302,104,0.10277484629984479,19.0,19.0,19.0,14,0.0004404980084773313,7310.153092279813,2,0.14958448753462628
1303,1836,0.10276964626916396,21.0,21.0,21.0,21,0.0004129597630432489,11352.226570640221,2,0.13605442176870752
1304,3446,0.10273701499320076,11.0,11.0,11.0,8,0.0002351077578520484,477.1722894703247,2,0.24793388429752083
1305,751,0.10260816075164554,25.0,25.0,25.0,19,0.00044478482174215933,4139.244257212108,2,0.11519999999999997
1306,2725,0.10259631347283643,23.0,23.0,23.0,18,0.0004593196404768223,4061.8422712682827,2,0.12476370510396961
1307,1464,0.10258791147629567,17.0,17.0,17.0,17,0.00037967246867270466,10737.825966210123,2,0.16608996539792376
1308,974,0.10257257169939052,16.0,16.0,16.0,14,0.0003859505521300753,7643.058438599702,2,0.17578125
1309,433,0.10254839214656059,11.0,11.0,11.0,8,0.00022507728204885203,481.0419037036635,2,0.24793388429752083
1310,3630,0.10242621103241796,11.0,11.0,11.0,11,0.0002138179857368606,1053.5247354552014,2,0.24793388429752083
1311,187,0.10240400469277679,11.0,11.0,11.0,11,0.00021738966800023948,485.13657390537975,2,0.24793388429752083
1312,1389,0.10230363799200931,23.0,23.0,23.0,18,0.00046009516146635476,2112.167481725156,2,0.12476370510396961
1313,1956,0.10229038222882632,19.0,19.0,19.0,15,0.0004474588527675831,3403.3598682761253,2,0.14958448753462628
1314,1117,0.1022829410233972,12.0,12.0,12.0,11,0.00026672660603527893,1815.9633581095072,2,0.22916666666666685
1315,2498,0.10223106921741766,19.0,19.0,19.0,19,0.0004264306372292485,5543.965853220733,2,0.14958448753462628
1316,1725,0.10221351661897393,21.0,21.0,21.0,18,0.00043411076649091916,5292.307902251433,2,0.13605442176870752
1317,770,0.10220738456069411,11.0,11.0,11.0,11,0.00020782298126012822,382.7562966142658,2,0.24793388429752083
1318,2313,0.10219937237935041,12.0,12.0,12.0,12,0.000269785279375211,919.671164540518,2,0.22916666666666685
1319,341,0.10219720464249597,11.0,11.0,11.0,8,0.00020865593572371469,218.47271674128015,2,0.24793388429752083
1320,1399,0.10212713831728693,24.0,24.0,24.0,22,0.00045007565592133036,1443.5673442349341,2,0.11979166666666641
1321,1103,0.1020586172356048,20.0,20.0,20.0,15,0.0004266975962594642,5010.059929551601,2,0.14250000000000013
1322,927,0.10204177639505796,12.0,12.0,12.0,9,0.00026305389109438585,725.5129162963345,2,0.22916666666666685
1323,306,0.1020131260140848,12.0,12.0,12.0,9,0.0002622813779315888,636.2071032722147,2,0.22916666666666685
1324,3765,0.1020024628116456,12.0,12.0,12.0,6,0.00026602761340718074,120.1606066133073,2,0.22916666666666685
1325,2164,0.10192543717438725,12.0,12.0,12.0,10,0.0002595246916107176,409.82742982581794,2,0.22916666666666685
1326,2640,0.10192455962041745,12.0,12.0,12.0,12,0.0002520934282636177,1293.723504300995,2,0.22916666666666685
1327,585,0.10189568544463337,13.0,13.0,13.0,10,0.0003021649303177007,1460.3595700716933,2,0.2130177514792897
1328,821,0.1018797560958552,16.0,16.0,16.0,14,0.00038361538210186785,3527.0588567561012,2,0.17578125
1329,2760,0.10182188300505939,12.0,12.0,12.0,11,0.0002507378955052376,804.5483161383144,2,0.22916666666666685
1330,3752,0.1017613019600282,12.0,12.0,12.0,11,0.00024527910443463563,1073.572035476665,2,0.22916666666666685
1331,3830,0.10170869213112234,24.0,24.0,24.0,21,0.000432273885848374,919.507847330122,2,0.11979166666666641
1332,2798,0.10165288262892301,12.0,12.0,12.0,11,0.00024494132008215147,426.1462877389178,2,0.22916666666666685
1333,411,0.10160773545864207,15.0,15.0,15.0,11,0.00036127820317461193,1471.2204924621733,2,0.18666666666666654
1334,3294,0.10159706124561714,12.0,12.0,12.0,11,0.00024313330302419748,288.398352267088,2,0.22916666666666685
1335,3461,0.1015681465148545,12.0,12.0,12.0,12,0.00023116597601947862,1537.3463479376674,2,0.22916666666666685
1336,1563,0.10155877291420944,13.0,13.0,13.0,12,0.0002768398100710794,2354.0680966794207,2,0.2130177514792897
1337,434,0.10155167996817041,13.0,13.0,13.0,13,0.00028911223753571696,840.154788123067,2,0.2130177514792897
1338,1419,0.10153620690045119,14.0,14.0,14.0,14,0.00030969860809731275,3281.8023698548027,2,0.19897959183673475
1339,2438,0.10143560236132039,12.0,12.0,12.0,9,0.00023563505783748243,161.51903698488297,2,0.22916666666666685
1340,2017,0.10139417147137969,14.0,14.0,14.0,11,0.0003087911081901289,2489.293027255557,2,0.19897959183673475
1341,553,0.10130576058280948,13.0,13.0,13.0,13,0.0002767706244085033,757.1370161765348,2,0.2130177514792897
1342,1,0.10127627931740764,20.0,20.0,20.0,17,0.00036943087994471314,6900.967730712136,2,0.14250000000000013
1343,2863,0.10127065262418139,13.0,13.0,13.0,11,0.0002559417011042507,3027.455888550435,2,0.2130177514792897
1344,3802,0.10126851113097676,22.0,22.0,22.0,18,0.0004096632265767517,2056.760934900837,2,0.13016528925619808
1345,709,0.10124981419140953,13.0,13.0,13.0,10,0.00027432640055906967,694.7449157430809,2,0.2130177514792897
1346,2726,0.1012469673502243,13.0,13.0,13.0,8,0.0002669170458602121,1563.5247471024318,2,0.2130177514792897
1347,2460,0.10119182669077993,15.0,15.0,15.0,15,0.00034123026645933006,1232.1078354292954,2,0.18666666666666654
1348,637,0.10119166975359029,20.0,20.0,20.0,18,0.0004005181959785874,2643.2639876031694,2,0.14250000000000013
1349,909,0.10118673660165026,20.0,20.0,20.0,17,0.0004065229606690579,1893.2430980495237,2,0.14250000000000013
1350,1564,0.10117221156940225,18.0,18.0,18.0,16,0.0003911425518774509,1989.2094254206554,2,0.15740740740740744
1351,983,0.1011520614778112,14.0,14.0,14.0,13,0.0003140555687942531,323.1353613465147,2,0.19897959183673475
1352,3163,0.10114641518495998,13.0,13.0,13.0,13,0.00027090899642149847,447.77633479949935,2,0.2130177514792897
1353,589,0.10109667844814021,20.0,20.0,20.0,18,0.0003828264935234971,4158.158206948306,2,0.14250000000000013
1354,2270,0.10106927873908475,22.0,22.0,22.0,18,0.0003992614091901219,2037.7659837479184,2,0.13016528925619808
1355,3100,0.10105946193013196,17.0,17.0,17.0,15,0.00036923904763243456,2289.525134173929,2,0.16608996539792376
1356,80,0.10105801821767829,22.0,22.0,22.0,21,0.00038946022847128855,3139.4487575572957,2,0.13016528925619808
1357,428,0.10104103752732425,15.0,15.0,15.0,14,0.0003299135846072565,1629.9582853079148,2,0.18666666666666654
1358,2075,0.101034590394518,18.0,18.0,18.0,15,0.00038246079224939515,2155.2234795566233,2,0.15740740740740744
1359,1773,0.10103143605919715,20.0,20.0,20.0,17,0.00039828165553562893,1894.3731988203106,2,0.14250000000000013
1360,128,0.10099565939277937,14.0,14.0,14.0,13,0.00030266851001133283,693.7987414737264,2,0.19897959183673475
1361,1627,0.10098426427059884,13.0,13.0,13.0,9,0.00026369586769376784,282.3803101628105,2,0.2130177514792897
1362,3824,0.1007763189942219,15.0,15.0,15.0,13,0.00030015794037166927,3511.993374955252,2,0.18666666666666654
1363,2382,0.10076111391585033,23.0,23.0,23.0,23,0.0003927701650965494,384.04516603536183,2,0.12476370510396961
1364,1824,0.1007503042160715,21.0,21.0,21.0,20,0.00038745534194622826,1593.385985832982,2,0.13605442176870752
1365,1044,0.10063352381591104,21.0,21.0,21.0,15,0.0003921374244239905,292.07577108308226,2,0.13605442176870752
1366,3336,0.10062896200654896,14.0,14.0,14.0,11,0.00028575874598928857,391.28836721618154,2,0.19897959183673475
1367,1135,0.10061800268616643,16.0,16.0,16.0,14,0.00032831489296954793,2141.019941508219,2,0.17578125
1368,2092,0.10058952643359939,14.0,14.0,14.0,9,0.0002714910464122565,1848.8243651585465,2,0.19897959183673475
1369,1476,0.10056009542482076,16.0,16.0,16.0,15,0.0003233818109701396,2364.0839898382283,2,0.17578125
1370,2244,0.10055653297406063,19.0,19.0,19.0,15,0.00036351780589357116,2450.203852262918,2,0.14958448753462628
1371,919,0.10053624546853189,14.0,14.0,14.0,13,0.00027464610462146077,1133.152887846321,2,0.19897959183673475
1372,935,0.10048801524844167,15.0,15.0,15.0,11,0.0003062219068022961,957.0694100408801,2,0.18666666666666654
1373,2694,0.10036415301595028,15.0,15.0,15.0,12,0.0002901683858782712,2092.717435872838,2,0.18666666666666654
1374,3710,0.10036405376541335,18.0,18.0,18.0,11,0.0003526319399935763,1471.347663708105,2,0.15740740740740744
1375,384,0.1003197249314037,21.0,21.0,21.0,17,0.000367096232649963,1298.4425702965555,2,0.13605442176870752
1376,1017,0.10029662859978067,23.0,23.0,23.0,17,0.00036736706609419246,477.7140392548854,2,0.12476370510396961
1377,753,0.1002465247708099,17.0,17.0,17.0,13,0.0003368486557637072,1008.7991384355431,2,0.16608996539792376
1378,100,0.10006945841697903,18.0,18.0,18.0,16,0.0003399007942102931,1126.1339793094728,2,0.15740740740740744
1379,2276,0.10002023023902183,20.0,20.0,20.0,12,0.00035240404664092746,970.0645591667842,2,0.14250000000000013
1380,3363,0.09989980474593584,16.0,16.0,16.0,11,0.00030730597129949267,99.08543649055147,2,0.17578125
1381,2946,0.09986787577097336,22.0,22.0,22.0,22,0.00034791487155983917,561.3577393271273,2,0.13016528925619808
1382,2854,0.09982439465651673,16.0,16.0,16.0,14,0.000291994842570016,1453.274866011472,2,0.17578125
1383,2737,0.09977192158307867,15.0,15.0,15.0,12,0.00027285204089625076,407.99283551718685,2,0.18666666666666654
1384,3640,0.09975588126925741,15.0,15.0,15.0,13,0.00027163227332646243,452.22318969635455,2,0.18666666666666654
1385,1495,0.09956845611825382,58.0,58.0,58.0,56,0.0012475264480906088,44556.32488969315,1,0.0
1386,301,0.0993829441786033,18.0,18.0,18.0,13,0.00030710124778854196,696.4584487299443,2,0.15740740740740744
1387,731,0.09936528785882824,19.0,19.0,19.0,14,0.00032016634351160375,81.29364549592931,2,0.14958448753462628
1388,1409,0.09726296582076177,59.0,59.0,59.0,57,0.0012289293436374743,28252.761065714632,1,0.0
1389,638,0.09070144658408887,57.0,57.0,57.0,47,0.001034544314092524,17695.262181149985,1,0.0
1390,1407,0.08881691446585953,51.0,51.0,51.0,51,0.00114783472646361,15594.256485042204,1,0.0
1391,1485,0.08767229184370677,47.0,47.0,47.0,47,0.0011609217992523473,22376.019560042627,1,0.0
1392,804,0.08456211364581055,52.0,52.0,52.0,38,0.0009503730049571492,8332.166561981498,1,0.0
1393,1458,0.08141074113034882,45.0,45.0,45.0,39,0.0009567616601314514,14891.64525731096,1,0.0
1394,2784,0.08135614721338844,45.0,45.0,45.0,43,0.0009286791530321156,17906.534156224774,1,0.0
1395,2036,0.08054391185567217,46.0,46.0,46.0,46,0.0008842483906887902,14168.865813034983,1,0.0
1396,3016,0.08027376554117549,45.0,45.0,45.0,44,0.000872606177147914,17750.96230767387,1,0.0
1397,1497,0.08020734802774238,41.0,41.0,41.0,33,0.0009768734761438625,20459.738374776094,1,0.0
1398,157,0.07966903649617808,44.0,44.0,44.0,42,0.0008646976408192642,18763.439578719914,1,0.0
1399,773,0.07966691153627165,44.0,44.0,44.0,44,0.0008703831943972047,18069.44204293931,1,0.0
1400,1403,0.07804108212822278,36.0,36.0,36.0,34,0.0009327522953323261,31509.694486040342,1,0.0
1401,3678,0.07658261896341353,44.0,44.0,44.0,39,0.0007879616439347033,8366.658372011178,1,0.0
1402,262,0.07647906136099702,42.0,42.0,42.0,36,0.000757068508581627,19212.37652850274,1,0.0
1403,1441,0.07576151194981001,35.0,35.0,35.0,34,0.0008096478815300884,35684.34380223456,1,0.0
1404,579,0.07538279269392793,41.0,41.0,41.0,33,0.0008314806307868279,7253.194849701513,1,0.0
1405,1609,0.0748007598505755,41.0,41.0,41.0,34,0.0008051474858548788,6712.414065889311,1,0.0
1406,280,0.07413863508035304,42.0,42.0,42.0,35,0.000755527977517245,4548.159688186983,1,0.0
1407,1460,0.0738167095047452,40.0,40.0,40.0,36,0.00079005501879641,6178.18420707695,1,0.0
1408,1867,0.07249547761432107,36.0,36.0,36.0,34,0.0008206184856089437,9747.680435134134,1,0.0
1409,516,0.07160802444239509,36.0,36.0,36.0,32,0.0007236654097902681,15721.839082711971,1,0.0
1410,1691,0.0714923982379819,31.0,31.0,31.0,27,0.0007518095853624086,31132.28535376901,1,0.0
1411,1477,0.07147692620759562,35.0,35.0,35.0,34,0.0007190009387312648,19350.931798515947,1,0.0
1412,2006,0.07138643822077456,39.0,39.0,39.0,36,0.0007220401437034409,2802.9416337705243,1,0.0
1413,749,0.07126658021696204,40.0,40.0,40.0,36,0.0006557256041106955,6077.3094725896035,1,0.0
1414,1396,0.07111702818575498,33.0,33.0,33.0,33,0.0008198655640589591,12799.958071242725,1,0.0
1415,1895,0.07083509379907746,33.0,33.0,33.0,26,0.0008117643918669827,11980.899290464351,1,0.0
1416,2658,0.0702302761954959,38.0,38.0,38.0,30,0.0006712260610361791,5452.361749153796,1,0.0
1417,2750,0.07000307468106093,31.0,31.0,31.0,31,0.0006773356603629181,30597.358933898286,1,0.0
1418,2337,0.06943272554296274,35.0,35.0,35.0,35,0.0006931830626475401,9471.896267833246,1,0.0
1419,1645,0.06929738161371182,34.0,34.0,34.0,32,0.0006978235120386811,11960.326977072324,1,0.0
1420,1057,0.06918573784780277,36.0,36.0,36.0,32,0.0006512488045701882,9021.57471118134,1,0.0
1421,16,0.06841264308363085,31.0,31.0,31.0,30,0.0006764642383945825,20611.323126781725,1,0.0
1422,31,0.0683772824795604,31.0,31.0,31.0,24,0.000709441051931198,16439.916652121687,1,0.0
1423,1523,0.06818715665911103,35.0,35.0,35.0,32,0.0006291713384396047,9231.204652058757,1,0.0
1424,968,0.06805127681077372,35.0,35.0,35.0,31,0.0006245470536640006,8922.618634393459,1,0.0
1425,1518,0.06748481154536472,32.0,32.0,32.0,31,0.0006892050922286583,9297.274410249292,1,0.0
1426,1779,0.06732395911029497,31.0,31.0,31.0,31,0.0007201808225145322,8471.743412600335,1,0.0
1427,668,0.06702035146328088,34.0,34.0,34.0,29,0.0006536139090828656,2805.472177967914,1,0.0
1428,2770,0.06622533050461839,34.0,34.0,34.0,29,0.0005779237073948309,6821.0596031539535,1,0.0
1429,1417,0.06604217639738226,28.0,28.0,28.0,28,0.000713467693685335,12850.703415127171,1,0.0
1430,1692,0.0660059343081961,23.0,23.0,23.0,23,0.0008729954555692694,13039.215089106618,1,0.0
1431,989,0.06475266216731945,30.0,30.0,30.0,27,0.0006454621268528989,5004.171765852072,1,0.0
1432,110,0.06456504699859679,32.0,32.0,32.0,29,0.0005773560504354731,4160.561441507005,1,0.0
1433,1042,0.06441083121432804,31.0,31.0,31.0,26,0.0005975993319946642,4661.725518978532,1,0.0
1434,238,0.0643511125230194,32.0,32.0,32.0,30,0.0005793127728847369,2569.0707782866994,1,0.0
1435,948,0.06427354486980784,29.0,29.0,29.0,26,0.0006289739231611739,7840.4990532210495,1,0.0
1436,719,0.06426978214260351,31.0,31.0,31.0,22,0.0005909645241024261,4560.987632590117,1,0.0
1437,140,0.06411910166188425,30.0,30.0,30.0,27,0.0006107561471057424,5138.6410666000365,1,0.0
1438,3707,0.06398962352158619,30.0,30.0,30.0,28,0.0006286481491944069,2175.64805565426,1,0.0
1439,618,0.06398787911618792,21.0,21.0,21.0,19,0.0005043395415532963,52166.131499032956,1,0.0
1440,1390,0.06384647426045728,31.0,31.0,31.0,26,0.0005690052708339483,4503.7015380944695,1,0.0
1441,1415,0.06348525181344726,29.0,29.0,29.0,29,0.0006045461605793846,5763.06122161025,1,0.0
1442,408,0.06327117757309608,29.0,29.0,29.0,24,0.0006007513516617119,4859.096790462382,1,0.0
1443,443,0.0629844121152857,27.0,27.0,27.0,26,0.0005742747246241949,14013.849354796796,1,0.0
1444,2834,0.0629574197313941,30.0,30.0,30.0,29,0.0005807704776677115,1357.5115706209729,1,0.0
1445,1659,0.06292792169903627,28.0,28.0,28.0,23,0.0005970305372093994,7029.227801482874,1,0.0
1446,1488,0.06275756501374131,28.0,28.0,28.0,25,0.0005723172364736236,8906.403670865982,1,0.0
1447,1357,0.06248581194010641,28.0,28.0,28.0,23,0.0005317420335124507,12038.824675688917,1,0.0
1448,256,0.062355950733709274,30.0,30.0,30.0,27,0.0005414038356146142,2253.426842743077,1,0.0
1449,2065,0.062317421311311016,30.0,30.0,30.0,21,0.000520679141217775,4489.56319352893,1,0.0
1450,19,0.06219331373479016,21.0,21.0,21.0,18,0.0007548627122634103,10795.03821428374,1,0.0
1451,73,0.061855121960291665,29.0,29.0,29.0,26,0.0005312230628301894,4197.058040893619,1,0.0
1452,807,0.06091198707900869,28.0,28.0,28.0,24,0.0005231089579527574,3087.15742476547,1,0.0
1453,1565,0.06087509116694878,25.0,25.0,25.0,19,0.0005784928759906089,7931.6534152298955,1,0.0
1454,213,0.0607816138452236,29.0,29.0,29.0,20,0.0004924913902260973,2022.1663369220726,1,0.0
1455,1446,0.06052200067672077,29.0,29.0,29.0,16,0.00047270805767488994,2742.9848334714056,1,0.0
1456,20,0.06029642700663922,27.0,27.0,27.0,26,0.0004867917348395567,7431.214115791708,1,0.0
1457,3838,0.06013252731612837,23.0,23.0,23.0,23,0.00045337083312368265,26001.71602603371,1,0.0
1458,1696,0.060033144468854716,25.0,25.0,25.0,23,0.0005702108273224774,3581.300633963731,1,0.0
1459,1921,0.05997704701939574,28.0,28.0,28.0,18,0.00047521980734445207,2887.4751472580983,1,0.0
1460,1651,0.059890377755986726,25.0,25.0,25.0,23,0.0005511498583838513,4956.978842706333,1,0.0
1461,1529,0.059887152453074896,25.0,25.0,25.0,24,0.0005180534100081615,8897.90014098736,1,0.0
1462,1424,0.05977794173792415,24.0,24.0,24.0,23,0.00056416894128379,6587.89019138314,1,0.0
1463,1525,0.05933517841531504,22.0,22.0,22.0,22,0.00058156607337994,9501.586477002244,1,0.0
1464,2247,0.059319554934159364,26.0,26.0,26.0,25,0.0004957259666765943,4066.719695441573,1,0.0
1465,1807,0.05931855264352498,25.0,25.0,25.0,22,0.0005043530117107083,6930.303762049659,1,0.0
1466,91,0.05924655703239224,26.0,26.0,26.0,23,0.00048172569071083115,5279.314273990581,1,0.0
1467,642,0.0592319939875759,26.0,26.0,26.0,22,0.0004898122231875453,4219.026278253553,1,0.0
1468,1326,0.05906688808041065,24.0,24.0,24.0,20,0.0004942314163016648,10447.649924800447,1,0.0
1469,449,0.05900580483747958,24.0,24.0,24.0,21,0.0004638306858891959,13698.8409803328,1,0.0
1470,389,0.05894526541895105,25.0,25.0,25.0,21,0.0004730571665915009,8307.885279875765,1,0.0
1471,224,0.05893423138323474,26.0,26.0,26.0,21,0.0004772033874180565,3839.0787033902548,1,0.0
1472,500,0.058872233098817964,22.0,22.0,22.0,16,0.0005865280457439949,5970.566101453641,1,0.0
1473,3848,0.058593863041006944,26.0,26.0,26.0,24,0.0004852687686175473,714.2824170148963,1,0.0
1474,954,0.05829711586742379,22.0,22.0,22.0,18,0.00045747414083957625,17768.525798889805,1,0.0
1475,2903,0.058263370385462546,28.0,28.0,28.0,28,0.0004079094213498249,71.74337555674241,1,0.0
1476,1397,0.0578714453988388,23.0,23.0,23.0,23,0.0004990095871413429,6193.903325990475,1,0.0
1477,565,0.05775697609001816,26.0,26.0,26.0,18,0.00043571581200399175,1335.8329838559043,1,0.0
1478,461,0.057519422071592725,25.0,25.0,25.0,22,0.000449167481993559,2121.168118864008,1,0.0
1479,2681,0.05749344781792299,23.0,23.0,23.0,23,0.0004908375034041806,4773.868531815015,1,0.0
1480,64,0.057454759554397314,26.0,26.0,26.0,19,0.00042233846395297935,1019.6127370860227,1,0.0
1481,1628,0.05744586848807648,23.0,23.0,23.0,21,0.0004914163056731659,4402.728046322933,1,0.0
1482,357,0.05739703619628317,24.0,24.0,24.0,18,0.00045824516735964055,4160.7077771295135,1,0.0
1483,1096,0.05737469235404669,17.0,17.0,17.0,15,0.0005416450570003126,21354.366135307842,1,0.0
1484,1447,0.05688574452924725,24.0,24.0,24.0,14,0.0004453078399316181,2465.3637522217828,1,0.0
1485,1379,0.05679080277775528,12.0,12.0,12.0,12,0.0007484212971576539,12413.11142901382,1,0.0
1486,1536,0.05660302571695069,23.0,23.0,23.0,19,0.00044468990426627293,4648.176121254753,1,0.0
1487,3812,0.05645683716943067,24.0,24.0,24.0,20,0.00043982929959431337,399.9409239084971,1,0.0
1488,3604,0.05645334872253409,23.0,23.0,23.0,19,0.0004324054909973078,5168.9124395437875,1,0.0
1489,2732,0.05637851737998077,22.0,22.0,22.0,21,0.0004818377107497467,2680.0376062818577,1,0.0
1490,528,0.05610576572660922,21.0,21.0,21.0,18,0.00048308563280204624,4702.7571857159755,1,0.0
1491,1872,0.05604853437186717,20.0,20.0,20.0,20,0.0004398081205011647,13422.167705309299,1,0.0
1492,1658,0.055878937953639886,23.0,23.0,23.0,17,0.0004248399645011166,2430.1532122757367,1,0.0
1493,1461,0.05579516068741578,21.0,21.0,21.0,21,0.00047456659786359077,3751.8151225341653,1,0.0
1494,3811,0.055750948115310076,23.0,23.0,23.0,20,0.00041866607657553426,2357.0998725825407,1,0.0
1495,139,0.05550344240188189,22.0,22.0,22.0,20,0.00043700579774277377,2494.236263695914,1,0.0
1496,732,0.055469273531375894,22.0,22.0,22.0,19,0.0004391117347656327,2025.391140311469,1,0.0
1497,1699,0.05544688129265518,21.0,21.0,21.0,18,0.0004600977214148452,3274.0009016633758,1,0.0
1498,532,0.055095896586075124,22.0,22.0,22.0,20,0.0004258330818086755,1245.8875904272752,1,0.0
1499,2625,0.054999731408123045,20.0,20.0,20.0,15,0.0003825100253896839,13626.269809432768,1,0.0
1500,2401,0.054987715505638135,23.0,23.0,23.0,15,0.00038683557878033256,1324.7046380718916,1,0.0
1501,1625,0.054867059993466756,19.0,19.0,19.0,19,0.0004897440915821178,3852.0090062686295,1,0.0
1502,1615,0.05479597942474579,21.0,21.0,21.0,21,0.0004303308505571535,2707.2772284695825,1,0.0
1503,2241,0.05477138929906333,21.0,21.0,21.0,18,0.0004352872265722951,1958.028444567735,1,0.0
1504,1428,0.05472896313471398,20.0,20.0,20.0,19,0.00046136828786496573,2469.694656641706,1,0.0
1505,3086,0.05453460803913432,22.0,22.0,22.0,16,0.0003877994910660201,2237.1680819913345,1,0.0
1506,1560,0.05447206864417008,20.0,20.0,20.0,19,0.00041319493567742825,6605.823046603685,1,0.0
1507,325,0.054329896558094656,21.0,21.0,21.0,17,0.0003976343103978059,3663.7779984048584,1,0.0
1508,658,0.054303637923934334,17.0,17.0,17.0,15,0.0005140471345834309,5173.614555635862,1,0.0
1509,3169,0.05428450606689095,21.0,21.0,21.0,16,0.0004138934465865698,1429.7120492928261,1,0.0
1510,401,0.054236589916463955,15.0,15.0,15.0,14,0.0005411384298743551,9310.68511273518,1,0.0
1511,327,0.05423376072548172,21.0,21.0,21.0,20,0.0004095420307519909,1628.593346396186,1,0.0
1512,680,0.05388976569057316,18.0,18.0,18.0,18,0.00045692288208039263,5482.632889171691,1,0.0
1513,783,0.05382446424365482,20.0,20.0,20.0,16,0.00041267264186845086,2559.6745429887387,1,0.0
1514,771,0.05377494586937069,20.0,20.0,20.0,17,0.00040574115328204975,3075.154578872938,1,0.0
1515,223,0.053534515899676165,19.0,19.0,19.0,16,0.0004277146453018991,2822.248615770431,1,0.0
1516,3525,0.053520765005603876,20.0,20.0,20.0,14,0.0004013853614021278,1983.8828247455347,1,0.0
1517,3067,0.05341485317715346,19.0,19.0,19.0,18,0.00040232979774686357,5101.426246868274,1,0.0
1518,3798,0.05329927254199274,21.0,21.0,21.0,18,0.0003689024571832564,564.0607413253874,1,0.0
1519,1656,0.053273792641397075,19.0,19.0,19.0,19,0.0004072080525315672,3622.5928016131,1,0.0
1520,2642,0.053176901490312914,18.0,18.0,18.0,17,0.0004330431328752392,3818.153197764732,1,0.0
1521,3379,0.05313011999678478,18.0,18.0,18.0,17,0.00036885470240466433,11204.201601610512,1,0.0
1522,586,0.0529018952547419,19.0,19.0,19.0,15,0.00040145549765229334,1951.6615676862364,1,0.0
1523,869,0.05275759262044469,20.0,20.0,20.0,16,0.0003677182658356939,1171.695951143591,1,0.0
1524,2461,0.05272135036006259,13.0,13.0,13.0,13,0.00032527936133740643,33339.08861976256,1,0.0
1525,3684,0.052684940063002894,19.0,19.0,19.0,16,0.000392559613268813,1639.9777347269974,1,0.0
1526,3646,0.052648200788064314,19.0,19.0,19.0,17,0.00038100151082028766,2790.302720245574,1,0.0
1527,290,0.052646136263090504,20.0,20.0,20.0,16,0.00035955723679784044,1441.3827922028631,1,0.0
1528,3694,0.05263220714031357,19.0,19.0,19.0,16,0.00038917419788523874,1710.6263788094234,1,0.0
1529,1455,0.05262796513847253,15.0,15.0,15.0,15,0.00048158418474121095,6233.0956877581975,1,0.0
1530,835,0.0526215329504217,18.0,18.0,18.0,18,0.00039463102852574665,4892.297690949002,1,0.0
1531,1769,0.052584749056072064,19.0,19.0,19.0,17,0.00038765031375280414,1591.9301076227878,1,0.0
1532,27,0.052484833081660784,19.0,19.0,19.0,18,0.00037911743305327715,1979.3414946604914,1,0.0
1533,48,0.05247333730828499,18.0,18.0,18.0,17,0.0004144788325822986,1576.4592403914232,1,0.0
1534,768,0.05244219188110581,19.0,19.0,19.0,17,0.00038696579836723904,769.4211099911316,1,0.0
1535,1719,0.05243455796344364,18.0,18.0,18.0,18,0.0004008412778166357,2962.7352480849886,1,0.0
1536,1904,0.05243222643982652,19.0,19.0,19.0,15,0.00036224134463545425,3665.518508831449,1,0.0
1537,1528,0.05230506184149494,18.0,18.0,18.0,18,0.00040054960029963334,2176.0712319091426,1,0.0
1538,1653,0.05227677485989319,17.0,17.0,17.0,17,0.0004437934044414689,723.1971123168985,1,0.0
1539,3080,0.052251574913241644,18.0,18.0,18.0,16,0.0003835331902994793,3873.4587417782745,1,0.0
1540,2749,0.052240757442099904,18.0,18.0,18.0,18,0.00039897477063516036,1956.5929358488622,1,0.0
1541,961,0.05218687456410552,19.0,19.0,19.0,17,0.00036502757600060157,1775.417537842891,1,0.0
1542,1562,0.05218510939467283,17.0,17.0,17.0,15,0.0004111417463711685,4049.780534354297,1,0.0
1543,1789,0.052139967163591594,19.0,19.0,19.0,17,0.000356255115961032,2527.8124097533464,1,0.0
1544,2550,0.05212580633043708,17.0,17.0,17.0,11,0.0003184008582936152,14773.891104744136,1,0.0
1545,2051,0.052056485176638315,19.0,19.0,19.0,12,0.000366224602483412,804.900154781215,1,0.0
1546,956,0.052045971478015485,6.0,6.0,6.0,6,0.00021984722794019727,68991.33415315363,1,0.0
1547,141,0.05201346862456374,16.0,16.0,16.0,16,0.00042607830621897534,5075.56623614954,1,0.0
1548,1677,0.051957213168821514,17.0,17.0,17.0,17,0.0003928289669312071,4795.810467339157,1,0.0
1549,1088,0.05178578845986313,18.0,18.0,18.0,15,0.0003596244639862238,3780.0080479077765,1,0.0
1550,2212,0.051752948575176566,19.0,19.0,19.0,16,0.0003527210334362129,495.4125370777276,1,0.0
1551,273,0.05166301796967154,18.0,18.0,18.0,16,0.0003685289327602989,1935.3079433988805,1,0.0
1552,148,0.05157685002712023,16.0,16.0,16.0,14,0.00040859960296566795,4397.545097289418,1,0.0
1553,1451,0.051493278121625595,15.0,15.0,15.0,15,0.0003670071223142808,12748.155559150007,1,0.0
1554,2323,0.051438127180754634,18.0,18.0,18.0,17,0.0003606271462968619,1454.2918051930753,1,0.0
1555,326,0.05114418422429577,18.0,18.0,18.0,18,0.0003506019669452649,789.3343116650899,1,0.0
1556,676,0.05113543156965539,17.0,17.0,17.0,15,0.00036957639274345656,2365.2470573640194,1,0.0
1557,3065,0.051111709581248804,18.0,18.0,18.0,17,0.000346430073636162,1082.644841646325,1,0.0
1558,1369,0.05108753271834068,17.0,17.0,17.0,13,0.00035847820250271156,3389.723333978754,1,0.0
1559,1723,0.05093349815369397,17.0,17.0,17.0,17,0.000358658003539729,2390.9452959892997,1,0.0
1560,444,0.05092312048967589,18.0,18.0,18.0,16,0.00034068807102577154,573.4321833661257,1,0.0
1561,1547,0.05090430985558534,9.0,9.0,9.0,8,0.00023353700354251423,48402.018326971265,1,0.0
1562,2734,0.050842243830560005,17.0,17.0,17.0,14,0.00033909583332115967,4153.428678531401,1,0.0
1563,791,0.050718848402103306,17.0,17.0,17.0,14,0.0003534858761802856,1648.183747778413,1,0.0
1564,3715,0.050639175489363475,18.0,18.0,18.0,18,0.0003143319727668841,1926.5879777468713,1,0.0
1565,391,0.05062883801598356,17.0,17.0,17.0,14,0.0003435832106546094,2262.3926170550276,1,0.0
1566,772,0.050579711635583044,17.0,17.0,17.0,13,0.00034659100245915597,1590.7061244413335,1,0.0
1567,439,0.05051250089200645,16.0,16.0,16.0,14,0.0003602416984139456,3432.945713368045,1,0.0
1568,593,0.05048563991193869,17.0,17.0,17.0,14,0.0003450134867920401,1182.6934363987798,1,0.0
1569,1850,0.05046758221873042,17.0,17.0,17.0,12,0.00034408288387124383,1179.5139952895279,1,0.0
1570,1462,0.05043498152582014,15.0,15.0,15.0,15,0.0003704498320778985,5621.830814563321,1,0.0
1571,609,0.050405545636798346,16.0,16.0,16.0,16,0.0003546634448653807,3422.0514960810165,1,0.0
1572,548,0.05038769819023674,17.0,17.0,17.0,16,0.00034401519404294873,680.7995068016872,1,0.0
1573,351,0.05035847830711629,17.0,17.0,17.0,15,0.00030636363050254544,5002.012096265975,1,0.0
1574,1049,0.050357281255988935,16.0,16.0,16.0,15,0.0003433927482614117,4464.8563580016,1,0.0
1575,599,0.0503225455997415,17.0,17.0,17.0,15,0.0003207041535070742,3057.5930048228743,1,0.0
1576,1718,0.0502325328906683,16.0,16.0,16.0,16,0.00033851368933554896,4257.387405609131,1,0.0
1577,1667,0.050230468062958555,15.0,15.0,15.0,13,0.00036385677450508715,5113.452104604461,1,0.0
1578,14,0.05021059681628646,15.0,15.0,15.0,13,0.0003364643424004966,8266.03906255981,1,0.0
1579,2649,0.050205993057875285,15.0,15.0,15.0,15,0.00038638745853072,2261.427589803248,1,0.0
1580,851,0.05015434149025201,16.0,16.0,16.0,14,0.00034243756598963923,3291.6525948651292,1,0.0
1581,1666,0.05012235213325637,14.0,14.0,14.0,14,0.00040559813739052156,3333.941382197635,1,0.0
1582,229,0.0500778032800747,17.0,17.0,17.0,14,0.00031633542071217246,2027.7520986312177,1,0.0
1583,3183,0.050065547437685765,18.0,18.0,18.0,18,0.000299293029137415,87.30372939894133,1,0.0
1584,2041,0.05003310777997175,7.0,7.0,7.0,7,0.0002510255435170803,48586.58592993142,1,0.0
1585,943,0.05002961174757457,15.0,15.0,15.0,11,0.0003761340660240631,2369.643809147738,1,0.0
1586,1586,0.049903017702166486,16.0,16.0,16.0,16,0.00035050483391723986,731.5649707365372,1,0.0
1587,1618,0.04990066480614501,15.0,15.0,15.0,15,0.000351619072041038,4485.804004820035,1,0.0
1588,2198,0.049894192202097336,17.0,17.0,17.0,14,0.0003217984422180396,208.96892258902412,1,0.0
1589,3679,0.049878525051494024,17.0,17.0,17.0,16,0.0003183943617656568,517.0118040016729,1,0.0
1590,1572,0.04973469750147918,16.0,16.0,16.0,16,0.0003402163324814336,895.1263757756639,1,0.0
1591,3276,0.04971375018418071,15.0,15.0,15.0,15,0.00033241402933651743,5598.634604114244,1,0.0
1592,860,0.049687500445304005,15.0,15.0,15.0,11,0.00035863839050779645,2293.246432725982,1,0.0
1593,1722,0.04959291133200466,15.0,15.0,15.0,15,0.00036142996723012854,1359.0053060486705,1,0.0
1594,646,0.04952550802434651,16.0,16.0,16.0,16,0.0003266517069285036,1191.5228684867006,1,0.0
1595,1002,0.04941564329618661,13.0,13.0,13.0,13,0.0003839707937667386,5341.450874918428,1,0.0
1596,1846,0.04935912844838597,15.0,15.0,15.0,14,0.000340308094339693,2403.914250407027,1,0.0
1597,66,0.04931688296590046,17.0,17.0,17.0,13,0.000278418168961421,1738.5634541798847,1,0.0
1598,1449,0.04928483522367249,7.0,7.0,7.0,7,0.00019949795789393182,50006.68940407686,1,0.0
1599,1032,0.049194360226162685,15.0,15.0,15.0,14,0.00034177390553324276,1183.112292788756,1,0.0
1600,338,0.049181706025991354,14.0,14.0,14.0,12,0.0003594232393330847,2892.8751277773245,1,0.0
1601,789,0.049157754752266365,14.0,14.0,14.0,14,0.00034574030832086545,4378.657565340026,1,0.0
1602,1420,0.04902732624724421,15.0,15.0,15.0,15,0.0003356842193470852,852.2689270201666,1,0.0
1603,1603,0.04902237747649229,14.0,14.0,14.0,14,0.00035391155746138504,2541.7355483024294,1,0.0
1604,2942,0.048973292088611085,15.0,15.0,15.0,13,0.0003026719375599685,4460.764318827365,1,0.0
1605,204,0.04894625267593416,15.0,15.0,15.0,14,0.00032982485440192507,1039.2253465531587,1,0.0
1606,1471,0.04894600121847248,12.0,12.0,12.0,12,0.0003968818599184858,4719.031971597094,1,0.0
1607,1489,0.04893478123213674,12.0,12.0,12.0,12,0.0003939617973187473,4997.356332277622,1,0.0
1608,438,0.04892102358071668,15.0,15.0,15.0,13,0.0003205215013913799,1992.6998147488478,1,0.0
1609,1778,0.04891113027705721,15.0,15.0,15.0,15,0.0003252782217865194,1360.5907882136312,1,0.0
1610,1617,0.048875778575809894,13.0,13.0,13.0,13,0.0003186812610430761,9730.974097215707,1,0.0
1611,1966,0.04881118166015738,14.0,14.0,14.0,10,0.0003103204079966452,6419.341182484386,1,0.0
1612,1715,0.048809390220266605,15.0,15.0,15.0,10,0.0003116541752697811,2345.8018689785235,1,0.0
1613,165,0.04876164883503503,15.0,15.0,15.0,15,0.00032286521250945587,701.0385439237273,1,0.0
1614,1896,0.04874899963417412,15.0,15.0,15.0,15,0.00031705055684604587,1316.7553594364265,1,0.0
1615,2777,0.04865993374622652,14.0,14.0,14.0,11,0.00028704761448142567,8245.33343153338,1,0.0
1616,3833,0.04864208715858552,14.0,14.0,14.0,14,0.00031995572250013326,4193.266434643989,1,0.0
1617,1158,0.0484465458166827,14.0,14.0,14.0,10,0.00032732465558102896,2070.6702745905754,1,0.0
1618,1652,0.048425032224429954,14.0,14.0,14.0,14,0.00033011892668030526,1599.7271680391757,1,0.0
1619,1542,0.04833122699320287,13.0,13.0,13.0,13,0.0003343658279829069,4398.800698606577,1,0.0
1620,2141,0.048318464956706025,14.0,14.0,14.0,14,0.00031812919494659966,2358.6978862670085,1,0.0
1621,2370,0.04830950817964095,15.0,15.0,15.0,15,0.00030096877967472223,453.30662117957945,1,0.0
1622,1589,0.048266741241736875,12.0,12.0,12.0,12,0.00031660740215002877,10017.752963541188,1,0.0
1623,3323,0.04820268532618953,15.0,15.0,15.0,14,0.00029054558838365936,1023.1532612622843,1,0.0
1624,891,0.04819578723884497,15.0,15.0,15.0,13,0.0002914459643939181,871.6211095996824,1,0.0
1625,150,0.04816614825567367,15.0,15.0,15.0,13,0.0002917426478872095,648.0687968170698,1,0.0
1626,1798,0.048142237883962755,14.0,14.0,14.0,14,0.00030004529784862904,3405.1423098659875,1,0.0
1627,1469,0.04811859355564121,14.0,14.0,14.0,12,0.0003166760238197038,1264.5664030283397,1,0.0
1628,2937,0.04808388553916657,15.0,15.0,15.0,14,0.00028801551025134505,572.2700034870892,1,0.0
1629,49,0.047957133914261124,14.0,14.0,14.0,14,0.00030965772992161097,1080.2358994848987,1,0.0
1630,2220,0.047952681490149286,15.0,15.0,15.0,11,0.00028400491682997454,219.89512216443342,1,0.0
1631,162,0.0479172801491714,13.0,13.0,13.0,13,0.00031926588145709194,3579.8998632472576,1,0.0
1632,1864,0.04780924765029207,9.0,9.0,9.0,9,0.0002410811919022835,27862.718181111122,1,0.0
1633,1922,0.04780568970991449,13.0,13.0,13.0,13,0.00030312403299899004,4803.977193717286,1,0.0
1634,641,0.04777610202129655,13.0,13.0,13.0,13,0.0002900111145611652,6185.773935914997,1,0.0
1635,899,0.047772061717871774,12.0,12.0,12.0,11,0.0002653577616946343,13013.484852479081,1,0.0
1636,135,0.047750510441590004,13.0,13.0,13.0,12,0.00032152276106666333,2251.715024858084,1,0.0
1637,2421,0.04772493804360215,14.0,14.0,14.0,9,0.00030157425818447633,574.6196774177212,1,0.0
1638,2615,0.04768683451849484,14.0,14.0,14.0,12,0.0002890641090157401,1830.241796697315,1,0.0
1639,809,0.04754468368912551,5.0,5.0,5.0,5,0.00018472173511030978,48540.129625622794,1,0.0
1640,625,0.04750868173569839,14.0,14.0,14.0,11,0.00028328631364256905,1391.5253930286858,1,0.0
1641,2263,0.047493750362223,14.0,14.0,14.0,11,0.00028867661670512417,651.6179742003372,1,0.0
1642,1837,0.04736841358716788,14.0,14.0,14.0,13,0.000275529449657816,1430.0432649775494,1,0.0
1643,1579,0.04725473852284735,12.0,12.0,12.0,12,0.0002785531442375653,8151.995049209367,1,0.0
1644,1590,0.04724070942816271,13.0,13.0,13.0,12,0.0003080451187466837,630.4997387739261,1,0.0
1645,792,0.04719606879109455,14.0,14.0,14.0,10,0.0002726687611974821,679.0203693674749,1,0.0
1646,173,0.04716735099473407,13.0,13.0,13.0,12,0.0002841718724514311,3022.5236632925225,1,0.0
1647,598,0.04714865782973792,14.0,14.0,14.0,14,0.0002742835279402703,184.95130199781747,1,0.0
1648,1459,0.04714217844931074,14.0,14.0,14.0,13,0.0002670906391900711,1004.7755751340782,1,0.0
1649,99,0.047135002063116126,14.0,14.0,14.0,12,0.0002703715560206532,566.545817001753,1,0.0
1650,619,0.04708281774724983,13.0,13.0,13.0,11,0.00027648982379738793,3405.691373585939,1,0.0
1651,1831,0.047042318771297324,12.0,12.0,12.0,11,0.0002726027047748969,7516.5393408210875,1,0.0
1652,294,0.04703558498147687,13.0,13.0,13.0,12,0.00027916333356478996,2786.029658444699,1,0.0
1653,1473,0.047007163142623494,13.0,13.0,13.0,13,0.00027517887373918625,3082.618499203568,1,0.0
1654,1821,0.046934064062909446,14.0,14.0,14.0,11,0.00026388939407302715,67.57794915536026,1,0.0
1655,246,0.046900039489274264,13.0,13.0,13.0,10,0.0002671680575489673,3361.8144647362656,1,0.0
1656,726,0.04689118008456861,11.0,11.0,11.0,11,0.00030517589609143253,6561.432782068818,1,0.0
1657,2309,0.04688361699203664,9.0,9.0,9.0,8,0.00023216644108371823,23057.170135579705,1,0.0
1658,414,0.046823511957996417,12.0,12.0,12.0,10,0.00027489137915627087,5854.404577178874,1,0.0
1659,2380,0.04681665221896829,13.0,13.0,13.0,12,0.00027415236091765747,1996.8060167900853,1,0.0
1660,1803,0.0468022830265499,11.0,11.0,11.0,9,0.0003335392214578083,2602.56765548226,1,0.0
1661,991,0.04679272447295662,13.0,13.0,13.0,11,0.0002776395628339163,1427.608191877142,1,0.0
1662,1065,0.04678411112466968,13.0,13.0,13.0,11,0.0002782170553614638,1303.8403415355224,1,0.0
1663,1660,0.04663034234920671,13.0,13.0,13.0,10,0.00027461364592767153,759.5690413198463,1,0.0
1664,654,0.046612901193358695,13.0,13.0,13.0,12,0.000270703147122591,1116.9712033938063,1,0.0
1665,277,0.04660416354355801,13.0,13.0,13.0,10,0.00027316021157950586,767.4447939661208,1,0.0
1666,2418,0.046582619574282474,3.0,3.0,3.0,2,0.0002014312373077976,48241.4765625,1,0.0
1667,340,0.04657149035342402,13.0,13.0,13.0,13,0.00027224024139498417,670.2661034484582,1,0.0
1668,98,0.046552983288809587,13.0,13.0,13.0,13,0.00025284771563950523,2873.982267555232,1,0.0
1669,339,0.04653947782313646,13.0,13.0,13.0,11,0.00027219709693467313,472.329779128255,1,0.0
1670,258,0.04651611512903648,13.0,13.0,13.0,12,0.0002597745960270973,1810.9828571866985,1,0.0
1671,371,0.046515700076830924,13.0,13.0,13.0,11,0.0002665227237021694,1000.651922591558,1,0.0
1672,2451,0.046460948129949386,13.0,13.0,13.0,12,0.00026542839071964203,784.2665654967308,1,0.0
1673,2822,0.04642430263839397,13.0,13.0,13.0,13,0.00025754195390044476,1495.7171243590226,1,0.0
1674,812,0.04641039823211017,12.0,12.0,12.0,11,0.00029671395956448255,621.4540243101601,1,0.0
1675,2839,0.04638194478922865,12.0,12.0,12.0,12,0.0002687547901780738,3787.4260596178688,1,0.0
1676,1924,0.04635903553957246,13.0,13.0,13.0,13,0.0002621446214147202,530.7333705373989,1,0.0
1677,1580,0.04626844291610681,10.0,10.0,10.0,10,0.0003388277022899588,2485.213956769948,1,0.0
1678,3634,0.046245380632676705,13.0,13.0,13.0,13,0.00025717605842606815,404.3587137238222,1,0.0
1679,1085,0.04622215750245033,11.0,11.0,11.0,10,0.0003058836315560003,2232.173908568845,1,0.0
1680,28,0.04619081904934009,12.0,12.0,12.0,8,0.0002862151893649088,484.9753302460221,1,0.0
1681,1636,0.04618681663843781,12.0,12.0,12.0,12,0.00026486824353913664,3014.6435276832353,1,0.0
1682,457,0.04617396627533541,10.0,10.0,10.0,9,0.0003121902341120679,5074.111039127018,1,0.0
1683,1853,0.04615578672027186,9.0,9.0,9.0,9,0.00035661218445223465,3544.347690652239,1,0.0
1684,3304,0.04609185552107465,12.0,12.0,12.0,10,0.0002775393759592658,895.537336912013,1,0.0
1685,207,0.04608107168095814,13.0,13.0,13.0,11,0.00024927616828299387,307.4711581303465,1,0.0
1686,3413,0.04607331386663363,12.0,12.0,12.0,10,0.0002748403074221293,1100.9588415815017,1,0.0
1687,147,0.04606476881127305,11.0,11.0,11.0,9,0.0002951478551052929,2518.6245021761583,1,0.0
1688,2474,0.04606348681406921,12.0,12.0,12.0,12,0.00027525289908273613,989.2280964249852,1,0.0
1689,925,0.046050665493731324,13.0,13.0,13.0,12,0.0002484758574746635,210.35296258060126,1,0.0
1690,2331,0.04604403694830784,13.0,13.0,13.0,10,0.000246172081711742,444.04259711278195,1,0.0
1691,3700,0.04598054915755208,13.0,13.0,13.0,12,0.00023860489331457393,946.9832878151387,1,0.0
1692,382,0.04597736386012663,12.0,12.0,12.0,11,0.0002552535491478025,2836.593915367464,1,0.0
1693,1078,0.04594547084214569,11.0,11.0,11.0,11,0.0002915149141618398,2196.5845594816205,1,0.0
1694,2224,0.04589697785831051,12.0,12.0,12.0,9,0.00026658601637055674,970.1857928635378,1,0.0
1695,852,0.04588238697145677,13.0,13.0,13.0,12,0.00023496706014297262,759.622820208428,1,0.0
1696,2429,0.04588236213933022,13.0,13.0,13.0,7,0.00023535603669868824,712.9078484123063,1,0.0
1697,460,0.045863722321399146,13.0,13.0,13.0,10,0.00023978554721655463,64.47185756676541,1,0.0
1698,960,0.04585828227504088,11.0,11.0,11.0,9,0.00023864901760286918,7971.056190686973,1,0.0
1699,476,0.045849404073177405,12.0,12.0,12.0,11,0.00025821685266016456,1670.0814617851825,1,0.0
1700,828,0.0458408269356277,13.0,13.0,13.0,9,0.00023696879631636034,256.3571894335615,1,0.0
1701,2255,0.04581780588656034,12.0,12.0,12.0,12,0.0002494652099410246,2517.112478949148,1,0.0
1702,293,0.045730971344671655,11.0,11.0,11.0,10,0.00028318497592801594,1832.7413474185178,1,0.0
1703,833,0.045697314180563976,12.0,12.0,12.0,10,0.0002606174922511101,417.824341373769,1,0.0
1704,2594,0.04567858466918575,11.0,11.0,11.0,9,0.0002806329924092057,1805.8315001835335,1,0.0
1705,3859,0.04566374586899593,11.0,11.0,11.0,10,0.0002818659747905429,1564.1099102308144,1,0.0
1706,627,0.045648556938617545,10.0,10.0,10.0,9,0.000301571172596271,3011.72068482647,1,0.0
1707,3105,0.04564698235310139,11.0,11.0,11.0,11,0.000282029553639218,1438.176320249382,1,0.0
1708,2502,0.04562729169571641,12.0,12.0,12.0,11,0.0002519145134080207,1015.2514638906484,1,0.0
1709,1985,0.04560537500828514,11.0,11.0,11.0,11,0.0002540301954801361,4525.504986924596,1,0.0
1710,1899,0.045528327555141156,10.0,10.0,10.0,10,0.0002846826870345427,4270.355650664842,1,0.0
1711,2191,0.04552684644847218,12.0,12.0,12.0,12,0.00024446001830293876,1270.2306780561435,1,0.0
1712,2139,0.04552057185134445,10.0,10.0,10.0,10,0.0002614437759262423,7002.6647743262865,1,0.0
1713,310,0.045519679032820684,12.0,12.0,12.0,10,0.00024761422041432856,847.2245854510237,1,0.0
1714,3712,0.045515505943761796,12.0,12.0,12.0,9,0.00025341524067899767,126.41244203683486,1,0.0
1715,57,0.045514124058770505,11.0,11.0,11.0,11,0.0002470612304994336,4780.702398589354,1,0.0
1716,201,0.045473493246275795,12.0,12.0,12.0,11,0.00023407172701606533,2175.1330499936234,1,0.0
1717,304,0.04546423046804697,12.0,12.0,12.0,8,0.0002496649973818506,249.97474102506115,1,0.0
1718,3711,0.04543810977347258,12.0,12.0,12.0,10,0.0002480077272300006,282.6167122498562,1,0.0
1719,2376,0.04539030794461109,11.0,11.0,11.0,11,0.00026066751781354325,2366.5978275599637,1,0.0
1720,1041,0.04537929315049156,11.0,11.0,11.0,8,0.0002713538939560041,1017.6405742477366,1,0.0
1721,893,0.045369439716901695,12.0,12.0,12.0,10,0.00024513237259918903,191.10351438536497,1,0.0
1722,1650,0.04534015756646097,10.0,10.0,10.0,10,0.00026757757220063536,5123.876889270584,1,0.0
1723,1371,0.04533089348999504,11.0,11.0,11.0,9,0.0002615055820938512,1889.3389287398822,1,0.0
1724,1688,0.045305910070429806,10.0,10.0,10.0,10,0.00028403037878351107,2937.325767030187,1,0.0
1725,2572,0.045300155952522875,12.0,12.0,12.0,12,0.00023545037367859783,910.3983609511974,1,0.0
1726,584,0.04529816400905556,11.0,11.0,11.0,10,0.000262992491797174,1503.718561428421,1,0.0
1727,264,0.045193491020507494,11.0,11.0,11.0,9,0.00025975190487470036,1227.5036988070667,1,0.0
1728,2152,0.04518993819647589,12.0,12.0,12.0,9,0.00023216570106772812,604.2819710487704,1,0.0
1729,1504,0.04517599356674297,8.0,8.0,8.0,8,0.0003491777704288735,2120.5186056173293,1,0.0
1730,1714,0.04514658454651615,10.0,10.0,10.0,10,0.0002894858131421556,1273.5280417355013,1,0.0
1731,1531,0.04507180411504219,10.0,10.0,10.0,9,0.00025055177378445015,5459.188419465682,1,0.0
1732,1969,0.045070130535058095,9.0,9.0,9.0,8,0.0002951319926857292,4015.2021210798894,1,0.0
1733,2428,0.045037043011193385,12.0,12.0,12.0,11,0.00022311842769939832,717.1406687534694,1,0.0
1734,1741,0.045031575438925595,11.0,11.0,11.0,9,0.00025424421286749293,859.4733912896264,1,0.0
1735,3,0.04497143079026177,9.0,9.0,9.0,6,0.00030779015721619385,1873.92872735498,1,0.0
1736,285,0.04496924831106042,11.0,11.0,11.0,8,0.00024402330608027794,1687.406962252386,1,0.0
1737,2410,0.044965197309637314,11.0,11.0,11.0,11,0.00025395060649191243,473.4861924484663,1,0.0
1738,3337,0.04494329115155966,11.0,11.0,11.0,10,0.00024871333027899037,961.3653779717785,1,0.0
1739,2038,0.04493566800357544,11.0,11.0,11.0,8,0.000252944095900774,406.61177211987786,1,0.0
1740,827,0.0448797212756514,10.0,10.0,10.0,9,0.00026436900358727504,2586.724115954115,1,0.0
1741,2304,0.04477990689483835,9.0,9.0,9.0,8,0.000220124725225515,11151.68505492365,1,0.0
1742,1012,0.044771285935164135,11.0,11.0,11.0,9,0.0002394543918299106,978.3169884611976,1,0.0
1743,316,0.044740628230315514,10.0,10.0,10.0,10,0.0002669170738675524,1399.2779343576474,1,0.0
1744,225,0.04471540673328019,11.0,11.0,11.0,9,0.00024287067975555426,214.89411372445622,1,0.0
1745,877,0.04471083030737187,11.0,11.0,11.0,7,0.0002429293864983603,178.83269168022434,1,0.0
1746,322,0.044694733143375784,11.0,11.0,11.0,10,0.00023891218839185385,557.5327440698725,1,0.0
1747,2499,0.04469359572707012,11.0,11.0,11.0,9,0.00023526638335424527,986.6906345127534,1,0.0
1748,423,0.04469270581495921,11.0,11.0,11.0,10,0.00023516208966974103,993.5278056435938,1,0.0
1749,2462,0.044691259021472154,10.0,10.0,10.0,9,0.000268686764296034,874.2418131428383,1,0.0
1750,3623,0.044638918332917304,11.0,11.0,11.0,10,0.00023576071491841056,580.6276496930175,1,0.0
1751,2751,0.04462962455109115,10.0,10.0,10.0,10,0.0002684937631665968,506.3086408320755,1,0.0
1752,1792,0.044601904784874115,9.0,9.0,9.0,7,0.0002891921744788719,1755.5389240204888,1,0.0
1753,2076,0.04458483825935626,10.0,10.0,10.0,9,0.0002357842140999742,4137.241502463052,1,0.0
1754,2338,0.044577605328313244,10.0,10.0,10.0,10,0.0002501460672637067,2372.3522908249834,1,0.0
1755,1916,0.044566874103626856,11.0,11.0,11.0,11,0.00023202097542096773,571.1673953110777,1,0.0
1756,1827,0.04456143030205119,9.0,9.0,9.0,9,0.0002834746178292266,2183.098965726007,1,0.0
1757,1604,0.044530293647882135,10.0,10.0,10.0,9,0.00026046756958976117,836.7855014907326,1,0.0
1758,1986,0.044507091567611005,11.0,11.0,11.0,9,0.0002292841399709869,519.4605509808147,1,0.0
1759,576,0.04449930004155193,11.0,11.0,11.0,9,0.00023091728186621122,274.553765678146,1,0.0
1760,955,0.04443955003443555,11.0,11.0,11.0,8,0.00022839078242872402,197.87773549955105,1,0.0
1761,2779,0.044402428787380814,11.0,11.0,11.0,10,0.00022541609268243203,318.41251257692795,1,0.0
1762,2140,0.04439978847833444,10.0,10.0,10.0,9,0.00025402308684610884,780.1619544091388,1,0.0
1763,1569,0.04438759883870226,10.0,10.0,10.0,10,0.00024392723290264992,1911.2200898621925,1,0.0
1764,396,0.04434974853480117,9.0,9.0,9.0,7,0.0002711592074137606,2314.1621644932143,1,0.0
1765,211,0.044346807110888155,10.0,10.0,10.0,8,0.0002427749391548009,1790.3414276308488,1,0.0
1766,2055,0.044340088402549944,10.0,10.0,10.0,9,0.0002376344668850695,2362.989237967595,1,0.0
1767,1513,0.044328840982730766,10.0,10.0,10.0,10,0.00024092126430076674,1898.2273444034875,1,0.0
1768,2490,0.04427780663350023,11.0,11.0,11.0,10,0.0002196908255619767,213.02874522791183,1,0.0
1769,1583,0.044272650449876924,10.0,10.0,10.0,10,0.00024963553776430954,498.70216435089543,1,0.0
1770,253,0.044257954345672944,11.0,11.0,11.0,8,0.00021396447087763582,772.4773470653198,1,0.0
1771,3469,0.04425452822310519,11.0,11.0,11.0,11,0.00021512187636012735,612.2083360389522,1,0.0
1772,1401,0.044251050317669044,10.0,10.0,10.0,9,0.0002378962776953492,1766.7591031253373,1,0.0
1773,966,0.04425103107070318,10.0,10.0,10.0,10,0.00023848639816238974,1696.0042255919298,1,0.0
1774,467,0.04423543631640481,10.0,10.0,10.0,9,0.00024404421848894548,931.8375561426659,1,0.0
1775,2219,0.04423013297842211,11.0,11.0,11.0,10,0.0002175546643542954,166.24954423608105,1,0.0
1776,1391,0.04422485764896354,11.0,11.0,11.0,8,0.00021615400058170719,300.4291409125007,1,0.0
1777,267,0.04422394530989259,11.0,11.0,11.0,10,0.00021785061336275475,91.56972189920072,1,0.0
1778,3362,0.044160599150000736,10.0,10.0,10.0,9,0.0002339159845009749,1669.3102043911072,1,0.0
1779,2505,0.044156379607624,11.0,11.0,11.0,9,0.00021303809455253478,238.92627068506604,1,0.0
1780,1928,0.04414264640915573,9.0,9.0,9.0,9,0.000254520106830856,2991.7920751787306,1,0.0
1781,1860,0.04410122401882506,10.0,10.0,10.0,10,0.00024144540538005506,391.3981631589352,1,0.0
1782,2320,0.044071196536009216,11.0,11.0,11.0,10,0.00020950584753767767,121.27269851516697,1,0.0
1783,177,0.04405396187344726,10.0,10.0,10.0,8,0.00023692071828738668,633.1174611646782,1,0.0
1784,3231,0.04405395907574454,11.0,11.0,11.0,11,0.00020694788928045624,318.0787480243352,1,0.0
1785,876,0.044044821475305376,10.0,10.0,10.0,6,0.000234222407170221,898.0936622665536,1,0.0
1786,76,0.04396560827423735,10.0,10.0,10.0,9,0.00022741171739958376,1210.719100132962,1,0.0
1787,2543,0.04391609477895293,10.0,10.0,10.0,9,0.00022770985600049844,860.9007188151631,1,0.0
1788,1005,0.04389392628700232,10.0,10.0,10.0,8,0.00023072253217210154,359.66129988780597,1,0.0
1789,1623,0.04389083065994044,10.0,10.0,10.0,10,0.00022537279196861417,980.3431176770011,1,0.0
1790,2933,0.04388826002378387,10.0,10.0,10.0,10,0.00022494054314902906,1015.7707429021573,1,0.0
1791,1869,0.043878001521885604,10.0,10.0,10.0,9,0.00022152968702513254,1358.9392629438657,1,0.0
1792,501,0.04386346384328188,10.0,10.0,10.0,8,0.00022955649017650573,305.96132996964354,1,0.0
1793,387,0.04383522747221073,8.0,8.0,8.0,6,0.00027387738735657917,2627.021031219732,1,0.0
1794,1697,0.04382599476638202,9.0,9.0,9.0,9,0.00026199550510063265,88.0803801651956,1,0.0
1795,2357,0.04381911717135687,10.0,10.0,10.0,10,0.00022356784979862197,741.4012304749405,1,0.0
1796,303,0.04381724681922923,10.0,10.0,10.0,10,0.00022336847242651134,753.3988632564624,1,0.0
1797,424,0.04380909947740773,10.0,10.0,10.0,10,0.0002158206178793168,1605.1275251462816,1,0.0
1798,2056,0.04379107682450078,9.0,9.0,9.0,9,0.0002457145477846516,1815.2491253923902,1,0.0
1799,3023,0.04378476076153567,10.0,10.0,10.0,10,0.00021932531534605933,1031.228262591018,1,0.0
1800,905,0.04374520972028053,10.0,10.0,10.0,8,0.00022349825452331045,280.8326214654407,1,0.0
1801,1716,0.04371721147901734,10.0,10.0,10.0,8,0.00022034231543934522,480.94153560711004,1,0.0
1802,1066,0.043695731632503454,9.0,9.0,9.0,8,0.00023972168826491013,1927.6388874935192,1,0.0
1803,21,0.043688470430801846,10.0,10.0,10.0,7,0.00022020518398694564,315.01031210891495,1,0.0
1804,499,0.04367903438967118,10.0,10.0,10.0,8,0.0002187644098815701,427.5935699803887,1,0.0
1805,2002,0.04366839083835884,10.0,10.0,10.0,9,0.00022060515818042692,139.74353901335988,1,0.0
1806,39,0.04362319536187154,9.0,9.0,9.0,8,0.0002461852542299026,693.8017100306521,1,0.0
1807,1120,0.04359439964017896,10.0,10.0,10.0,10,0.00021686543158194938,117.92938650712635,1,0.0
1808,1678,0.04357894600443683,10.0,10.0,10.0,9,0.00021192105964978338,611.6876376655823,1,0.0
1809,2493,0.043569656023989024,10.0,10.0,10.0,10,0.00020995446248187104,788.1344379697774,1,0.0
1810,2835,0.04356833477844865,10.0,10.0,10.0,9,0.0002128935544818539,427.9657857002125,1,0.0
1811,571,0.04354788893256614,9.0,9.0,9.0,9,0.00023116683870242654,2013.6133386819834,1,0.0
1812,1526,0.04354786858285578,9.0,9.0,9.0,9,0.0002394248705578661,1025.0629301837957,1,0.0
1813,406,0.04349948307891664,10.0,10.0,10.0,9,0.0002038675390136809,1071.4857784632932,1,0.0
1814,328,0.043487181988736384,9.0,9.0,9.0,8,0.00023740735612234168,881.5233235279587,1,0.0
1815,775,0.04348471992503792,9.0,9.0,9.0,7,0.0002363385164338404,993.8346838631408,1,0.0
1816,3122,0.04346714741748428,10.0,10.0,10.0,9,0.000208515044616391,310.0655515087784,1,0.0
1817,643,0.04345246524050494,10.0,10.0,10.0,7,0.00020769071378144572,315.5818131177779,1,0.0
1818,882,0.04340843168722421,8.0,8.0,8.0,7,0.00025827852616185564,1786.3174953240841,1,0.0
1819,1748,0.043374375419627825,9.0,9.0,9.0,9,0.00022793016620656963,1300.1779574787624,1,0.0
1820,550,0.04337422245644673,10.0,10.0,10.0,7,0.0002027910345397883,405.6310743040865,1,0.0
1821,1556,0.043336415880435686,9.0,9.0,9.0,9,0.00022803505070591494,1046.793515889183,1,0.0
1822,1816,0.04330485689220594,9.0,9.0,9.0,9,0.00020212971836152313,3947.234621409029,1,0.0
1823,398,0.04330380276709382,9.0,9.0,9.0,9,0.00023244631286859147,311.889499441283,1,0.0
1824,314,0.04330213937670069,9.0,9.0,9.0,9,0.00023287718651974454,249.7641025592499,1,0.0
1825,2005,0.04329580227636247,9.0,9.0,9.0,9,0.0002231474390569378,1374.1330436032001,1,0.0
1826,3553,0.043290395831167665,9.0,9.0,9.0,9,0.0002277026820634007,794.6057078219872,1,0.0
1827,413,0.04327408623230185,9.0,9.0,9.0,9,0.00022057223062551412,1544.5898648823238,1,0.0
1828,1463,0.043265286329251265,8.0,8.0,8.0,8,0.00022034736038517257,5418.207204525491,1,0.0
1829,442,0.04325910958728576,8.0,8.0,8.0,6,0.00025370927750716804,1385.8610337404373,1,0.0
1830,380,0.04324418596651261,9.0,9.0,9.0,9,0.00020816914671122758,2839.441896004084,1,0.0
1831,1074,0.04323906824523075,9.0,9.0,9.0,8,0.00022789134322092494,446.381592085259,1,0.0
1832,3835,0.043228540058616066,10.0,10.0,10.0,9,0.0001965746474858752,225.41582708752787,1,0.0
1833,963,0.04319335536002056,9.0,9.0,9.0,8,0.00022744596976100558,209.66834206809236,1,0.0
1834,1884,0.04318966874965068,9.0,9.0,9.0,8,0.000221267960080759,925.7380496889726,1,0.0
1835,563,0.04318895846939779,10.0,10.0,10.0,8,0.00019574595956144017,73.4817055882325,1,0.0
1836,2200,0.043187837452194414,9.0,9.0,9.0,9,0.0002198589791503698,1082.7634696988841,1,0.0
1837,2717,0.043179256881066434,9.0,9.0,9.0,8,0.00021591770365035474,1500.064475026535,1,0.0
1838,640,0.043154481958049204,9.0,9.0,9.0,9,0.0002155409438870714,1387.9775654469033,1,0.0
1839,541,0.04307802948403991,8.0,8.0,8.0,8,0.0002366368607413803,2280.44965802435,1,0.0
1840,1106,0.043076224602993686,9.0,9.0,9.0,8,0.00021845664198319803,542.4953362219519,1,0.0
1841,814,0.043073189830710484,9.0,9.0,9.0,7,0.00021650165997209083,757.2374519312876,1,0.0
1842,543,0.043038426492663484,9.0,9.0,9.0,5,0.0002196439394160876,160.5787705591156,1,0.0
1843,1398,0.04300444240056121,9.0,9.0,9.0,9,0.00021598970778411797,382.35272704123844,1,0.0
1844,865,0.04299613602838566,9.0,9.0,9.0,7,0.00021366759049043334,607.592890009584,1,0.0
1845,1421,0.04299553298567002,8.0,8.0,8.0,7,0.00018693656534688515,7705.792161812824,1,0.0
1846,2811,0.04297401154982655,9.0,9.0,9.0,8,0.00021326877135171687,514.961800091168,1,0.0
1847,1705,0.04296784154908176,9.0,9.0,9.0,9,0.00020915442519204365,968.2716274646967,1,0.0
1848,1150,0.04295230303991372,9.0,9.0,9.0,8,0.00020856125173289856,940.687257727746,1,0.0
1849,41,0.042916915475065494,9.0,9.0,9.0,7,0.00019140133360915558,2770.081204272928,1,0.0
1850,1548,0.04290421090590885,8.0,8.0,8.0,8,0.0002281619706383319,2192.0521667448716,1,0.0
1851,587,0.042889436750277836,9.0,9.0,9.0,7,0.00020700796532092773,727.7543513028204,1,0.0
1852,1151,0.0428852890035369,8.0,8.0,8.0,7,0.00023032980806096133,1812.530955769829,1,0.0
1853,544,0.0428768703854433,9.0,9.0,9.0,7,0.0002063990468722819,720.9110124994944,1,0.0
1854,1633,0.042862852908839996,9.0,9.0,9.0,7,0.00020634989980102114,637.861016319872,1,0.0
1855,2857,0.042844045680444635,9.0,9.0,9.0,8,0.00020331830169243974,881.3987807753615,1,0.0
1856,1374,0.042842280741115756,8.0,8.0,8.0,8,0.0002278010524457198,1842.3413385790561,1,0.0
1857,2867,0.04283635549108225,8.0,8.0,8.0,8,0.00022393675765216848,2267.2747860008503,1,0.0
1858,655,0.04283285214690532,9.0,9.0,9.0,9,0.0001974545698077141,1512.2249723750137,1,0.0
1859,2102,0.042807386849452865,7.0,7.0,7.0,7,0.00024731169987252235,3188.2220546477047,1,0.0
1860,1813,0.04280699634304286,7.0,7.0,7.0,5,0.00025548953568277913,2206.9220573660837,1,0.0
1861,2307,0.04280062386443938,8.0,8.0,8.0,8,0.00023396461696452827,840.3232719353688,1,0.0
1862,3045,0.0427860292964934,9.0,9.0,9.0,8,0.00020303452674497906,547.2851152267667,1,0.0
1863,2070,0.04277975382917311,8.0,8.0,8.0,8,0.0002374769217222263,287.52018241623216,1,0.0
1864,2336,0.04276972141518818,9.0,9.0,9.0,6,0.00020576940180008584,116.47837221133616,1,0.0
1865,782,0.042769484366104504,9.0,9.0,9.0,7,0.00020588815109927615,100.7610825994042,1,0.0
1866,161,0.042762546615713076,8.0,8.0,8.0,7,0.00023588557777259747,368.8220185841742,1,0.0
1867,545,0.042743921565211764,9.0,9.0,9.0,7,0.00020312026957199398,269.873980775886,1,0.0
1868,2010,0.04273573259476934,8.0,8.0,8.0,8,0.0002315166035413871,721.6348458564528,1,0.0
1869,364,0.04271905457149352,7.0,7.0,7.0,6,0.00019020433328979753,9463.108043400747,1,0.0
1870,1767,0.04270548614417382,8.0,8.0,8.0,8,0.00020884953760747253,3242.8082615069143,1,0.0
1871,2138,0.04269090738176508,9.0,9.0,9.0,9,0.0001976443258540318,588.9579520444117,1,0.0
1872,492,0.042690591116776005,8.0,8.0,8.0,7,0.0002195350453927704,1869.3371821279902,1,0.0
1873,426,0.042685278794236114,9.0,9.0,9.0,8,0.0001994894289476672,332.4036350635064,1,0.0
1874,2841,0.04267317085755429,9.0,9.0,9.0,7,0.00020008586194966731,184.19768404419327,1,0.0
1875,2821,0.042663315182775066,9.0,9.0,9.0,8,0.00020014000560336496,115.1887482422931,1,0.0
1876,1736,0.04264054094552015,8.0,8.0,8.0,8,0.00022512289997433628,882.976616911703,1,0.0
1877,22,0.04262910655353284,9.0,9.0,9.0,6,0.0001956012551582515,441.4080785888501,1,0.0
1878,295,0.04262321993912233,9.0,9.0,9.0,6,0.0001974597080260959,181.61887250978174,1,0.0
1879,870,0.04259751988387532,9.0,9.0,9.0,8,0.00019139525078126733,744.435095003261,1,0.0
1880,1963,0.042572443168146956,8.0,8.0,8.0,7,0.00021592874037621763,1551.4053218807449,1,0.0
1881,1550,0.042571930242261344,8.0,8.0,8.0,7,0.00022079513387003564,965.6821820269535,1,0.0
1882,2477,0.04256901075524212,9.0,9.0,9.0,9,0.00019390342163277493,263.3534340705276,1,0.0
1883,1665,0.04253152790419703,8.0,8.0,8.0,6,0.00022385412540672879,343.2163208609189,1,0.0
1884,1631,0.04252921847940816,3.0,3.0,3.0,3,0.0003615298148547219,3362.53125,1,0.0
1885,82,0.04252683979930942,9.0,9.0,9.0,9,0.00019052110325918113,400.64075839471724,1,0.0
1886,1506,0.04249089277830044,8.0,8.0,8.0,8,0.00021827616881005298,753.0481526053117,1,0.0
1887,1584,0.0424863044140812,5.0,5.0,5.0,5,0.0003073217952987919,1773.4751370337701,1,0.0
1888,1490,0.042474126789321026,8.0,8.0,8.0,8,0.00021605970556641657,911.9711451270167,1,0.0
1889,445,0.042469629676651556,9.0,9.0,9.0,8,0.00018900660123867741,218.95066582434407,1,0.0
1890,566,0.04245633265670514,9.0,9.0,9.0,8,0.00018681202551897123,397.2624299873937,1,0.0
1891,672,0.04242520075556219,8.0,8.0,8.0,7,0.0001893565831442813,3797.7179062392356,1,0.0
1892,3022,0.04241566911750361,9.0,9.0,9.0,8,0.00018587059559920486,251.95831026283815,1,0.0
1893,2808,0.042398017518736335,7.0,7.0,7.0,7,0.0002289104282483944,2793.505390654953,1,0.0
1894,1430,0.04238786837590974,8.0,8.0,8.0,8,0.0001857961998938355,3987.01606762645,1,0.0
1895,1730,0.042381814230674025,8.0,8.0,8.0,8,0.00020762176379980293,1336.2582201626713,1,0.0
1896,171,0.04236218424735366,9.0,9.0,9.0,7,0.0001836638443051439,176.75949881362254,1,0.0
1897,2242,0.04234843310036546,8.0,8.0,8.0,8,0.00020337648751019406,1632.6009942981443,1,0.0
1898,1593,0.042345413062153815,7.0,7.0,7.0,7,0.00022987346626024175,2344.493489843839,1,0.0
1899,441,0.04234016719667895,9.0,9.0,9.0,7,0.0001834315169104702,64.88222558998781,1,0.0
1900,1440,0.04230593706363961,8.0,8.0,8.0,8,0.00020076702971344928,1675.3205578916381,1,0.0
1901,1058,0.042298942997379164,9.0,9.0,9.0,6,0.00018086121975897283,110.9836172137861,1,0.0
1902,2847,0.04229071971177035,8.0,8.0,8.0,7,0.000186734947611258,3258.305143348034,1,0.0
1903,1478,0.042268626711204495,9.0,9.0,9.0,6,0.00017966667982555984,61.62190805077076,1,0.0
1904,2145,0.04223474411433367,7.0,7.0,7.0,6,0.00023495382136245219,1034.2866954591655,1,0.0
1905,390,0.04222111269316216,9.0,9.0,9.0,7,0.00017714747929244571,61.7022958011939,1,0.0
1906,1411,0.042184719081184055,7.0,7.0,7.0,6,0.00023091258159872567,1200.6122879957222,1,0.0
1907,1132,0.04217825023672053,8.0,8.0,8.0,6,0.000205634764006854,282.5945237981678,1,0.0
1908,268,0.04211830654419989,8.0,8.0,8.0,8,0.00020121780769877771,430.9624573600821,1,0.0
1909,2052,0.042116224987463854,8.0,8.0,8.0,8,0.00019205187593903495,1514.8459855298047,1,0.0
1910,617,0.04210220300956472,8.0,8.0,8.0,8,0.00019364342872260496,1235.3885949710407,1,0.0
1911,1721,0.04208915484001918,8.0,8.0,8.0,8,0.00020013362288539836,375.7806873083019,1,0.0
1912,1442,0.04207608116459822,8.0,8.0,8.0,8,0.00019863922983548863,471.7030941208005,1,0.0
1913,3006,0.04207241233319374,8.0,8.0,8.0,8,0.00020231221738465532,8.798901552040503,1,0.0
1914,2661,0.04205072939904562,8.0,8.0,8.0,7,0.0001986145073584605,313.8203758498115,1,0.0
1915,2318,0.04204451885832163,8.0,8.0,8.0,8,0.0001969166063840902,477.6435653236406,1,0.0
1916,2466,0.042020814414601135,8.0,8.0,8.0,8,0.00019286959309827844,811.6486153655703,1,0.0
1917,3206,0.042015169828551885,7.0,7.0,7.0,5,0.0001929847957727676,4664.58050940404,1,0.0
1918,3818,0.041998731015693166,8.0,8.0,8.0,8,0.00019412847613151508,520.8642716373379,1,0.0
1919,2377,0.04193877244256553,8.0,8.0,8.0,8,0.0001868553525908099,1010.9984946241208,1,0.0
1920,2512,0.041935658455852,8.0,8.0,8.0,8,0.00018973369032186953,646.7277778043537,1,0.0
1921,2123,0.041921838883623025,8.0,8.0,8.0,8,0.00018855464668311196,700.1730769618787,1,0.0
1922,3520,0.04192066468602373,8.0,8.0,8.0,7,0.0001884271131641204,707.988251490774,1,0.0
1923,1758,0.041914886730742014,7.0,7.0,7.0,7,0.0002162997919371648,1237.7229652848077,1,0.0
1924,1115,0.04190395628377378,7.0,7.0,7.0,7,0.0002086380899537435,2085.4211284973426,1,0.0
1925,1851,0.04189115250861915,7.0,7.0,7.0,7,0.000189351904684954,4312.593138503444,1,0.0
1926,836,0.04189109644350078,8.0,8.0,8.0,8,0.0001874057782820873,642.6411533190077,1,0.0
1927,2133,0.041889493153344275,8.0,8.0,8.0,7,0.00019007867384546656,312.544711098529,1,0.0
1928,880,0.04188599665728815,8.0,8.0,8.0,6,0.00019064495338492538,222.58233692331365,1,0.0
1929,2586,0.04188499523472843,8.0,8.0,8.0,8,0.0001831159704109705,1117.388808064877,1,0.0
1930,2322,0.0418512977083334,7.0,7.0,7.0,6,0.00022131508125319198,233.99802728414417,1,0.0
1931,1976,0.04183082691897256,8.0,8.0,8.0,7,0.00018454565597078647,602.6011231021477,1,0.0
1932,613,0.04182674109551928,8.0,8.0,8.0,7,0.00018689005003117587,296.07353031818593,1,0.0
1933,1439,0.04182279347362183,7.0,7.0,7.0,6,0.00019266659535967186,3482.153569690364,1,0.0
1934,2227,0.041821849256718294,7.0,7.0,7.0,6,0.000170575548538699,6120.287202849552,1,0.0
1935,2026,0.04182017316836167,8.0,8.0,8.0,7,0.00018620360064866524,336.56653577632545,1,0.0
1936,1995,0.041819731922752595,8.0,8.0,8.0,8,0.00018549933671392098,418.06193619010025,1,0.0
1937,2240,0.041813349473863226,8.0,8.0,8.0,6,0.00018784634609682755,96.65059384550992,1,0.0
1938,623,0.041811048596463576,7.0,7.0,7.0,6,0.00021072256134847822,1246.482577473467,1,0.0
1939,81,0.04179551193087844,8.0,8.0,8.0,7,0.00018377003397513638,471.3844630173171,1,0.0
1940,687,0.04177846503557063,7.0,7.0,7.0,7,0.00021523250513196684,499.95464171003016,1,0.0
1941,2414,0.041760898169756325,7.0,7.0,7.0,5,0.0002166526057405042,218.52852904494011,1,0.0
1942,2497,0.041734494074831686,8.0,8.0,8.0,6,0.0001799373139613232,543.0089929085858,1,0.0
1943,857,0.0417243723030717,7.0,7.0,7.0,5,0.0001986628765150336,2140.022476755185,1,0.0
1944,166,0.04172287947110575,7.0,7.0,7.0,6,0.00021557035808842336,106.85911449462161,1,0.0
1945,755,0.041722142509619614,8.0,8.0,8.0,8,0.00018179347386337706,242.4779869589895,1,0.0
1946,425,0.041720076801908014,8.0,8.0,8.0,7,0.0001823458972763715,163.25157897020918,1,0.0
1947,2975,0.041714831031732985,8.0,8.0,8.0,8,0.0001811001972633187,279.0707714502022,1,0.0
1948,1596,0.04170670704105927,7.0,7.0,7.0,7,0.00020526640636174892,1237.5564885100314,1,0.0
1949,2400,0.04169923769811017,6.0,6.0,6.0,6,0.00022619121321536771,2588.1658457224103,1,0.0
1950,2440,0.041662852315508085,8.0,8.0,8.0,8,0.00017764900056579068,362.37790950440655,1,0.0
1951,2417,0.04165745415423505,8.0,8.0,8.0,7,0.00017768347993782458,324.0028928454293,1,0.0
1952,3302,0.041654799927582066,8.0,8.0,8.0,7,0.00017641472697851407,459.02313633638164,1,0.0
1953,1879,0.04163975092767433,8.0,8.0,8.0,6,0.00017483291008605977,552.877234257144,1,0.0
1954,1791,0.04163768858498712,7.0,7.0,7.0,5,0.0002067387721289869,623.4450524190784,1,0.0
1955,986,0.04163424383339276,7.0,7.0,7.0,7,0.00020215764163309392,1149.9153618518615,1,0.0
1956,133,0.04162168801017989,8.0,8.0,8.0,8,0.0001702164291251039,990.8351878745619,1,0.0
1957,1582,0.0416086914532528,7.0,7.0,7.0,5,0.0002099143562941729,59.383192054619364,1,0.0
1958,299,0.04160257609060035,8.0,8.0,8.0,7,0.00017711385143018822,44.01441175608227,1,0.0
1959,2449,0.041598575382056524,8.0,8.0,8.0,8,0.00017593345194010445,159.91681858682432,1,0.0
1960,1679,0.041588989252613354,7.0,7.0,7.0,5,0.00020514508806199837,505.2283053443336,1,0.0
1961,2108,0.04156330254071247,7.0,7.0,7.0,7,0.0001931256200249143,1780.8970222985145,1,0.0
1962,192,0.04152623336430313,8.0,8.0,8.0,8,0.00017128578201345483,257.2393880466203,1,0.0
1963,2790,0.04152210584452747,8.0,8.0,8.0,8,0.0001708929425431257,278.0725286236652,1,0.0
1964,3189,0.04151914765849633,8.0,8.0,8.0,8,0.0001699210277282867,375.6351460462614,1,0.0
1965,3243,0.04151748709746333,8.0,8.0,8.0,8,0.0001726196541231212,42.09557668813053,1,0.0
1966,3315,0.04149085208990602,8.0,8.0,8.0,7,0.00017028663605276652,152.35623719378208,1,0.0
1967,2510,0.04148433831531994,7.0,7.0,7.0,6,0.0001991368931247272,560.4142026221242,1,0.0
1968,2744,0.04148200728765221,6.0,6.0,6.0,4,0.00023000035275707608,754.0447247425584,1,0.0
1969,3111,0.04148101911113398,8.0,8.0,8.0,7,0.00017008919033917807,113.60455757618105,1,0.0
1970,1746,0.041454537191619525,7.0,7.0,7.0,7,0.00019903685056717237,383.31818532365645,1,0.0
1971,1450,0.04145361211762138,7.0,7.0,7.0,7,0.00018339631419240493,2249.4980281194617,1,0.0
1972,713,0.04145343104027148,7.0,7.0,7.0,6,0.00019990520759539127,272.3648263629353,1,0.0
1973,1129,0.04143976746070523,7.0,7.0,7.0,4,0.00020129878133537995,18.877789599924522,1,0.0
1974,1975,0.04143948504540225,7.0,7.0,7.0,7,0.00019735796069898025,488.77119160379334,1,0.0
1975,67,0.041407430054938146,7.0,7.0,7.0,5,0.00018492738176095652,1773.243719742468,1,0.0
1976,7,0.04139223499253943,8.0,8.0,8.0,7,0.0001651951397120761,136.10164917112922,1,0.0
1977,3066,0.04137061098867548,7.0,7.0,7.0,7,0.00019551783253549704,272.0552888640501,1,0.0
1978,5,0.041360705780779,7.0,7.0,7.0,5,0.0001963783318197366,106.21768385380268,1,0.0
1979,126,0.04133454626738485,7.0,7.0,7.0,6,0.0001811598394980387,1761.784741662308,1,0.0
1980,2592,0.041323392619780984,7.0,7.0,7.0,6,0.00019096504688644023,517.4154981519227,1,0.0
1981,3450,0.04130143083456242,7.0,7.0,7.0,7,0.00017219164153149823,2625.109693922531,1,0.0
1982,1745,0.04129998748543681,7.0,7.0,7.0,7,0.0001909084624527606,375.6966167087077,1,0.0
1983,1060,0.04129922726494234,6.0,6.0,6.0,4,0.00021236665266506573,1705.0295644394027,1,0.0
1984,1776,0.04128920329178898,7.0,7.0,7.0,7,0.00018998152465678209,418.2244975915614,1,0.0
1985,1612,0.04126800528483228,7.0,7.0,7.0,7,0.00018940532853041104,352.7019432645713,1,0.0
1986,54,0.04125230473577823,7.0,7.0,7.0,6,0.00018775005688014646,451.214306523717,1,0.0
1987,1717,0.04125003646007162,7.0,7.0,7.0,7,0.00018861734701027677,333.0156622079566,1,0.0
1988,1906,0.04125001991111986,7.0,7.0,7.0,7,0.00019084073591576876,66.78854756194185,1,0.0
1989,2409,0.04124506856917387,7.0,7.0,7.0,6,0.00018752765303064496,431.92514050553143,1,0.0
1990,2721,0.04123044565414456,7.0,7.0,7.0,6,0.00018535943966964296,598.6695261573716,1,0.0
1991,2151,0.04122326931869462,7.0,7.0,7.0,7,0.0001878636074945932,253.41082158180794,1,0.0
1992,3741,0.041222678922495926,7.0,7.0,7.0,7,0.00018492918194009165,600.8927125603152,1,0.0
1993,2772,0.04120934945231342,5.0,5.0,5.0,5,0.00023967305212200347,1768.9801052865248,1,0.0
1994,1094,0.0412080461922534,5.0,5.0,5.0,5,0.00022044114148046137,4062.6197666513103,1,0.0
1995,1825,0.04120297201108411,6.0,6.0,6.0,6,0.00020028817730788825,2540.045760868612,1,0.0
1996,2727,0.041201887674495924,6.0,6.0,6.0,6,0.0002117690905681993,1158.9914983967712,1,0.0
1997,1517,0.0412004551214149,7.0,7.0,7.0,7,0.00018619640783013857,308.2190267593377,1,0.0
1998,1059,0.04119809503337629,7.0,7.0,7.0,7,0.00017979811255339266,1059.0711749627865,1,0.0
1999,1680,0.04118555517090569,7.0,7.0,7.0,7,0.0001811547794161138,817.1309139230751,1,0.0
2000,1610,0.04118126318976687,7.0,7.0,7.0,5,0.00018567053259984354,249.40080706433105,1,0.0
2001,86,0.04117383572535019,7.0,7.0,7.0,7,0.0001824423070570636,588.671127691556,1,0.0
2002,978,0.04117086100678008,7.0,7.0,7.0,6,0.00017961448824442585,908.2659314926664,1,0.0
2003,3124,0.04117044557074887,7.0,7.0,7.0,6,0.0001841206668829162,366.27618454093187,1,0.0
2004,1866,0.041156214593592894,7.0,7.0,7.0,7,0.0001795089939658548,827.9700249398148,1,0.0
2005,1553,0.04115285316564256,7.0,7.0,7.0,6,0.0001821844272552662,486.4155031706582,1,0.0
2006,2170,0.04114517429765066,7.0,7.0,7.0,5,0.00018480881648629053,123.5789754891919,1,0.0
2007,1781,0.04113497989195634,7.0,7.0,7.0,7,0.00017825811210401147,842.969227698413,1,0.0
2008,1515,0.04112857997417072,7.0,7.0,7.0,7,0.000183239517435928,206.1306317303724,1,0.0
2009,2074,0.04112078819556732,7.0,7.0,7.0,7,0.0001801383593628323,527.8806222896732,1,0.0
2010,970,0.04111779407718142,7.0,7.0,7.0,5,0.0001834720247658855,109.87126612609967,1,0.0
2011,1573,0.04110818182813103,7.0,7.0,7.0,7,0.00017537359857758842,1018.2050513810711,1,0.0
2012,886,0.04110768508276191,7.0,7.0,7.0,6,0.00017969922691353615,497.3098929113779,1,0.0
2013,971,0.041104571023262475,7.0,7.0,7.0,5,0.00018228452289008275,168.1135018041079,1,0.0
2014,2082,0.04110097213624134,7.0,7.0,7.0,6,0.0001775253695727104,714.9138421462458,1,0.0
2015,2129,0.041095541124842656,6.0,6.0,6.0,5,0.0001954920795942368,2432.5160624352125,1,0.0
2016,1720,0.041081694790863765,7.0,7.0,7.0,7,0.00017839360816932601,488.68929033596527,1,0.0
2017,2027,0.04107667731799025,7.0,7.0,7.0,5,0.00018165722475002203,66.22725070370173,1,0.0
2018,52,0.041075419206377715,6.0,6.0,6.0,5,0.0002046893949958138,1204.0083770064418,1,0.0
2019,3242,0.041058358898482035,7.0,7.0,7.0,7,0.00017926900033636691,235.85945693457046,1,0.0
2020,2239,0.04103916428012649,7.0,7.0,7.0,6,0.00017599900038149435,505.47428486777886,1,0.0
2021,2365,0.04103497254574431,7.0,7.0,7.0,7,0.00017275810224449408,866.7901887091849,1,0.0
2022,1100,0.04103432140582406,5.0,5.0,5.0,5,0.00023098389817716479,1698.554952449944,1,0.0
2023,997,0.041029733551302926,7.0,7.0,7.0,6,0.00017928584380851208,52.23270294074547,1,0.0
2024,2430,0.04101361943235787,7.0,7.0,7.0,6,0.00017634618700313387,301.8519885569823,1,0.0
2025,2623,0.04098246307832214,7.0,7.0,7.0,7,0.000173151323258588,486.58353920802034,1,0.0
2026,2985,0.040973037760665944,7.0,7.0,7.0,7,0.00017461547443300876,251.53817932508915,1,0.0
2027,1077,0.04096118915466131,7.0,7.0,7.0,6,0.0001743728109139073,205.41076412123195,1,0.0
2028,422,0.04092196131160559,7.0,7.0,7.0,6,0.00017216632990497662,220.63191950207496,1,0.0
2029,2668,0.04090220383129854,7.0,7.0,7.0,7,0.00016380655881302435,1095.881198937435,1,0.0
2030,2029,0.04089911629945763,7.0,7.0,7.0,7,0.00017126237820942476,183.88985878758066,1,0.0
2031,2525,0.04089165341434438,7.0,7.0,7.0,7,0.00016891313927579532,417.7276896104003,1,0.0
2032,1967,0.04089139727014486,7.0,7.0,7.0,7,0.00016138482557548134,1317.1823998390644,1,0.0
2033,536,0.0408902308084359,6.0,6.0,6.0,3,0.0001908832558313905,1681.5846507352942,1,0.0
2034,1482,0.04088787802208669,5.0,5.0,5.0,5,0.00022149366142234096,1905.365700546566,1,0.0
2035,2290,0.040887132230792066,7.0,7.0,7.0,7,0.00016940615932275812,330.03286918868173,1,0.0
2036,2085,0.040873767927256464,7.0,7.0,7.0,7,0.00016619432381937197,629.6757345937436,1,0.0
2037,944,0.04086451708247718,7.0,7.0,7.0,5,0.00016904462771585654,229.82574930191487,1,0.0
2038,2712,0.04086277701318199,7.0,7.0,7.0,7,0.00016850393282400258,283.50296476481697,1,0.0
2039,1445,0.0408580452020437,6.0,6.0,6.0,5,0.00020153521579163475,202.43058952402794,1,0.0
2040,3306,0.04085624790079043,7.0,7.0,7.0,6,0.00016987003718972043,78.56772664068487,1,0.0
2041,2795,0.04084228280682008,7.0,7.0,7.0,7,0.00016729469222126204,298.216037179064,1,0.0
2042,466,0.040838932638991805,7.0,7.0,7.0,6,0.00016719903652606026,288.41045666175677,1,0.0
2043,1444,0.04083323468008662,7.0,7.0,7.0,6,0.0001667779885755687,302.6564320181599,1,0.0
2044,3674,0.040824986148501996,7.0,7.0,7.0,6,0.00016454736153014848,517.3128976217344,1,0.0
2045,906,0.04082486511548205,7.0,7.0,7.0,7,0.00016490212771057925,474.08230082668086,1,0.0
2046,945,0.040824579399186704,7.0,7.0,7.0,5,0.00016349145120711037,641.1164564913224,1,0.0
2047,346,0.0408237104706048,6.0,6.0,6.0,4,0.00019482509850552154,787.7453672729282,1,0.0
2048,605,0.040812983834871315,7.0,7.0,7.0,5,0.00016733057025919537,108.03724909197089,1,0.0
2049,2785,0.04081166816863489,5.0,5.0,5.0,5,0.00021005014088859044,2791.5588987167857,1,0.0
2050,715,0.04081081064245015,7.0,7.0,7.0,5,0.00016704531573927294,128.39235865436268,1,0.0
2051,2180,0.0408088634532648,7.0,7.0,7.0,7,0.0001658211100623409,262.5663739344838,1,0.0
2052,2797,0.04080230539181627,7.0,7.0,7.0,5,0.00016760379795672072,7.585707559251013,1,0.0
2053,634,0.04080120696623015,7.0,7.0,7.0,6,0.00016464626776626484,354.60989839298895,1,0.0
2054,626,0.04079588332951134,7.0,7.0,7.0,6,0.00016605156968505695,152.63104505199408,1,0.0
2055,101,0.040795357425817406,7.0,7.0,7.0,6,0.00016655268106035063,89.31541980478191,1,0.0
2056,2381,0.04078236850216111,7.0,7.0,7.0,7,0.00016553601799057462,128.59501401383298,1,0.0
2057,3073,0.040781492740136094,7.0,7.0,7.0,6,0.00016436732067843463,262.92268080635495,1,0.0
2058,3170,0.04077475730648185,7.0,7.0,7.0,7,0.00016594188200360285,31.727803110163073,1,0.0
2059,1689,0.04077286312122857,7.0,7.0,7.0,7,0.00016432439754388928,213.3104661171398,1,0.0
2060,2287,0.04076594164108839,7.0,7.0,7.0,6,0.00016365846692714185,249.10445468203827,1,0.0
2061,1843,0.040764740247438064,7.0,7.0,7.0,7,0.00016457020565239798,132.3543931364213,1,0.0
2062,508,0.040754347039638095,6.0,6.0,6.0,6,0.00018330655979827414,1726.3541090072945,1,0.0
2063,540,0.04072933624018062,6.0,6.0,6.0,5,0.00018295995322104234,1609.1616057346412,1,0.0
2064,746,0.04072515140748565,7.0,7.0,7.0,6,0.00016179444602235874,213.42340132374994,1,0.0
2065,3448,0.04072466222638335,7.0,7.0,7.0,6,0.00016235984988918558,142.64545466195685,1,0.0
2066,1567,0.04071496251187842,5.0,5.0,5.0,4,0.00021287901573315807,1839.4252773639664,1,0.0
2067,477,0.04071315797074503,7.0,7.0,7.0,7,0.0001586991118138516,507.81931097115944,1,0.0
2068,134,0.040708854020350335,7.0,7.0,7.0,6,0.00015914100490535126,427.6221985828105,1,0.0
2069,2862,0.040699195930987586,3.0,3.0,3.0,3,0.0002645276060807852,3362.53125,1,0.0
2070,3547,0.04069388520826401,7.0,7.0,7.0,5,0.00016002001220762388,227.44378684257205,1,0.0
2071,319,0.04068055955353697,7.0,7.0,7.0,5,0.00016038448159214072,99.27635852685839,1,0.0
2072,1507,0.040679252757842566,6.0,6.0,6.0,5,0.00019244543583826318,156.0743570106448,1,0.0
2073,1561,0.04067256546274999,6.0,6.0,6.0,5,0.00016715637480058576,3140.548677403682,1,0.0
2074,503,0.04065010267381621,4.0,4.0,4.0,3,0.00024330747948798592,1688.4134375,1,0.0
2075,3459,0.04064367919267281,7.0,7.0,7.0,6,0.00015403072273979476,625.7873439020692,1,0.0
2076,1375,0.04064323179516213,7.0,7.0,7.0,7,0.00015716055831824398,248.33223282151187,1,0.0
2077,168,0.04063341177665443,6.0,6.0,6.0,5,0.00018974010504107977,189.04748894637117,1,0.0
2078,2871,0.04063299580509812,6.0,6.0,6.0,6,0.0001870001203395976,514.3629630394386,1,0.0
2079,3293,0.0406278442663181,7.0,7.0,7.0,7,0.0001572907660811429,135.12271432353154,1,0.0
2080,777,0.04062045494186336,5.0,5.0,5.0,5,0.00020144023566462185,2608.963001171198,1,0.0
2081,1639,0.04061790434857116,7.0,7.0,7.0,6,0.0001561259871034635,211.4747354773728,1,0.0
2082,3190,0.04061546293059894,7.0,7.0,7.0,7,0.00015478175435665247,356.87945832219833,1,0.0
2083,1470,0.040602507785520985,6.0,6.0,6.0,6,0.0001594685463838633,3616.247023316849,1,0.0
2084,3843,0.04058097381072848,7.0,7.0,7.0,5,0.00015580982383208054,15.01479094417325,1,0.0
2085,1552,0.04057485570260664,6.0,6.0,6.0,6,0.00018295326363547776,629.8755931239016,1,0.0
2086,1091,0.04057399570249409,6.0,6.0,6.0,6,0.00016923356439355725,2266.5592310874026,1,0.0
2087,1810,0.040525331903119646,5.0,5.0,5.0,5,0.00020356165898722308,1751.5465146393226,1,0.0
2088,130,0.04051247294789454,7.0,7.0,7.0,6,0.00015120567683295295,131.49784187723924,1,0.0
2089,639,0.04049124253501107,7.0,7.0,7.0,5,0.00015042386357736265,90.38044046546672,1,0.0
2090,2189,0.040488585252839014,6.0,6.0,6.0,6,0.00018042030178439393,385.71670119047326,1,0.0
2091,830,0.04048015075284927,6.0,6.0,6.0,5,0.00018279184751961562,48.34951287540721,1,0.0
2092,2103,0.04045716493922294,6.0,6.0,6.0,5,0.000181004195166095,116.48615203942549,1,0.0
2093,1154,0.040448925762084656,5.0,5.0,5.0,4,0.0002134198017228753,86.85324731675409,1,0.0
2094,3512,0.04043531020690202,7.0,7.0,7.0,6,0.00014786962613367327,41.24532302767362,1,0.0
2095,843,0.04042950671984579,5.0,5.0,5.0,5,0.00018381005271341148,3507.704523029571,1,0.0
2096,996,0.04042570778664717,7.0,7.0,7.0,4,0.00014769782105496769,0.8874176055508002,1,0.0
2097,1749,0.040423662418873525,6.0,6.0,6.0,6,0.0001785462830325108,198.1253820915733,1,0.0
2098,1800,0.04041009454332598,6.0,6.0,6.0,5,0.0001747448847861685,567.0427165827383,1,0.0
2099,3102,0.04039739878155501,5.0,5.0,5.0,4,0.00019744597682430724,1671.8862380693422,1,0.0
2100,858,0.04039530222010785,6.0,6.0,6.0,4,0.00017814698505759616,65.9896864458769,1,0.0
2101,947,0.04038761698407513,5.0,5.0,5.0,3,0.00020935198291239311,184.77152348972118,1,0.0
2102,1992,0.040387446977034044,6.0,6.0,6.0,6,0.00016787459994947187,1245.6763666360841,1,0.0
2103,2047,0.0403784567243996,6.0,6.0,6.0,5,0.00016008659236992534,2120.801687546945,1,0.0
2104,1958,0.04037494631841718,6.0,6.0,6.0,5,0.00017378875298309655,458.48966996095857,1,0.0
2105,3650,0.04035350892875487,6.0,6.0,6.0,6,0.0001737081814554509,332.12601874520317,1,0.0
2106,554,0.04034581160677127,6.0,6.0,6.0,4,0.0001758865045667995,22.563008981661053,1,0.0
2107,1903,0.04030780369066073,6.0,6.0,6.0,6,0.00017328484431201064,92.82371177513741,1,0.0
2108,1858,0.040307451270462216,6.0,6.0,6.0,6,0.00017065364651832463,405.5214461382052,1,0.0
2109,1648,0.04030270213887316,6.0,6.0,6.0,4,0.0001709395929329758,341.16551272358487,1,0.0
2110,1393,0.040282211561531577,5.0,5.0,5.0,5,0.00019089236277996242,1725.5080839315262,1,0.0
2111,2295,0.0402749413495017,6.0,6.0,6.0,6,0.00016381475111937885,1017.8272807239139,1,0.0
2112,2238,0.04025694951084591,6.0,6.0,6.0,6,0.00016929345831075295,247.92176187561213,1,0.0
2113,1452,0.040254779094663455,6.0,6.0,6.0,6,0.0001704755511173962,92.66457948344515,1,0.0
2114,1849,0.04024901986609499,6.0,6.0,6.0,6,0.00016897474229695905,235.7606980776026,1,0.0
2115,1990,0.04024203188224354,6.0,6.0,6.0,6,0.00015678423099139282,1650.5342019743707,1,0.0
2116,3831,0.04021566932848163,6.0,6.0,6.0,4,0.00016645955353287878,325.21972884144554,1,0.0
2117,776,0.04021153505844539,6.0,6.0,6.0,5,0.00015459493457514555,1719.0915971975976,1,0.0
2118,936,0.04020686653372009,6.0,6.0,6.0,5,0.00016060525090426858,970.0851218230239,1,0.0
2119,607,0.04020542858141564,6.0,6.0,6.0,6,0.00016720463082827873,171.0684303041323,1,0.0
2120,1114,0.04019921936078916,6.0,6.0,6.0,6,0.00016093675268464235,881.890229686833,1,0.0
2121,510,0.040180286339251144,6.0,6.0,6.0,5,0.0001584757160609635,1056.3382007293565,1,0.0
2122,2928,0.040148920410767126,6.0,6.0,6.0,6,0.00015191310026159814,1642.8334942887766,1,0.0
2123,122,0.040139511364234146,6.0,6.0,6.0,6,0.0001631018754493633,243.9305454185732,1,0.0
2124,2581,0.04013161661713461,6.0,6.0,6.0,6,0.0001573035803971191,887.8532929314622,1,0.0
2125,1935,0.04013119990552391,6.0,6.0,6.0,6,0.00016395063235230613,89.60979712997616,1,0.0
2126,3844,0.04012243741715927,6.0,6.0,6.0,6,0.00016144755142411793,333.61609564692924,1,0.0
2127,1826,0.040118000729864385,6.0,6.0,6.0,6,0.00015481511051561664,1099.3188483861056,1,0.0
2128,884,0.040109960942801885,6.0,6.0,6.0,5,0.00016109395153241808,296.7834400288863,1,0.0
2129,6,0.04009556958689643,6.0,6.0,6.0,5,0.00016156320102613474,149.31342160969407,1,0.0
2130,2119,0.040090726318853784,6.0,6.0,6.0,4,0.00016160345305767592,113.76792910106542,1,0.0
2131,1004,0.04009059881767187,6.0,6.0,6.0,6,0.00015861319206307345,470.86967430419134,1,0.0
2132,2612,0.040088375925975826,6.0,6.0,6.0,5,0.000158459252023359,475.1921637469575,1,0.0
2133,3269,0.040077477206726976,6.0,6.0,6.0,6,0.0001568420817333992,599.60883544084,1,0.0
2134,2127,0.04007125548260675,6.0,6.0,6.0,5,0.00015934134986032817,260.99302455882747,1,0.0
2135,1908,0.040070001377095786,6.0,6.0,6.0,5,0.00016108178329089751,44.72031546221088,1,0.0
2136,2799,0.040065847168543056,6.0,6.0,6.0,6,0.00015993506198699393,155.6178431117947,1,0.0
2137,1710,0.04005926141100257,6.0,6.0,6.0,4,0.0001533033942052777,907.593492108618,1,0.0
2138,1912,0.04005088904095991,4.0,4.0,4.0,4,0.00018473282267131075,4897.685571316325,1,0.0
2139,681,0.0400479236534644,6.0,6.0,6.0,6,0.0001574072441341491,344.46371601002767,1,0.0
2140,2575,0.04003318476559673,6.0,6.0,6.0,6,0.00015391739343799702,668.6618917245432,1,0.0
2141,420,0.04001312199367895,5.0,5.0,5.0,5,0.0001758557709982836,1818.0570451754734,1,0.0
2142,1643,0.040010999411074916,6.0,6.0,6.0,6,0.00015750854997977212,98.0759506406803,1,0.0
2143,1007,0.04000705000391239,6.0,6.0,6.0,6,0.00015276721489199956,640.5197485406693,1,0.0
2144,901,0.04000242200776495,6.0,6.0,6.0,5,0.00015712943964976318,89.03396930979936,1,0.0
2145,1378,0.04000097497030589,6.0,6.0,6.0,6,0.00015608824846135652,204.47575715585216,1,0.0
2146,2018,0.039973213867352565,6.0,6.0,6.0,4,0.0001560228265108392,36.1786388197662,1,0.0
2147,3092,0.0399531435388969,6.0,6.0,6.0,6,0.00015289177917583745,283.606076424411,1,0.0
2148,3300,0.03995127336427058,5.0,5.0,5.0,4,0.0001800838469725801,919.5970909501787,1,0.0
2149,3419,0.0399502585685872,6.0,6.0,6.0,6,0.0001522062981547482,347.34933715706734,1,0.0
2150,1064,0.03994962146756852,6.0,6.0,6.0,6,0.00015405509470960198,122.02094130574805,1,0.0
2151,3157,0.03994874159375275,6.0,6.0,6.0,6,0.00015207875147198817,352.99137054988716,1,0.0
2152,2187,0.03994532687490921,6.0,6.0,6.0,4,0.0001542566827250735,70.64582104591646,1,0.0
2153,321,0.03994232050916042,5.0,5.0,5.0,5,0.0001850289180239369,270.91056003068513,1,0.0
2154,1931,0.03993047741861517,6.0,6.0,6.0,6,0.000150247084020189,456.3522447992213,1,0.0
2155,816,0.03992960709038601,6.0,6.0,6.0,4,0.00015348591357729476,63.1681711558769,1,0.0
2156,2351,0.039915643606816154,6.0,6.0,6.0,6,0.00014985137093619636,409.6043087788667,1,0.0
2157,3095,0.039915308545471685,6.0,6.0,6.0,5,0.00015184711293515283,168.60396312915807,1,0.0
2158,1673,0.03991178310851031,6.0,6.0,6.0,6,0.0001493089109723014,450.03993440778186,1,0.0
2159,311,0.03991147705674056,6.0,6.0,6.0,6,0.00015135350467250657,203.37647371247436,1,0.0
2160,1500,0.03990157151311456,5.0,5.0,5.0,5,0.0001661670219433685,2270.002771275565,1,0.0
2161,3133,0.03989643616615127,6.0,6.0,6.0,6,0.0001497247655796853,302.89823783391853,1,0.0
2162,1971,0.03989465577279951,6.0,6.0,6.0,5,0.0001508231708704738,160.13225305439482,1,0.0
2163,320,0.03989100567854431,6.0,6.0,6.0,5,0.00015029108283638235,200.6613284418213,1,0.0
2164,2544,0.03989039624408411,6.0,6.0,6.0,6,0.0001476637015636821,511.2716534194814,1,0.0
2165,2326,0.039886579579591304,5.0,5.0,5.0,4,0.00015111138126533796,3976.929392610836,1,0.0
2166,3575,0.03988430624611686,6.0,6.0,6.0,6,0.00014630871451095642,634.8155219774201,1,0.0
2167,3577,0.03986621092433192,6.0,6.0,6.0,6,0.0001490150852976435,196.080273362723,1,0.0
2168,1626,0.039837028597791826,6.0,6.0,6.0,6,0.00014597697419109178,374.57379408684733,1,0.0
2169,1983,0.0398143181153309,6.0,6.0,6.0,5,0.00014188263895535046,720.5489986848936,1,0.0
2170,1006,0.03980558881281553,6.0,6.0,6.0,5,0.00014687539874479283,67.57280945690857,1,0.0
2171,3544,0.03980012977713373,6.0,6.0,6.0,6,0.00014404430266898473,371.79836821426386,1,0.0
2172,2033,0.03978963576785131,5.0,5.0,5.0,5,0.00016889745643420233,1233.0258730482851,1,0.0
2173,1510,0.03978840908116474,4.0,4.0,4.0,4,0.00018326017641175882,3408.6712136128504,1,0.0
2174,3826,0.039788170824382324,6.0,6.0,6.0,6,0.00014553740779713316,117.2130476192305,1,0.0
2175,1128,0.03978183785100481,5.0,5.0,5.0,4,0.00016859207799415355,1220.1041416758976,1,0.0
2176,1670,0.03977150614223258,4.0,4.0,4.0,4,0.00019652241040968687,1714.0473241737286,1,0.0
2177,2131,0.03977027224779082,6.0,6.0,6.0,4,0.00014550935620047162,7.014829130592336,1,0.0
2178,1795,0.03976774859951821,5.0,5.0,5.0,5,0.00016386112598414652,1696.973913717447,1,0.0
2179,114,0.039766698725249135,5.0,5.0,5.0,5,0.0001685675566037761,1126.9904520121327,1,0.0
2180,3001,0.03974178106808075,6.0,6.0,6.0,6,0.00014239667334587305,198.81891377847765,1,0.0
2181,1964,0.03973475038144768,6.0,6.0,6.0,6,0.0001423413993682852,160.8292674820468,1,0.0
2182,1870,0.039732604413948595,5.0,5.0,5.0,5,0.00017157202620066017,551.071097701515,1,0.0
2183,1099,0.039696925570569495,4.0,4.0,4.0,3,0.00019274453331330152,1693.060262886135,1,0.0
2184,197,0.03969381266030989,6.0,6.0,6.0,5,0.0001400522624308039,175.09553108335746,1,0.0
2185,659,0.039686075027889525,5.0,5.0,5.0,3,0.000173504107742286,24.615019304260553,1,0.0
2186,538,0.03968004055775964,6.0,6.0,6.0,5,0.000140669690763417,13.81846649308984,1,0.0
2187,1014,0.039665191967346435,5.0,5.0,5.0,5,0.00017036297692695355,268.09307054198723,1,0.0
2188,849,0.03966482608628047,5.0,5.0,5.0,3,0.00017204922197967048,63.941536377777126,1,0.0
2189,774,0.039654121055780825,5.0,5.0,5.0,4,0.0001711765331235846,100.47848975961686,1,0.0
2190,2034,0.0396527742457451,6.0,6.0,6.0,5,0.00013899852848714856,40.854957366540106,1,0.0
2191,2271,0.039644993194767233,5.0,5.0,5.0,5,0.00015787856029264225,1634.2301644024153,1,0.0
2192,2225,0.03963702850947122,5.0,5.0,5.0,3,0.00016797150086819075,375.65358737837533,1,0.0
2193,822,0.039629772743345504,4.0,4.0,4.0,4,0.00018798808468543286,1836.3250983863065,1,0.0
2194,160,0.03961185353543387,5.0,5.0,5.0,4,0.00015172063243717218,2161.0342395122166,1,0.0
2195,3107,0.03960363633506244,6.0,6.0,6.0,5,0.0001360950055638447,76.63307652210908,1,0.0
2196,361,0.03958939923996687,5.0,5.0,5.0,4,0.00016678821986450512,215.1037389994667,1,0.0
2197,1092,0.03957822066453695,5.0,5.0,5.0,4,0.00015689950467298963,1327.7835972692292,1,0.0
2198,1915,0.03956748063639782,5.0,5.0,5.0,5,0.0001611740998656942,748.0091952215865,1,0.0
2199,233,0.039565967864467075,6.0,6.0,6.0,5,0.00013440544250016448,39.87651603232143,1,0.0
2200,3559,0.03955493534084652,5.0,5.0,5.0,5,0.0001570450632714246,1162.6299157074582,1,0.0
2201,3850,0.03955170658076808,6.0,6.0,6.0,5,0.00013391847668125292,7.683161578229647,1,0.0
2202,417,0.039546671939614926,5.0,5.0,5.0,5,0.00015820569407916125,971.285216004733,1,0.0
2203,3407,0.03954422977490382,6.0,6.0,6.0,6,0.00013357008862554084,1.9465993937849044,1,0.0
2204,2081,0.03952292560757198,5.0,5.0,5.0,5,0.00015550438219412766,1143.9546623264293,1,0.0
2205,44,0.03951960833150082,4.0,4.0,4.0,3,0.0001833558717846518,1691.8370934468066,1,0.0
2206,1602,0.039502357402524245,5.0,5.0,5.0,5,0.00015332503641373658,1274.3121981609959,1,0.0
2207,362,0.03949787408214104,5.0,5.0,5.0,4,0.00016347853653469173,30.574301171779688,1,0.0
2208,657,0.03949072298627305,5.0,5.0,5.0,3,0.00016334346014770416,1.3724494229699666,1,0.0
2209,965,0.03947697374357558,5.0,5.0,5.0,5,0.00015276115660503678,1180.7600169059058,1,0.0
2210,1782,0.03946698694241573,5.0,5.0,5.0,5,0.00015957242105994139,302.1450799211682,1,0.0
2211,2741,0.039463465103848766,6.0,6.0,6.0,6,0.00012914127726350425,19.636821921207982,1,0.0
2212,854,0.03945449755698842,5.0,5.0,5.0,4,0.00015643880574311357,597.9764383329942,1,0.0
2213,1917,0.039446826337090984,5.0,5.0,5.0,5,0.00015963331478562203,166.94958697793035,1,0.0
2214,578,0.039445764639249314,5.0,5.0,5.0,5,0.00015922209189188658,209.43388662348312,1,0.0
2215,915,0.03944166484146724,5.0,5.0,5.0,5,0.00015260818536340937,975.055582865317,1,0.0
2216,1751,0.03940731990862006,5.0,5.0,5.0,5,0.00015031181465667494,1032.0149738877683,1,0.0
2217,728,0.03939972538009187,1.0,1.0,1.0,1,0.0002889505316689783,0.0,1,0.0
2218,729,0.03939972538009187,1.0,1.0,1.0,1,0.0002889505316689783,0.0,1,0.0
2219,2175,0.03939972538009187,1.0,1.0,1.0,1,0.0002889505316689783,0.0,1,0.0
2220,2176,0.03939972538009187,1.0,1.0,1.0,1,0.0002889505316689783,0.0,1,0.0
2221,2392,0.03939972538009187,1.0,1.0,1.0,1,0.0002889505316689783,0.0,1,0.0
2222,2393,0.03939972538009187,1.0,1.0,1.0,1,0.0002889505316689783,0.0,1,0.0
2223,2495,0.03939972538009187,1.0,1.0,1.0,1,0.0002889505316689783,0.0,1,0.0
2224,2496,0.03939972538009187,1.0,1.0,1.0,1,0.0002889505316689783,0.0,1,0.0
2225,2507,0.03939972538009187,1.0,1.0,1.0,1,0.0002889505316689783,0.0,1,0.0
2226,2508,0.03939972538009187,1.0,1.0,1.0,1,0.0002889505316689783,0.0,1,0.0
2227,2558,0.03939972538009187,1.0,1.0,1.0,1,0.0002889505316689783,0.0,1,0.0
2228,2559,0.03939972538009187,1.0,1.0,1.0,1,0.0002889505316689783,0.0,1,0.0
2229,2599,0.03939972538009187,1.0,1.0,1.0,1,0.0002889505316689783,0.0,1,0.0
2230,2600,0.03939972538009187,1.0,1.0,1.0,1,0.0002889505316689783,0.0,1,0.0
2231,2613,0.03939972538009187,1.0,1.0,1.0,1,0.0002889505316689783,0.0,1,0.0
2232,2614,0.03939972538009187,1.0,1.0,1.0,1,0.0002889505316689783,0.0,1,0.0
2233,2823,0.03939972538009187,1.0,1.0,1.0,1,0.0002889505316689783,0.0,1,0.0
2234,2824,0.03939972538009187,1.0,1.0,1.0,1,0.0002889505316689783,0.0,1,0.0
2235,2859,0.03939972538009187,1.0,1.0,1.0,1,0.0002889505316689783,0.0,1,0.0
2236,2861,0.03939972538009187,1.0,1.0,1.0,1,0.0002889505316689783,0.0,1,0.0
2237,2883,0.03939972538009187,1.0,1.0,1.0,1,0.0002889505316689783,0.0,1,0.0
2238,2884,0.03939972538009187,1.0,1.0,1.0,1,0.0002889505316689783,0.0,1,0.0
2239,1524,0.03939347026336328,5.0,5.0,5.0,5,0.0001552524413130076,352.7931945374295,1,0.0
2240,2963,0.03938865084786035,4.0,4.0,4.0,3,0.0001764190881257505,1691.268421675638,1,0.0
2241,236,0.03938160851781933,5.0,5.0,5.0,4,0.00013978086904507271,2129.362720055707,1,0.0
2242,859,0.03937996805950548,5.0,5.0,5.0,3,0.0001574724520960169,1.4119922998921037,1,0.0
2243,2046,0.03937641106277893,4.0,4.0,4.0,4,0.0001515270948240138,4592.989633632518,1,0.0
2244,1494,0.039375383160448564,5.0,5.0,5.0,4,0.0001570083719477571,27.87028208132618,1,0.0
2245,1402,0.03937199647246155,5.0,5.0,5.0,5,0.00015644012205194666,74.39880257136925,1,0.0
2246,678,0.039366799720940426,4.0,4.0,4.0,4,0.0001752350355649113,1694.3578339401458,1,0.0
2247,2163,0.039366330197361236,5.0,5.0,5.0,4,0.00015510993646735284,197.66239934493888,1,0.0
2248,1591,0.03935715273542891,5.0,5.0,5.0,5,0.00015399803749810968,272.5224269762872,1,0.0
2249,3728,0.03935644576523517,5.0,5.0,5.0,5,0.00015028122910431188,712.9097826944601,1,0.0
2250,1823,0.03935341293037468,5.0,5.0,5.0,5,0.00015335334429648253,325.96029165560066,1,0.0
2251,522,0.03935078644231299,5.0,5.0,5.0,4,0.00015575097816378935,22.318924813178217,1,0.0
2252,3629,0.03934647943312312,4.0,4.0,4.0,4,0.00017371088547756103,1747.8664979670825,1,0.0
2253,1839,0.0393355435004532,5.0,5.0,5.0,4,0.00015407416398295284,126.31300333834508,1,0.0
2254,1703,0.03933323950610589,5.0,5.0,5.0,5,0.00015156951704293592,411.48202648250543,1,0.0
2255,937,0.039325652967332314,5.0,5.0,5.0,4,0.00015254943292566036,246.0617662837915,1,0.0
2256,2137,0.039314464257524113,5.0,5.0,5.0,5,0.00014660281308596657,886.8395962455719,1,0.0
2257,2475,0.039303118589651895,5.0,5.0,5.0,4,0.00015270302997554341,84.71024918017628,1,0.0
2258,735,0.039301980135213965,5.0,5.0,5.0,5,0.0001524714745114089,105.20279937140931,1,0.0
2259,2001,0.0392976452743147,5.0,5.0,5.0,4,0.00014913848399845863,476.63338227399754,1,0.0
2260,367,0.03929684226382392,5.0,5.0,5.0,5,0.00015159308674326787,177.74216556617628,1,0.0
2261,952,0.039293297860346355,4.0,4.0,4.0,4,0.0001707170931559546,1768.794532606302,1,0.0
2262,1457,0.039289344174930046,5.0,5.0,5.0,5,0.0001501773302148992,299.62616567034723,1,0.0
2263,2747,0.03928058911878987,5.0,5.0,5.0,5,0.0001422499627537237,1192.9239468318829,1,0.0
2264,1575,0.039277291207942246,5.0,5.0,5.0,5,0.0001508074259246856,147.73980380850708,1,0.0
2265,2426,0.03927636755387433,5.0,5.0,5.0,4,0.00015149029279833584,60.145990026164434,1,0.0
2266,2146,0.03927590062574954,3.0,3.0,3.0,2,0.00020313097529318477,1681.265625,1,0.0
2267,1373,0.03926178842111802,5.0,5.0,5.0,5,0.00014435701111509378,821.4476785896017,1,0.0
2268,234,0.03925474996187531,5.0,5.0,5.0,5,0.00014573626821144138,611.7066608955963,1,0.0
2269,3127,0.03924885150121934,5.0,5.0,5.0,5,0.0001504113879353965,14.709483107383987,1,0.0
2270,2025,0.03923987541616851,2.0,2.0,2.0,2,0.00023382617882466793,1681.265625,1,0.0
2271,1634,0.03923559029001346,2.0,2.0,2.0,2,0.0002335990413490811,1681.265625,1,0.0
2272,1541,0.039234842503927204,5.0,5.0,5.0,5,0.00014809120786874524,203.53802643197585,1,0.0
2273,3029,0.03923338735850708,4.0,4.0,4.0,4,0.00011816993532161832,7678.17867609278,1,0.0
2274,1817,0.03923032878995195,4.0,4.0,4.0,4,0.00017736387402891567,573.7261439999347,1,0.0
2275,2459,0.039228296930724424,5.0,5.0,5.0,5,0.00014243100586128636,839.4918274889545,1,0.0
2276,2013,0.039225732528966016,5.0,5.0,5.0,5,0.00014638623474024772,349.81251927431464,1,0.0
2277,370,0.039220002653741697,5.0,5.0,5.0,4,0.00014780015429010106,144.22486286653347,1,0.0
2278,2713,0.039219318233742,5.0,5.0,5.0,5,0.00014632147637187216,316.8687149490011,1,0.0
2279,1707,0.03921799454922829,5.0,5.0,5.0,5,0.0001464855051640429,288.8377745383763,1,0.0
2280,240,0.039216620435206344,5.0,5.0,5.0,4,0.00013157171920520096,2065.1824320571204,1,0.0
2281,2341,0.03921037899081312,5.0,5.0,5.0,4,0.00014737990940251567,133.46847164514878,1,0.0
2282,1754,0.039196161157156434,5.0,5.0,5.0,5,0.0001423909896688323,640.3991691993757,1,0.0
2283,2294,0.03918481731433928,5.0,5.0,5.0,5,0.0001412641721811072,703.3004336421463,1,0.0
2284,2367,0.03918128013226986,5.0,5.0,5.0,5,0.00014360179680949575,401.06389024209494,1,0.0
2285,2178,0.03918066418258551,5.0,5.0,5.0,5,0.0001462365996743103,81.7909290183872,1,0.0
2286,2015,0.03918039150509605,5.0,5.0,5.0,4,0.0001460336213934837,104.3558530929142,1,0.0
2287,2035,0.03916636747172536,5.0,5.0,5.0,4,0.00014511127330471476,125.77953508945366,1,0.0
2288,3514,0.03916340946613998,5.0,5.0,5.0,5,0.00014355791371440218,292.9376524921253,1,0.0
2289,1437,0.03915863692294315,5.0,5.0,5.0,5,0.00014329909277867377,293.6375429784551,1,0.0
2290,2077,0.03915546374201659,5.0,5.0,5.0,5,0.00014317350232520345,288.5377931373471,1,0.0
2291,1698,0.03914782415957708,5.0,5.0,5.0,5,0.00014109972862096415,488.28356898565073,1,0.0
2292,1594,0.039145176371621085,4.0,4.0,4.0,4,0.00016248826301739215,1813.9782810136596,1,0.0
2293,1728,0.03913740366518623,5.0,5.0,5.0,5,0.00014170982994715344,349.147440359365,1,0.0
2294,1400,0.03913448901051465,5.0,5.0,5.0,4,0.00014022059028492094,508.9059435758188,1,0.0
2295,271,0.03913228135401437,5.0,5.0,5.0,5,0.00013895486845227943,646.3966058809864,1,0.0
2296,975,0.039122727730733345,4.0,4.0,4.0,4,0.0001623178866525915,1691.9477759628141,1,0.0
2297,1443,0.039120822372248024,5.0,5.0,5.0,5,0.00014158489103225687,258.90324760096775,1,0.0
2298,900,0.039108505467882825,5.0,5.0,5.0,4,0.00014250354801677794,70.80385139862486,1,0.0
2299,2829,0.039096517786820786,5.0,5.0,5.0,4,0.00013825010587750853,503.8526654716721,1,0.0
2300,2215,0.039089859148462996,5.0,5.0,5.0,5,0.00014121677378825694,106.52082596547609,1,0.0
2301,907,0.03908761801869094,5.0,5.0,5.0,5,0.00013999606616371354,238.41127457282053,1,0.0
2302,1149,0.03908643358219824,5.0,5.0,5.0,3,0.000140554206809692,164.09169816680367,1,0.0
2303,3309,0.03907823248634343,5.0,5.0,5.0,5,0.00013976234799999387,206.83990144021857,1,0.0
2304,2087,0.039075616166630335,4.0,4.0,4.0,4,0.0001731253651190886,99.48309287444171,1,0.0
2305,938,0.039073537305762504,5.0,5.0,5.0,4,0.00014106266522738114,21.414066567007893,1,0.0
2306,590,0.03907088292317695,5.0,5.0,5.0,5,0.00014050673066014611,71.11457952173232,1,0.0
2307,693,0.03906591768795741,5.0,5.0,5.0,4,0.00014069627102314804,16.926641959733722,1,0.0
2308,2848,0.039064128243759405,5.0,5.0,5.0,5,0.00013909877491973102,196.7813757275072,1,0.0
2309,784,0.03905602420169996,5.0,5.0,5.0,5,0.00014000496519996615,36.902239727115294,1,0.0
2310,2674,0.039051179439552906,5.0,5.0,5.0,5,0.00013712790283432728,350.5267994786184,1,0.0
2311,2135,0.03904987936140958,5.0,5.0,5.0,5,0.00013951762672170066,56.24747322176273,1,0.0
2312,2205,0.03904797886880544,5.0,5.0,5.0,5,0.0001379489842579307,231.94411804199092,1,0.0
2313,2743,0.03904733106338299,4.0,4.0,4.0,3,0.00017218309432516293,32.81339872767705,1,0.0
2314,2588,0.03904063371701386,5.0,5.0,5.0,4,0.00013898109945612266,61.80746751642332,1,0.0
2315,437,0.03902737677096635,5.0,5.0,5.0,3,0.00013854646473294302,29.72241578439304,1,0.0
2316,1805,0.039026042674378085,5.0,5.0,5.0,5,0.00013700253704218432,206.05434142030984,1,0.0
2317,1907,0.03902532683974525,5.0,5.0,5.0,5,0.0001356275484660555,366.0880897274394,1,0.0
2318,1766,0.039024439891271794,5.0,5.0,5.0,5,0.00013408129969785465,545.5347176338025,1,0.0
2319,2711,0.03901426581183758,5.0,5.0,5.0,3,0.0001357364620103696,282.8763844995066,1,0.0
2320,1840,0.03900683130843173,5.0,5.0,5.0,5,0.00013433853699945195,403.02950448621965,1,0.0
2321,2229,0.03900532947878425,5.0,5.0,5.0,5,0.00013499580916646038,314.83099671287,1,0.0
2322,235,0.0390036693302204,5.0,5.0,5.0,5,0.00013597155243541241,187.5095701338129,1,0.0
2323,343,0.03900079005112481,3.0,3.0,3.0,3,0.00018556923290611487,2037.8555136826517,1,0.0
2324,1119,0.0389932762328899,5.0,5.0,5.0,5,0.0001334865291633723,419.0092700462521,1,0.0
2325,2486,0.03899113782497024,5.0,5.0,5.0,5,0.00013637998811086568,59.11812734813031,1,0.0
2326,2832,0.038976126440010826,4.0,4.0,4.0,4,0.00015418951324383388,1734.7523938293323,1,0.0
2327,2226,0.03897472763734472,5.0,5.0,5.0,5,0.00013381165675417514,262.41430564636585,1,0.0
2328,3536,0.03896573817120021,5.0,5.0,5.0,4,0.00013414070668278077,165.99683246297982,1,0.0
2329,2940,0.03896557660951894,5.0,5.0,5.0,5,0.00013389316415328013,194.60070913945088,1,0.0
2330,558,0.03896038745434272,5.0,5.0,5.0,3,0.00013494187111756867,36.156665271052404,1,0.0
2331,3489,0.038922973516527494,5.0,5.0,5.0,5,0.00013273848506278993,62.51552392004252,1,0.0
2332,1948,0.038921999491217885,5.0,5.0,5.0,5,0.0001329390727575161,32.3271498423374,1,0.0
2333,451,0.03892109503633373,5.0,5.0,5.0,4,0.00013303408061531618,15.217232567604741,1,0.0
2334,794,0.03891830066987197,5.0,5.0,5.0,5,0.0001325003634495729,61.370383690143285,1,0.0
2335,1534,0.03891781940717444,5.0,5.0,5.0,5,0.00013210730497231264,105.36306006169198,1,0.0
2336,3849,0.03891719774702657,5.0,5.0,5.0,5,0.0001325289969350148,50.945794828371795,1,0.0
2337,931,0.038911338844250125,5.0,5.0,5.0,5,0.0001315068230696752,136.12070985598413,1,0.0
2338,29,0.03890602319558024,5.0,5.0,5.0,5,0.00013161413930653222,89.55118793058257,1,0.0
2339,218,0.03890355705944662,5.0,5.0,5.0,4,0.00013073030949142282,179.6924879836445,1,0.0
2340,1156,0.03888465781978387,5.0,5.0,5.0,5,0.0001296278139373685,191.74813036963639,1,0.0
2341,868,0.03887598193603897,5.0,5.0,5.0,5,0.00012866926823268849,251.43519525158553,1,0.0
2342,2620,0.03887397231057507,5.0,5.0,5.0,5,0.00013004939696114587,73.49479548500204,1,0.0
2343,2457,0.03885893461440126,5.0,5.0,5.0,5,0.00012549597136657275,523.0987405146706,1,0.0
2344,2596,0.03885382048710726,5.0,5.0,5.0,5,0.000128393542579879,143.83623069097402,1,0.0
2345,1841,0.03884478790619825,4.0,4.0,4.0,4,0.00012382025817497642,4536.448258309207,1,0.0
2346,3686,0.038844699823809795,5.0,5.0,5.0,5,0.00012719737731125286,229.14262335062213,1,0.0
2347,174,0.03883692533452592,5.0,5.0,5.0,4,0.00012863236231800708,8.061743366894628,1,0.0
2348,582,0.03882374105941761,4.0,4.0,4.0,4,0.00015782586095152784,332.71606025107656,1,0.0
2349,1554,0.03881797185497844,4.0,4.0,4.0,4,0.0001576919774942652,312.1386996063236,1,0.0
2350,3384,0.03881437950905714,5.0,5.0,5.0,5,0.00012709346937207923,49.215304763651275,1,0.0
2351,842,0.038801837363156275,4.0,4.0,4.0,4,0.00015101785318070887,1008.6150474043693,1,0.0
2352,3501,0.038793874974478317,5.0,5.0,5.0,5,0.0001250359267571223,165.3979131459043,1,0.0
2353,741,0.03879003635868017,5.0,5.0,5.0,5,0.00012531915206556542,107.14435331707023,1,0.0
2354,667,0.038789279906677826,4.0,4.0,4.0,4,0.00015258142025469877,741.7988389362869,1,0.0
2355,824,0.038785877979934935,5.0,5.0,5.0,5,0.000125505901271741,58.40951742386065,1,0.0
2356,3225,0.03878582294049483,5.0,5.0,5.0,5,0.00012535275236957348,76.39104113469811,1,0.0
2357,650,0.03877583821848137,5.0,5.0,5.0,4,0.00012197738561002385,417.0487338596899,1,0.0
2358,3440,0.038761308882372586,5.0,5.0,5.0,5,0.0001243532228891853,40.499788279511655,1,0.0
2359,594,0.03875252856004659,5.0,5.0,5.0,4,0.0001241055860992599,14.434060912681078,1,0.0
2360,1051,0.03874776100551517,4.0,4.0,4.0,4,0.00014368124247631498,1543.66732574104,1,0.0
2361,1121,0.038742675516572324,5.0,5.0,5.0,4,0.00012325286485665257,53.98639698124109,1,0.0
2362,1871,0.03873749028048483,4.0,4.0,4.0,4,0.00015262756815019666,407.7010676635646,1,0.0
2363,3508,0.03873312575890385,5.0,5.0,5.0,5,0.00012298167255015273,25.858471739485587,1,0.0
2364,697,0.03872868852355555,5.0,5.0,5.0,5,0.0001227298627032276,27.846518116233423,1,0.0
2365,2030,0.03872109368691284,5.0,5.0,5.0,4,0.00012250678275990066,6.362728123018982,1,0.0
2366,2791,0.03871306187943768,4.0,4.0,4.0,4,0.00012779997532001746,3224.3845657792094,1,0.0
2367,1854,0.03870821137168482,5.0,5.0,5.0,4,0.00012127234207806241,72.38495217974695,1,0.0
2368,712,0.03869803250304101,5.0,5.0,5.0,4,0.00012114652883201279,22.864966436933518,1,0.0
2369,3156,0.03869060895707188,5.0,5.0,5.0,5,0.00012070978752331387,28.041494214055007,1,0.0
2370,1112,0.03867309993477075,3.0,3.0,3.0,3,0.00017108154007070144,1692.9201345950316,1,0.0
2371,1961,0.03867236425412114,3.0,3.0,3.0,3,0.00017097313969240038,1701.2273510568414,1,0.0
2372,1412,0.03865360740380656,4.0,4.0,4.0,4,0.00012695648260284816,2948.14087171139,1,0.0
2373,2045,0.03864682958326211,5.0,5.0,5.0,5,0.0001185921713546384,3.749485948871815,1,0.0
2374,1738,0.03864301991674449,3.0,3.0,3.0,3,0.00016957124094738518,1682.8512910487286,1,0.0
2375,3652,0.03863712794364507,5.0,5.0,5.0,4,0.00011810183798758125,0.8874176055508002,1,0.0
2376,3693,0.038635281528919305,5.0,5.0,5.0,5,0.00011799264226296296,2.242886740641123,1,0.0
2377,515,0.038631168950518394,4.0,4.0,4.0,4,0.00014978413669582442,73.49208556936978,1,0.0
2378,247,0.03862917787656109,4.0,4.0,4.0,3,0.0001500507097353623,28.953220039623204,1,0.0
2379,1034,0.03861783325869596,4.0,4.0,4.0,4,0.000149053950134758,76.28266363330172,1,0.0
2380,3026,0.03860547981703619,5.0,5.0,5.0,3,0.00011638105228272606,6.063446309373004,1,0.0
2381,1511,0.038599711567284,4.0,4.0,4.0,3,0.000146896496653586,219.54153100312936,1,0.0
2382,826,0.038593914972456636,4.0,4.0,4.0,3,0.00014813315344477108,34.74753314646629,1,0.0
2383,77,0.03858672921496257,5.0,5.0,5.0,3,0.00011540199454267342,4.287572304985304,1,0.0
2384,3467,0.038572874205989365,4.0,4.0,4.0,4,0.00014563458170059455,200.31578003970904,1,0.0
2385,1566,0.03851288454796533,4.0,4.0,4.0,4,0.00014243122240293848,203.1340965390595,1,0.0
2386,1164,0.038496622564694626,4.0,4.0,4.0,2,0.00014326637791403098,0.0,1,0.0
2387,1914,0.03848226142217946,3.0,3.0,3.0,3,0.00016102695792439523,1685.6180115094285,1,0.0
2388,1731,0.03848220367025109,2.0,2.0,2.0,2,0.00016557184381551534,5043.796875,1,0.0
2389,1829,0.03847935335695239,4.0,4.0,4.0,4,0.000133183387222295,1097.2916812089707,1,0.0
2390,1052,0.038477459140974106,3.0,3.0,3.0,3,0.00015977782945270262,1804.6612359686005,1,0.0
2391,1763,0.03847184870453766,4.0,4.0,4.0,4,0.0001396354056943545,277.4234064718191,1,0.0
2392,336,0.03845890105781228,4.0,4.0,4.0,3,0.00013927958755851952,237.86695005413213,1,0.0
2393,739,0.03844205452119557,4.0,4.0,4.0,3,0.00013986442485086417,60.98532894913208,1,0.0
2394,2420,0.038440281907387436,4.0,4.0,4.0,4,0.00013950756128520742,92.45290861623737,1,0.0
2395,1740,0.03843995646047561,4.0,4.0,4.0,4,0.00013307614075642543,860.1784704873285,1,0.0
2396,2423,0.038437575526705764,4.0,4.0,4.0,4,0.00013928242234812044,102.22989598717548,1,0.0
2397,2359,0.03842910005304656,4.0,4.0,4.0,4,0.00013021270833865652,1134.0313358044714,1,0.0
2398,3393,0.038414733288838133,4.0,4.0,4.0,4,0.00013703936423285334,225.78591653332293,1,0.0
2399,1941,0.03841070126413832,4.0,4.0,4.0,4,0.00012929552669228156,1127.0814255690254,1,0.0
2400,2289,0.0384030245744212,4.0,4.0,4.0,4,0.00013198615375413882,756.3305716481096,1,0.0
2401,2150,0.038402860204030734,4.0,4.0,4.0,4,0.00013287477598658304,648.9266649529075,1,0.0
2402,2031,0.03838975891125276,4.0,4.0,4.0,4,0.00013696138277610522,76.67217935782078,1,0.0
2403,1426,0.038387113951370525,4.0,4.0,4.0,4,0.00013510674975139884,281.8764393647494,1,0.0
2404,2660,0.0383577674384878,4.0,4.0,4.0,2,0.00013564408423401945,31.375649817904137,1,0.0
2405,3587,0.03835604068748198,4.0,4.0,4.0,3,0.00013413690623022905,200.81777002626367,1,0.0
2406,2202,0.03835436946674607,3.0,3.0,3.0,3,0.00016769834435167985,75.70762023023941,1,0.0
2407,1509,0.038347020728735554,2.0,2.0,2.0,2,0.00018649950688288865,1681.265625,1,0.0
2408,3334,0.0383369991105284,4.0,4.0,4.0,4,0.00013321445166895342,190.42088007074997,1,0.0
2409,1765,0.03832361216471339,3.0,3.0,3.0,3,0.0001526539556574626,1681.265625,1,0.0
2410,2538,0.03831623687216397,4.0,4.0,4.0,4,0.00012484604934895536,1060.3286599541527,1,0.0
2411,1124,0.03830366875809546,2.0,2.0,2.0,2,0.00018420159153183387,1681.265625,1,0.0
2412,972,0.03830247109497587,4.0,4.0,4.0,3,0.00012760575721416204,642.6777569917235,1,0.0
2413,3673,0.03830230263310967,4.0,4.0,4.0,3,0.00012961238730996376,401.43116613848787,1,0.0
2414,1072,0.03830149359291017,3.0,3.0,3.0,3,0.0001512914692200027,1704.0153874381426,1,0.0
2415,2598,0.03829167752135209,4.0,4.0,4.0,4,0.00012731978410846393,608.4277078612889,1,0.0
2416,1492,0.03829049323603399,4.0,4.0,4.0,4,0.0001297355435775879,311.7667640350301,1,0.0
2417,1974,0.03828926780441822,4.0,4.0,4.0,4,0.0001259365201480056,758.7052833796987,1,0.0
2418,1545,0.03828874258600434,4.0,4.0,4.0,4,0.00012943439655565533,336.70485977177566,1,0.0
2419,3436,0.0382864142117725,4.0,4.0,4.0,4,0.00013169075100508972,51.8648794324871,1,0.0
2420,2194,0.03827222101293617,4.0,4.0,4.0,4,0.00013015575358819466,145.54460170834,1,0.0
2421,345,0.0382612854705149,4.0,4.0,4.0,3,0.00013057613412649927,25.84888352431826,1,0.0
2422,1654,0.03825303231900203,4.0,4.0,4.0,4,0.000128162640499685,262.36372640516043,1,0.0
2423,999,0.0382527959946697,3.0,3.0,3.0,3,0.00011765502306091295,5421.075620184201,1,0.0
2424,373,0.038242914854478255,4.0,4.0,4.0,4,0.0001294632591778785,42.50065863852534,1,0.0
2425,3273,0.03824240262733221,4.0,4.0,4.0,4,0.00012563343717727173,497.65038029541876,1,0.0
2426,1861,0.03823571065344269,4.0,4.0,4.0,4,0.00012659220281560328,340.43711724394046,1,0.0
2427,1994,0.03823219883406483,4.0,4.0,4.0,4,0.00012210932897530242,854.7213747067613,1,0.0
2428,1945,0.03822257362714765,4.0,4.0,4.0,4,0.00012375100898872834,597.159034620336,1,0.0
2429,1404,0.03822235887143241,4.0,4.0,4.0,4,0.00012803902087596487,82.55532432532934,1,0.0
2430,980,0.03822070102384148,4.0,4.0,4.0,3,0.0001285744295249373,7.953078189849506,1,0.0
2431,1655,0.03821460595427411,4.0,4.0,4.0,4,0.00012758381483035988,87.85227213865828,1,0.0
2432,2698,0.03820921754855705,4.0,4.0,4.0,4,0.0001233756637803457,557.3485586911538,1,0.0
2433,1938,0.038197002290955184,4.0,4.0,4.0,4,0.00012439538407751024,357.7975687857835,1,0.0
2434,38,0.03817713683809778,4.0,4.0,4.0,4,0.00012612546530404715,24.686058921629563,1,0.0
2435,1520,0.03817050551324584,4.0,4.0,4.0,4,0.00012561665531828965,43.51480871747014,1,0.0
2436,2585,0.038170229185587996,4.0,4.0,4.0,4,0.000120696855051518,630.62297607631,1,0.0
2437,1435,0.038164692376400446,4.0,4.0,4.0,4,0.0001252177024692687,54.38543943139015,1,0.0
2438,2024,0.03816414288692655,2.0,2.0,2.0,2,0.00016275929437234722,3362.53125,1,0.0
2439,2629,0.03815802691618774,4.0,4.0,4.0,4,0.00011741307164604663,946.2498503117432,1,0.0
2440,1540,0.038157975053013084,4.0,4.0,4.0,4,0.0001214897535599661,457.97412740448937,1,0.0
2441,1635,0.038157702601713805,2.0,2.0,2.0,2,0.00016241792049621125,3362.53125,1,0.0
2442,1160,0.03815753298086143,4.0,4.0,4.0,4,0.00012524703011715114,5.4530645168257745,1,0.0
2443,469,0.03814851812184074,4.0,4.0,4.0,3,0.00012394609295853718,103.97109123695635,1,0.0
2444,973,0.0381447160283897,4.0,4.0,4.0,4,0.00012166276546908626,353.1453775202862,1,0.0
2445,2083,0.03813923925193792,4.0,4.0,4.0,4,0.0001196793492165294,555.7977904735309,1,0.0
2446,1629,0.038137528340360834,4.0,4.0,4.0,4,0.00012391109837660202,38.436070073678216,1,0.0
2447,1514,0.038136247816339425,4.0,4.0,4.0,3,0.00012369380373514406,56.32036561605851,1,0.0
2448,1690,0.03813595268817745,4.0,4.0,4.0,4,0.00012291223092289778,147.99605700797454,1,0.0
2449,2106,0.038135217082115515,4.0,4.0,4.0,4,0.0001227367774371732,164.3294749550465,1,0.0
2450,797,0.038134998271967195,4.0,4.0,4.0,4,0.00012307568213839045,122.37703470613901,1,0.0
2451,252,0.03811974295821544,2.0,2.0,2.0,2,0.00017445241720921533,1681.265625,1,0.0
2452,1835,0.03811529492473126,4.0,4.0,4.0,4,0.00012253184897492112,62.46361170469419,1,0.0
2453,405,0.03810253554973727,4.0,4.0,4.0,3,0.00012232225954225063,6.5992041109165465,1,0.0
2454,754,0.03809804864922641,4.0,4.0,4.0,4,0.00012148083208463155,78.84473380382542,1,0.0
2455,2207,0.03809433077170103,4.0,4.0,4.0,4,0.00012035305380233694,190.24319077027644,1,0.0
2456,2476,0.038092890661276434,4.0,4.0,4.0,3,0.00011754941674057735,516.679801354935,1,0.0
2457,3180,0.0380920714632659,4.0,4.0,4.0,4,0.00011311994748583232,1041.6550246390589,1,0.0
2458,2014,0.038091334236847615,4.0,4.0,4.0,4,0.00012178365737302706,0.0,1,0.0
2459,2616,0.03809130790389307,4.0,4.0,4.0,4,0.00012092179882447741,102.9906059821947,1,0.0
2460,3456,0.0380881149679622,4.0,4.0,4.0,4,0.00011755937332558754,485.18915620184316,1,0.0
2461,2246,0.03808767227168877,4.0,4.0,4.0,3,0.0001214214164710274,20.124399063911632,1,0.0
2462,3738,0.03808320412614914,4.0,4.0,4.0,4,0.00011560222875494231,688.2875730886552,1,0.0
2463,874,0.03807640450219389,4.0,4.0,4.0,3,0.00012076643333905607,27.033451125555832,1,0.0
2464,2675,0.03807398004800091,4.0,4.0,4.0,4,0.00012011605303812043,89.49713199697969,1,0.0
2465,2071,0.038052377773179165,4.0,4.0,4.0,4,0.00011784355374442083,224.4438540731587,1,0.0
2466,506,0.0380492848269775,3.0,3.0,3.0,2,0.00015192717501489935,27.812499999999996,1,0.0
2467,534,0.03804257379037077,4.0,4.0,4.0,3,0.0001188660366187907,39.860303199816336,1,0.0
2468,34,0.038039908445997535,4.0,4.0,4.0,2,0.00011905387479009629,0.4675377155172414,1,0.0
2469,1988,0.03803821206008429,4.0,4.0,4.0,4,0.00011858401988346402,45.942910448998,1,0.0
2470,533,0.03803617969077634,4.0,4.0,4.0,4,0.00011820825482870433,78.02485589776262,1,0.0
2471,3492,0.038034915667832264,4.0,4.0,4.0,3,0.00011733569050802759,174.4444549732095,1,0.0
2472,908,0.03803366304837134,4.0,4.0,4.0,4,0.0001184230133049451,36.35336730240545,1,0.0
2473,2210,0.038029339334370825,4.0,4.0,4.0,4,0.00011789585351673889,72.01885574258266,1,0.0
2474,2671,0.03802658152590789,2.0,2.0,2.0,1,0.00018356088689190498,0.0,1,0.0
2475,2132,0.038025708285262506,4.0,4.0,4.0,3,0.00011725587449910066,125.58246125919135,1,0.0
2476,3158,0.03801919813920608,4.0,4.0,4.0,4,0.00011753426147504043,50.95874852877897,1,0.0
2477,263,0.03801503720816636,4.0,4.0,4.0,3,0.0001176081580686467,15.71528777803493,1,0.0
2478,1159,0.03801320970342432,4.0,4.0,4.0,4,0.00011540911073837976,267.329488994292,1,0.0
2479,1951,0.03801164825190472,4.0,4.0,4.0,4,0.00011691254156870253,77.47419569991689,1,0.0
2480,1009,0.038005073438044046,4.0,4.0,4.0,4,0.0001169302832801919,33.637387461622765,1,0.0
2481,186,0.037999288516853115,4.0,4.0,4.0,4,0.00011528071932219712,194.37531880811048,1,0.0
2482,2094,0.03799731546603414,4.0,4.0,4.0,4,0.00011661704834158994,21.90944314034766,1,0.0
2483,761,0.037994918899351006,4.0,4.0,4.0,3,0.00011598574329318336,82.26689627116403,1,0.0
2484,698,0.03798416160432655,4.0,4.0,4.0,4,0.00011581347747795904,34.637147043471316,1,0.0
2485,1663,0.03798246157803661,4.0,4.0,4.0,4,0.00011409126469463134,229.98678725064556,1,0.0
2486,1107,0.037980155322281065,4.0,4.0,4.0,2,0.00011300653255744321,345.1888566849255,1,0.0
2487,760,0.0379791729127348,4.0,4.0,4.0,4,0.00011473327287245936,132.27885410319578,1,0.0
2488,1859,0.03797833569813275,4.0,4.0,4.0,4,0.00011456731198905735,146.8314369254114,1,0.0
2489,2630,0.03797434227570635,4.0,4.0,4.0,4,0.0001122070204750531,404.00384209380735,1,0.0
2490,2619,0.03796869878693347,3.0,3.0,3.0,3,0.00014774123437338705,17.566319247797992,1,0.0
2491,3120,0.03796739373223859,4.0,4.0,4.0,4,0.00011449749682279398,85.76752647956667,1,0.0
2492,1522,0.03796545607111077,4.0,4.0,4.0,4,0.0001140763926956461,123.87706822373237,1,0.0
2493,1104,0.037960584162820235,4.0,4.0,4.0,2,0.0001148531165504793,0.0,1,0.0
2494,1448,0.03795537329626626,4.0,4.0,4.0,4,0.0001138527393612911,86.67742735731744,1,0.0
2495,257,0.03795261803751426,4.0,4.0,4.0,3,0.00011440889325622033,2.6297207744343822,1,0.0
2496,2044,0.03795191973068664,4.0,4.0,4.0,4,0.0001128047214209939,190.2061016257185,1,0.0
2497,378,0.03794725341557515,4.0,4.0,4.0,3,0.00011197157857437548,260.32175026841026,1,0.0
2498,2473,0.037939471712191225,4.0,4.0,4.0,3,0.00011350284242879419,27.67128218613177,1,0.0
2499,3420,0.03793446966000155,4.0,4.0,4.0,4,0.00011227090382727651,143.38958719561316,1,0.0
2500,47,0.03793382622009019,4.0,4.0,4.0,4,0.00011301850263172684,49.82566306779578,1,0.0
2501,355,0.03793331501572307,4.0,4.0,4.0,4,0.00011225584064141297,137.86700377044548,1,0.0
2502,1141,0.037932433790884575,4.0,4.0,4.0,3,0.00011152800820096831,219.39196318071785,1,0.0
2503,3816,0.037929694853127895,4.0,4.0,4.0,4,0.00011201068808184346,144.2420637291886,1,0.0
2504,2567,0.037925419860422395,4.0,4.0,4.0,4,0.00011296378290479985,3.0418539458100344,1,0.0
2505,2325,0.03792419700665386,4.0,4.0,4.0,2,0.00011213055205840406,95.01474009767166,1,0.0
2506,2374,0.037923349971567565,4.0,4.0,4.0,4,0.00011205572355232871,98.59719079264717,1,0.0
2507,1847,0.03791360167945057,4.0,4.0,4.0,3,0.00011232495444314154,4.525287413620478,1,0.0
2508,3364,0.03791043083892126,4.0,4.0,4.0,3,0.00011181432240860879,45.52682734554987,1,0.0
2509,1902,0.03791013878103243,4.0,4.0,4.0,4,0.00011147582816710514,84.18898636929323,1,0.0
2510,2714,0.03790765526281381,4.0,4.0,4.0,2,0.00011202228083218005,3.0264718191964284,1,0.0
2511,2278,0.03790412530423056,4.0,4.0,4.0,4,0.00011073843608363318,134.29708767250133,1,0.0
2512,473,0.03790246583301486,3.0,3.0,3.0,3,0.00013286022329614023,1378.4974981900161,1,0.0
2513,3401,0.03789850385602541,4.0,4.0,4.0,4,0.00011022864315023946,159.65055243668246,1,0.0
2514,1727,0.037897578013871995,4.0,4.0,4.0,4,0.00011067876027922285,99.90116585519628,1,0.0
2515,2865,0.03789485669086907,4.0,4.0,4.0,4,0.00011081774696954274,66.00038651388383,1,0.0
2516,1024,0.03788284810874751,4.0,4.0,4.0,4,0.00010895610797129795,212.63661830481524,1,0.0
2517,3534,0.03787851006644459,4.0,4.0,4.0,4,0.00011038218592714414,14.424044780276919,1,0.0
2518,3093,0.03787391700676077,2.0,2.0,2.0,2,0.00016142216231665237,1681.265625,1,0.0
2519,3070,0.037871807363273315,4.0,4.0,4.0,4,0.00010998322439812363,19.651947631700732,1,0.0
2520,1018,0.03786511783068065,2.0,2.0,2.0,2,0.00016106903194947953,1667.70703125,1,0.0
2521,3603,0.037864334159243354,4.0,4.0,4.0,4,0.0001088602318166353,106.65229121540489,1,0.0
2522,805,0.037860204986631,4.0,4.0,4.0,3,0.00010930263345279925,27.503170633420243,1,0.0
2523,3441,0.03785025104164417,4.0,4.0,4.0,4,0.00010891638225161952,10.58256087187381,1,0.0
2524,603,0.03785010323380592,4.0,4.0,4.0,4,0.00010891028338877512,10.37479425401187,1,0.0
2525,353,0.037842943735946655,4.0,4.0,4.0,3,0.00010851044644067869,12.809388522359566,1,0.0
2526,806,0.03784134481971355,4.0,4.0,4.0,3,0.00010775599049063457,92.96764906325447,1,0.0
2527,933,0.03784086598751417,4.0,4.0,4.0,3,0.00010838486427837224,14.658510909115572,1,0.0
2528,2455,0.037837435013689864,2.0,2.0,2.0,2,0.000159488397122662,1681.265625,1,0.0
2529,1641,0.03783653121585055,2.0,2.0,2.0,2,0.0001594404903978109,1681.265625,1,0.0
2530,485,0.03783094429309834,3.0,3.0,3.0,3,0.00013925320640582558,159.54639204044358,1,0.0
2531,2335,0.03782867621891883,4.0,4.0,4.0,4,0.00010775626826091776,12.559700050251939,1,0.0
2532,3139,0.037822663664123325,4.0,4.0,4.0,4,0.00010563894927468851,227.8400210091701,1,0.0
2533,2692,0.03782053090839871,4.0,4.0,4.0,4,0.00010681933243621809,73.02640275868913,1,0.0
2534,3074,0.037820250110268475,4.0,4.0,4.0,3,0.00010675231191322425,79.26673458102113,1,0.0
2535,447,0.03782007327929933,4.0,4.0,4.0,3,0.00010695236217824714,54.20040833947917,1,0.0
2536,3767,0.0378173293974846,4.0,4.0,4.0,4,0.00010681918453985538,52.7324310544955,1,0.0
2537,266,0.03781526541712029,4.0,4.0,4.0,2,0.0001059931189538996,138.51124638001758,1,0.0
2538,1668,0.037809689430578296,4.0,4.0,4.0,4,0.00010656758986653393,34.37530485860353,1,0.0
2539,3706,0.037809468440162565,4.0,4.0,4.0,3,0.00010677391317481001,8.277979498401699,1,0.0
2540,495,0.03779486643455536,4.0,4.0,4.0,4,0.00010499157388476721,128.9689391116424,1,0.0
2541,2347,0.03778873528963645,2.0,2.0,2.0,2,0.00015690701865607467,1681.265625,1,0.0
2542,348,0.037786331596918764,4.0,4.0,4.0,3,0.00010531044649882009,36.653956461993054,1,0.0
2543,3031,0.03778550321293447,4.0,4.0,4.0,4,0.0001048231493700556,89.72397923658245,1,0.0
2544,3166,0.037778377333386695,4.0,4.0,4.0,4,0.00010493948972813532,30.58950791004156,1,0.0
2545,282,0.037775159336325935,4.0,4.0,4.0,4,0.00010492181950228868,12.288226138970824,1,0.0
2546,53,0.03777283556983547,3.0,3.0,3.0,2,0.00013728337157615844,26.65496271306818,1,0.0
2547,2910,0.037760551106630375,4.0,4.0,4.0,4,0.00010421383820584843,4.347516688956024,1,0.0
2548,3857,0.0377565614208821,4.0,4.0,4.0,4,0.00010373865080751663,35.91152950972634,1,0.0
2549,2580,0.037752378294629525,4.0,4.0,4.0,4,0.00010350057583298875,37.86779032769129,1,0.0
2550,596,0.03774345622634117,3.0,3.0,3.0,3,0.00013541365023984875,64.05148538573181,1,0.0
2551,3103,0.037742335714498365,3.0,3.0,3.0,3,0.0001358545695137356,4.16794668079096,1,0.0
2552,1013,0.03773343869013822,3.0,3.0,3.0,2,0.00013502587701332033,46.90960178961335,1,0.0
2553,448,0.037730683226062156,4.0,4.0,4.0,4,0.0001022992248002969,44.0177902778328,1,0.0
2554,1724,0.03771579934669038,2.0,2.0,2.0,2,0.0001530409747262414,1681.265625,1,0.0
2555,286,0.0377083213223838,4.0,4.0,4.0,3,0.00010139827016853565,9.982039223326883,1,0.0
2556,1856,0.037703655740086814,3.0,3.0,3.0,3,0.00012686634079273128,834.586730945409,1,0.0
2557,1166,0.03770197177528776,2.0,2.0,2.0,2,0.00015230803022280313,1681.265625,1,0.0
2558,324,0.037701631552692794,4.0,4.0,4.0,4,0.00010111331304014236,1.6465694038129015,1,0.0
2559,1102,0.03769596932570696,3.0,3.0,3.0,3,0.0001284160303424749,600.3354042043816,1,0.0
2560,2503,0.03769344308409191,2.0,2.0,2.0,2,0.0001518559582608143,1681.265625,1,0.0
2561,386,0.037667665293959596,4.0,4.0,4.0,2,9.932665361396092e-05,0.0,1,0.0
2562,556,0.037667067433679924,3.0,3.0,3.0,3,0.00012614420025124182,688.8903186366256,1,0.0
2563,2745,0.0376663895094486,3.0,3.0,3.0,2,0.00012830509153024215,425.94764615890335,1,0.0
2564,946,0.037656275150363655,3.0,3.0,3.0,2,0.0001303662149683248,115.07785706984092,1,0.0
2565,704,0.03765602950706477,3.0,3.0,3.0,3,0.00012089879586223678,1246.6948172219923,1,0.0
2566,2172,0.03764775248422114,3.0,3.0,3.0,3,0.0001256564942845171,624.7230645402768,1,0.0
2567,701,0.03759606414678117,3.0,3.0,3.0,3,0.00012307101950051125,606.2523953031441,1,0.0
2568,2195,0.0375923641678059,3.0,3.0,3.0,3,0.00012002292410034598,947.6112259348796,1,0.0
2569,1932,0.03758118720285997,3.0,3.0,3.0,3,0.00012659413744325245,90.17763628999566,1,0.0
2570,1063,0.03755803535431873,3.0,3.0,3.0,3,0.00012549796968795336,74.49562880913064,1,0.0
2571,2608,0.037552847497670225,2.0,2.0,2.0,1,0.00015845013230033538,0.0,1,0.0
2572,2802,0.037552768586086104,3.0,3.0,3.0,3,0.00012114415450217751,562.1984810635498,1,0.0
2573,1695,0.037540676868465545,3.0,3.0,3.0,3,0.00011621418168851686,1075.5626328832857,1,0.0
2574,3453,0.03753825421891563,3.0,3.0,3.0,3,0.0001240363799336473,123.93691413974314,1,0.0
2575,2523,0.03753467627339788,2.0,2.0,2.0,1,0.00015748694805319804,0.0,1,0.0
2576,1616,0.03749940397834128,3.0,3.0,3.0,3,0.00012084127900546588,259.8837410868332,1,0.0
2577,404,0.03748849588796399,3.0,3.0,3.0,2,0.00012243435324426615,0.0,1,0.0
2578,1657,0.03748546159249467,3.0,3.0,3.0,3,0.00012020137496946188,248.01910168124323,1,0.0
2579,2511,0.03747857843335979,3.0,3.0,3.0,3,0.0001205210385726508,166.08835702504072,1,0.0
2580,2621,0.037455053396292286,3.0,3.0,3.0,3,0.00011976723429620595,107.06048232180484,1,0.0
2581,2324,0.037451152677095347,3.0,3.0,3.0,3,0.0001199713832821206,57.87772585743477,1,0.0
2582,1433,0.03744677650678028,3.0,3.0,3.0,3,0.00011876196465401826,174.87141411778745,1,0.0
2583,1984,0.03744541520038411,3.0,3.0,3.0,3,0.0001188332480045485,157.70268344620433,1,0.0
2584,2728,0.03743259569538833,3.0,3.0,3.0,3,0.00011809097051742039,165.21534700260867,1,0.0
2585,2882,0.0374292667587386,3.0,3.0,3.0,3,0.00011813511661081941,138.8112938136786,1,0.0
2586,929,0.037428684259157866,3.0,3.0,3.0,2,0.00011919631667674365,8.098401294442565,1,0.0
2587,992,0.0374176283190965,3.0,3.0,3.0,2,0.00011867602560706641,0.22980667372881355,1,0.0
2588,2844,0.03741584383361979,3.0,3.0,3.0,3,9.497969542737485e-05,2825.1721988340155,1,0.0
2589,1774,0.037413335212353495,3.0,3.0,3.0,3,0.00011779796745239039,78.08924764395061,1,0.0
2590,1991,0.03740365504251464,3.0,3.0,3.0,3,0.00011282927577982209,611.3875712806932,1,0.0
2591,1555,0.03740081296537179,3.0,3.0,3.0,3,0.00011660675360340718,141.22197850374909,1,0.0
2592,1468,0.03739200710071446,3.0,3.0,3.0,2,0.00011305757930295347,510.16220898571106,1,0.0
2593,2773,0.037388915427794954,3.0,3.0,3.0,2,0.00011607043767876361,129.93199932177748,1,0.0
2594,624,0.03738824866605793,3.0,3.0,3.0,2,0.00011631125172966728,96.87825134574567,1,0.0
2595,1466,0.037378955377235124,3.0,3.0,3.0,3,0.00011659872767273148,3.5092830882352946,1,0.0
2596,1802,0.03737783471262072,3.0,3.0,3.0,3,0.00011445227325181925,253.31300597683708,1,0.0
2597,2196,0.03737685101232375,3.0,3.0,3.0,3,0.00011633021475468701,22.29722432948347,1,0.0
2598,2366,0.03737273030490002,3.0,3.0,3.0,3,0.0001151356739723789,139.13091115160736,1,0.0
2599,163,0.03736849967728471,3.0,3.0,3.0,3,0.00010986643288328786,742.97671934348,1,0.0
2600,1834,0.03736037907057287,3.0,3.0,3.0,3,0.00011416452182201108,177.00896489459691,1,0.0
2601,2086,0.03735147197120477,3.0,3.0,3.0,3,0.00011483008742373654,40.83578691239651,1,0.0
2602,2636,0.037347514421496336,3.0,3.0,3.0,2,0.00011376978461808089,142.63738455413772,1,0.0
2603,2632,0.03734624146676777,3.0,3.0,3.0,3,0.00010944579050538932,652.1092497246337,1,0.0
2604,1622,0.03734389549918545,3.0,3.0,3.0,3,0.0001147372477716246,3.879773516414142,1,0.0
2605,2397,0.037336135073943955,3.0,3.0,3.0,3,0.0001134927009891584,103.60694958761978,1,0.0
2606,504,0.03733208249672729,2.0,2.0,2.0,1,0.00014674825861034845,0.0,1,0.0
2607,2333,0.03733124209632553,3.0,3.0,3.0,3,0.00011319336060492094,108.39261413933409,1,0.0
2608,106,0.03732187137358576,3.0,3.0,3.0,3,0.00011349319752930063,13.052861946217709,1,0.0
2609,2605,0.0373188846493166,3.0,3.0,3.0,3,0.0001116882362615019,210.14351347503336,1,0.0
2610,103,0.037316680891040836,3.0,3.0,3.0,2,0.00011328782343770469,4.704011167393514,1,0.0
2611,1621,0.03731555992710192,3.0,3.0,3.0,3,0.00010906307449974276,503.2613021725169,1,0.0
2612,939,0.03731482212641052,3.0,3.0,3.0,3,0.00011299117857824311,28.417311015307586,1,0.0
2613,895,0.03729701689758716,3.0,3.0,3.0,3,0.00011042102374669094,223.08104206389658,1,0.0
2614,1862,0.03728868987981939,3.0,3.0,3.0,3,0.00010938453852968139,294.3101982140451,1,0.0
2615,2101,0.03728458309582189,3.0,3.0,3.0,3,0.00010894517197664116,320.84381986583077,1,0.0
2616,1708,0.03728287974329274,3.0,3.0,3.0,3,0.00010999306316940863,184.61275232027458,1,0.0
2617,1414,0.037282389271858146,3.0,3.0,3.0,3,0.00010987910382239386,195.14103945481415,1,0.0
2618,1874,0.037282389271858146,3.0,3.0,3.0,3,0.00010987910382239386,195.14103945481415,1,0.0
2619,2059,0.03727778605596143,3.0,3.0,3.0,3,0.00011106330029085448,24.19740482752957,1,0.0
2620,496,0.03727564287367643,3.0,3.0,3.0,2,0.00011115186246408217,0.0,1,0.0
2621,15,0.03727194209413682,3.0,3.0,3.0,2,0.00011095569887591383,0.0,1,0.0
2622,3675,0.03727073824793769,3.0,3.0,3.0,2,0.00011088649354783819,0.6456473214285714,1,0.0
2623,2379,0.03726886417767559,3.0,3.0,3.0,2,0.00011067625973986283,13.919120535758164,1,0.0
2624,1620,0.037266219210742496,3.0,3.0,3.0,3,0.00011059053152991951,7.3993766045001514,1,0.0
2625,1965,0.03726509285614317,3.0,3.0,3.0,3,0.00010916203295015975,171.23334655371667,1,0.0
2626,2653,0.03726427583101894,3.0,3.0,3.0,2,0.00010633899661607155,503.94500099552437,1,0.0
2627,2286,0.037262177106986295,3.0,3.0,3.0,3,0.00010561014685523895,577.8674207475372,1,0.0
2628,1887,0.03726151635117472,3.0,3.0,3.0,3,0.00010983759796673269,67.68275370070393,1,0.0
2629,1894,0.03726050799250866,3.0,3.0,3.0,2,0.00010938302370928128,115.69427497164254,1,0.0
2630,1855,0.037259277884009075,3.0,3.0,3.0,3,0.00010894552786377534,160.2547747991424,1,0.0
2631,136,0.03725749255476597,3.0,3.0,3.0,3,0.00010906013380704196,135.21049976379143,1,0.0
2632,1732,0.03725281808995018,3.0,3.0,3.0,2,0.00010979124911380937,18.04507600565961,1,0.0
2633,2926,0.03724795712269746,3.0,3.0,3.0,3,0.00010906479294472325,74.15621900593139,1,0.0
2634,2303,0.037245062896008464,3.0,3.0,3.0,3,0.0001086120807343367,109.98016219287537,1,0.0
2635,1040,0.03724420606142539,3.0,3.0,3.0,2,0.00010935191989981072,15.991143987711402,1,0.0
2636,2583,0.03724264943158398,3.0,3.0,3.0,3,0.00010489657531658702,539.384875748889,1,0.0
2637,1020,0.03723737702820871,3.0,3.0,3.0,2,0.00010909904103355762,2.93261525914692,1,0.0
2638,2626,0.03723236923219488,3.0,3.0,3.0,3,0.00010023315774444861,1032.337467573861,1,0.0
2639,1700,0.037229187890663824,3.0,3.0,3.0,3,0.00010829347636778723,47.39716977005105,1,0.0
2640,3614,0.037228694532894714,3.0,3.0,3.0,3,0.00010835027050881186,37.469298642927285,1,0.0
2641,2396,0.03722788655551872,3.0,3.0,3.0,3,0.00010831282524289727,36.825068076360935,1,0.0
2642,2279,0.037217087700860976,3.0,3.0,3.0,3,0.00010053364054447888,899.4198605477136,1,0.0
2643,1742,0.037213627079921735,3.0,3.0,3.0,3,0.00010726120317068878,72.2280863751123,1,0.0
2644,2098,0.03721294236719962,3.0,3.0,3.0,3,0.00010524588783747167,309.1013487067311,1,0.0
2645,1015,0.037211249556038536,3.0,3.0,3.0,3,0.0001070036632443963,87.96961656742099,1,0.0
2646,1857,0.0372088811624558,3.0,3.0,3.0,3,0.0001064044174012173,144.6685770943789,1,0.0
2647,1416,0.037208562268060366,3.0,3.0,3.0,3,0.00010660159752624473,119.04447642850737,1,0.0
2648,2157,0.03720472926676309,3.0,3.0,3.0,3,0.00010685000004611385,64.99455048107363,1,0.0
2649,2282,0.03720186537164404,3.0,3.0,3.0,3,0.00010141632889316511,697.1924418672446,1,0.0
2650,1427,0.037201368351572034,3.0,3.0,3.0,3,0.00010683584032054102,45.366359368112015,1,0.0
2651,2434,0.037197722382431166,3.0,3.0,3.0,3,0.00010576836681032484,150.00302632817187,1,0.0
2652,3290,0.03719715492888118,3.0,3.0,3.0,3,0.0001068838926174516,12.883228998832216,1,0.0
2653,2353,0.03719711284291975,3.0,3.0,3.0,3,0.00010683944805238463,17.935882731962078,1,0.0
2654,3484,0.03719477594204679,3.0,3.0,3.0,3,9.837310538117842e-05,1016.4641070184906,1,0.0
2655,1676,0.037194433962317856,3.0,3.0,3.0,3,0.00010574559330757925,131.86577437639986,1,0.0
2656,1927,0.03719259941035285,3.0,3.0,3.0,3,0.00010647574045681462,32.83378153000996,1,0.0
2657,3664,0.03718623748724164,3.0,3.0,3.0,3,0.00010585190687448038,67.13914198777651,1,0.0
2658,3188,0.03717970444014141,3.0,3.0,3.0,3,0.00010596284674668979,12.412233880240008,1,0.0
2659,1770,0.037179643402499477,3.0,3.0,3.0,3,0.00010498826807481471,128.67436936624736,1,0.0
2660,3322,0.03717512422128716,3.0,3.0,3.0,3,0.00010513070738729061,82.9540023214592,1,0.0
2661,1970,0.03717475767383641,3.0,3.0,3.0,3,0.00010564250787210422,19.369995086102623,1,0.0
2662,3470,0.03717115704617259,3.0,3.0,3.0,3,0.00010550162604332739,13.38860816950433,1,0.0
2663,2125,0.037170866731128877,3.0,3.0,3.0,3,0.00010463601262322765,115.15383405356212,1,0.0
2664,3314,0.03716519016149041,3.0,3.0,3.0,3,9.850053499980117e-05,813.5076873343983,1,0.0
2665,1559,0.037163017610723444,3.0,3.0,3.0,3,0.00010469809570944782,57.92499929168091,1,0.0
2666,539,0.03715914737295603,3.0,3.0,3.0,3,0.00010485060729189181,15.116219338594108,1,0.0
2667,50,0.03715864028140543,3.0,3.0,3.0,3,0.00010476147784652367,22.567118315152726,1,0.0
2668,2514,0.037156663029112386,3.0,3.0,3.0,3,0.00010324456804036654,191.58477755142349,1,0.0
2669,1933,0.03715446586829269,3.0,3.0,3.0,3,0.00010464859062162818,9.59467222439192,1,0.0
2670,2986,0.0371531876187841,3.0,3.0,3.0,3,0.00010451653027990415,17.291524552416746,1,0.0
2671,663,0.03715065475576502,3.0,3.0,3.0,3,0.00010450692520575641,2.3716738159033413,1,0.0
2672,964,0.03714801016315302,3.0,3.0,3.0,3,0.00010388762978700693,59.71809265372509,1,0.0
2673,2068,0.03714395644134564,3.0,3.0,3.0,3,0.00010399250795523228,21.446560216469713,1,0.0
2674,3658,0.03714315392272443,3.0,3.0,3.0,3,0.00010411237800190581,2.0075596400669644,1,0.0
2675,3098,0.03714258154039794,3.0,3.0,3.0,2,0.00010409881099126972,0.0,1,0.0
2676,2564,0.037141179201741335,3.0,3.0,3.0,3,0.00010317479892895293,101.69995755704859,1,0.0
2677,3198,0.037138732735176684,3.0,3.0,3.0,3,0.00010094799613094523,352.7093265082784,1,0.0
2678,458,0.037132341956259106,3.0,3.0,3.0,3,0.00010348202327509548,8.86058365319356,1,0.0
2679,1486,0.03713148033164018,3.0,3.0,3.0,3,0.00010284014695653669,80.22162468553512,1,0.0
2680,519,0.037130272093529905,3.0,3.0,3.0,3,0.00010205250515015561,166.8305898176124,1,0.0
2681,3660,0.03712974771524674,3.0,3.0,3.0,3,0.00010335233446465737,7.924402645514781,1,0.0
2682,2368,0.03712530997910029,3.0,3.0,3.0,3,0.00010268127300002664,60.090384761567385,1,0.0
2683,3557,0.037123704132028486,3.0,3.0,3.0,2,9.17198973635704e-05,1361.8924821673254,1,0.0
2684,917,0.03712231966521487,3.0,3.0,3.0,3,0.00010194716768043138,128.9852486004775,1,0.0
2685,3321,0.037121414983610976,3.0,3.0,3.0,3,0.0001025079987798052,56.11852374213065,1,0.0
2686,2919,0.037118339635194404,3.0,3.0,3.0,3,0.00010281384411932542,0.0,1,0.0
2687,2684,0.03711224352381627,3.0,3.0,3.0,3,0.00010249071352778089,0.0,1,0.0
2688,2492,0.03711116181131212,3.0,3.0,3.0,3,0.00010176577323952167,79.9068171571356,1,0.0
2689,856,0.03711056687739921,3.0,3.0,3.0,3,0.0001023772944795597,2.9380461472528894,1,0.0
2690,1893,0.037107177608369145,3.0,3.0,3.0,3,9.957992713896662e-05,316.2579738828846,1,0.0
2691,3555,0.03710559925408948,3.0,3.0,3.0,3,0.00010020347966205338,231.60993855579088,1,0.0
2692,2048,0.03710528941614679,3.0,3.0,3.0,3,0.0001020776862276947,5.316453426932368,1,0.0
2693,798,0.03709830304308658,3.0,3.0,3.0,3,0.00010167172694177404,9.58221666236224,1,0.0
2694,653,0.03709402793506003,3.0,3.0,3.0,3,0.00010081578985088157,84.90813181467027,1,0.0
2695,1702,0.03709285093640245,3.0,3.0,3.0,3,0.00010146278968356084,0.0,1,0.0
2696,2556,0.03709176302158628,3.0,3.0,3.0,2,0.00010140512365085664,0.0,1,0.0
2697,2345,0.03709005408678531,3.0,3.0,3.0,3,9.862809040388768e-05,321.546813678999,1,0.0
2698,2644,0.0370888502661175,3.0,3.0,3.0,3,0.00010049366767230135,90.6144011854711,1,0.0
2699,3377,0.037088011076964064,3.0,3.0,3.0,3,0.00010120624800538064,0.0,1,0.0
2700,3037,0.037087250369655,3.0,3.0,3.0,2,0.00010052844008032503,76.30203105271465,1,0.0
2701,2124,0.03708575849611176,3.0,3.0,3.0,3,9.927604524358751e-05,216.7387721828174,1,0.0
2702,866,0.03708386796818997,3.0,3.0,3.0,2,0.00010091730337603829,8.298844401041666,1,0.0
2703,2957,0.037081644825765696,3.0,3.0,3.0,3,0.00010043207413049065,52.27244897545055,1,0.0
2704,2934,0.037079980400953165,3.0,3.0,3.0,3,0.00010075374462715908,3.2112458881578947,1,0.0
2705,2369,0.03707775937913893,3.0,3.0,3.0,3,9.900929457554077e-05,197.91710648934486,1,0.0
2706,875,0.03707638446687171,3.0,3.0,3.0,3,0.00010013897384641931,53.980408068040624,1,0.0
2707,2339,0.03707271384435349,3.0,3.0,3.0,3,9.851228116125452e-05,225.39479009705633,1,0.0
2708,2312,0.03707246664597981,3.0,3.0,3.0,3,9.875558682050622e-05,194.70469508340136,1,0.0
2709,2142,0.03707015169498284,3.0,3.0,3.0,3,0.0001002492270949905,1.2407501871406943,1,0.0
2710,2635,0.03706889746122047,3.0,3.0,3.0,3,9.994390513648604e-05,29.828017503270022,1,0.0
2711,2154,0.037067410279305595,3.0,3.0,3.0,3,0.00010007523787702166,4.67324336296809,1,0.0
2712,474,0.03706711003736276,2.0,2.0,2.0,2,0.00013267157862054878,3.7756815222938975,1,0.0
2713,2201,0.0370653621669506,3.0,3.0,3.0,3,9.978912523882177e-05,25.924621197216368,1,0.0
2714,2915,0.03706472704031226,3.0,3.0,3.0,3,9.82233104154459e-05,209.31081070866554,1,0.0
2715,2174,0.03706420225929459,3.0,3.0,3.0,3,9.98455801914831e-05,11.808487497815848,1,0.0
2716,3518,0.03705907150851406,3.0,3.0,3.0,3,9.957593409701065e-05,11.531451056985292,1,0.0
2717,2656,0.03705381564891334,3.0,3.0,3.0,3,9.723864862581668e-05,257.9408047749139,1,0.0
2718,2093,0.037052304795562103,3.0,3.0,3.0,3,9.922510961631362e-05,10.591624955545578,1,0.0
2719,684,0.037046427214119666,3.0,3.0,3.0,3,9.838481889585598e-05,73.87805664368281,1,0.0
2720,297,0.03703941303418354,3.0,3.0,3.0,3,9.861827012830324e-05,1.435004320183155,1,0.0
2721,2330,0.037037721612448574,3.0,3.0,3.0,3,9.85102004948201e-05,3.639027137969263,1,0.0
2722,2597,0.03703109319023164,3.0,3.0,3.0,3,9.801868337770118e-05,20.416372389911107,1,0.0
2723,967,0.037029110966531914,3.0,3.0,3.0,3,9.788467210534031e-05,23.88044013991407,1,0.0
2724,307,0.03702811255631974,3.0,3.0,3.0,3,9.727069001683596e-05,91.03493891492761,1,0.0
2725,2489,0.03701728583511241,3.0,3.0,3.0,2,9.745738453831422e-05,0.0,1,0.0
2726,3197,0.037015039942816796,3.0,3.0,3.0,3,9.720876716352716e-05,15.508694896642263,1,0.0
2727,97,0.037005497038173595,3.0,3.0,3.0,3,9.632883951033403e-05,60.28506936442749,1,0.0
2728,904,0.03700281705307,3.0,3.0,3.0,3,9.511864851829678e-05,188.13248513346355,1,0.0
2729,156,0.03700011255476264,3.0,3.0,3.0,2,9.65470973250454e-05,0.0,1,0.0
2730,3053,0.03699895852291017,3.0,3.0,3.0,3,9.648592669150215e-05,0.0,1,0.0
2731,3411,0.03699605576071943,3.0,3.0,3.0,3,9.629008924805083e-05,5.023906283520452,1,0.0
2732,222,0.03699405995246083,3.0,3.0,3.0,2,9.60296247432802e-05,23.53724300986842,1,0.0
2733,3168,0.0369922994864579,3.0,3.0,3.0,3,9.570066569540045e-05,51.74194248052004,1,0.0
2734,1134,0.03699223053799448,3.0,3.0,3.0,2,9.612930299963434e-05,0.0,1,0.0
2735,3282,0.036990038282568166,3.0,3.0,3.0,3,9.56195653893897e-05,47.10302213569004,1,0.0
2736,2488,0.03698897856357071,3.0,3.0,3.0,3,9.595692878366912e-05,0.0,1,0.0
2737,3267,0.036983476266506006,3.0,3.0,3.0,3,9.533563263636595e-05,39.4554630989462,1,0.0
2738,296,0.03698069444331654,3.0,3.0,3.0,2,9.549136979267376e-05,3.165947517198478,1,0.0
2739,3582,0.036980108067098706,3.0,3.0,3.0,3,9.498488900855095e-05,60.067497252493546,1,0.0
2740,2228,0.03696849280394884,3.0,3.0,3.0,3,9.409992189184254e-05,92.29917935239948,1,0.0
2741,2285,0.036964242898679917,3.0,3.0,3.0,3,9.462588822112958e-05,2.382047314664502,1,0.0
2742,2527,0.03696172730679601,3.0,3.0,3.0,3,9.414822419960217e-05,43.59473715033141,1,0.0
2743,3474,0.0369610821744246,3.0,3.0,3.0,3,9.422755600810314e-05,30.00636576612452,1,0.0
2744,2813,0.036959717353130604,3.0,3.0,3.0,3,9.330537469961342e-05,131.72522177266328,1,0.0
2745,482,0.03695922505684464,3.0,3.0,3.0,2,9.435432610295955e-05,3.05068359375,1,0.0
2746,2327,0.03695686308760774,3.0,3.0,3.0,2,9.42546152756072e-05,0.0,1,0.0
2747,2576,0.03695476606534455,3.0,3.0,3.0,3,9.39366264585159e-05,24.756400974281966,1,0.0
2748,2650,0.036953105422252136,3.0,3.0,3.0,3,9.40013204299046e-05,6.477254558026892,1,0.0
2749,2966,0.03695126277513632,3.0,3.0,3.0,3,9.351814164719471e-05,52.6194502704862,1,0.0
2750,3491,0.03694927009560591,3.0,3.0,3.0,3,9.376194502398212e-05,10.795747440127567,1,0.0
2751,803,0.036948860051371595,3.0,3.0,3.0,3,9.369437980249912e-05,16.281286075683457,1,0.0
2752,580,0.036942900905418796,3.0,3.0,3.0,2,9.351453559035939e-05,0.0,1,0.0
2753,3332,0.03694066071678346,3.0,3.0,3.0,2,9.329425824200244e-05,12.15280349923212,1,0.0
2754,1585,0.0369386200620688,2.0,2.0,2.0,2,0.00011538303011374837,1257.8865084626984,1,0.0
2755,1669,0.0369386200620688,2.0,2.0,2.0,2,0.00011538303011374837,1257.8865084626984,1,0.0
2756,616,0.036937791625454,3.0,3.0,3.0,2,9.320820318363445e-05,4.250245374736761,1,0.0
2757,2378,0.036937477569011785,3.0,3.0,3.0,3,9.309598479674235e-05,15.689401021759645,1,0.0
2758,2262,0.03693743814384965,3.0,3.0,3.0,3,9.309245845852765e-05,15.861346806460288,1,0.0
2759,525,0.036935793643853604,3.0,3.0,3.0,3,9.312237890706544e-05,1.846735200206131,1,0.0
2760,3526,0.0369347698385925,3.0,3.0,3.0,3,9.305380979053498e-05,3.5584851868126584,1,0.0
2761,2230,0.036931782516353484,3.0,3.0,3.0,3,9.280173899493731e-05,14.776597365613162,1,0.0
2762,1568,0.03693016308834472,3.0,3.0,3.0,3,9.20733864586746e-05,91.68035013205983,1,0.0
2763,74,0.036923836265973495,3.0,3.0,3.0,3,9.19606084358571e-05,65.03908281001866,1,0.0
2764,1832,0.03691486455250879,3.0,3.0,3.0,3,9.18610751196888e-05,20.032274960389103,1,0.0
2765,1084,0.0369138273523711,3.0,3.0,3.0,3,9.184552638962091e-05,15.312920244395272,1,0.0
2766,3597,0.03691374730949965,3.0,3.0,3.0,3,9.14861709069044e-05,57.81711395733904,1,0.0
2767,155,0.036908082318528934,3.0,3.0,3.0,3,9.129807205502088e-05,44.390080767512764,1,0.0
2768,3580,0.03690807638454408,3.0,3.0,3.0,3,9.132156029489397e-05,41.541076062191706,1,0.0
2769,2601,0.03690651547612346,2.0,2.0,2.0,2,0.0001216123974147291,308.59594447513575,1,0.0
2770,1693,0.03690242196009783,3.0,3.0,3.0,3,9.13450018946263e-05,2.861357011554622,1,0.0
2771,3598,0.0369002999277845,3.0,3.0,3.0,2,9.119290811002708e-05,7.602756790250365,1,0.0
2772,1968,0.036900167904100306,2.0,2.0,2.0,2,0.00012385418578994984,0.0,1,0.0
2773,2078,0.036900167904100306,2.0,2.0,2.0,2,0.00012385418578994984,0.0,1,0.0
2774,2768,0.0368875299221305,3.0,3.0,3.0,3,8.965755807401068e-05,110.35399512773161,1,0.0
2775,3519,0.03688442422305238,3.0,3.0,3.0,3,9.029638298171897e-05,14.187885675192673,1,0.0
2776,921,0.03688067388081142,3.0,3.0,3.0,2,9.021612878244573e-05,0.0,1,0.0
2777,890,0.036872997297419635,3.0,3.0,3.0,3,8.980922366235137e-05,0.0,1,0.0
2778,2843,0.03686521907068405,3.0,3.0,3.0,2,8.9271985930819e-05,14.954919686605102,1,0.0
2779,1382,0.03686465857053944,2.0,2.0,2.0,2,0.0001214615377253058,61.09560489766082,1,0.0
2780,2080,0.036862008047094906,2.0,2.0,2.0,2,0.00012175769507862127,8.831917317708333,1,0.0
2781,3823,0.03685984429310813,3.0,3.0,3.0,3,8.880903363301259e-05,36.266907438995126,1,0.0
2782,1026,0.03685953444912097,3.0,3.0,3.0,3,8.905511546109574e-05,4.847077920729563,1,0.0
2783,2950,0.03685668700741548,3.0,3.0,3.0,3,8.880629313430145e-05,16.563832398262623,1,0.0
2784,45,0.03685139305522394,2.0,2.0,2.0,1,0.0001212688252556188,0.0,1,0.0
2785,3298,0.03684892588144565,3.0,3.0,3.0,3,8.826577250114325e-05,32.020183665486464,1,0.0
2786,3854,0.03684563670978156,3.0,3.0,3.0,3,8.834355669424908e-05,1.842200237771739,1,0.0
2787,2079,0.03680742564887075,2.0,2.0,2.0,2,0.0001124726149323554,773.8900998050298,1,0.0
2788,3221,0.0368020203016474,3.0,3.0,3.0,3,8.604610218266224e-05,0.10934349798387097,1,0.0
2789,1799,0.03677153980505356,2.0,2.0,2.0,2,0.00011691607577971652,14.368635382021433,1,0.0
2790,1812,0.036747201615133084,2.0,2.0,2.0,2,0.00011050499938690022,627.3126586668812,1,0.0
2791,332,0.03673470419731309,2.0,2.0,2.0,2,0.00011404292962021326,124.5616565215608,1,0.0
2792,1144,0.03672923719513797,2.0,2.0,2.0,2,0.0001024055875504242,1482.7748843141594,1,0.0
2793,333,0.03670231919964533,2.0,2.0,2.0,2,0.00011303303296607024,39.974864375437676,1,0.0
2794,1632,0.03669862770451935,1.0,1.0,1.0,1,0.00014577609872507062,0.0,1,0.0
2795,1637,0.03669862770451935,1.0,1.0,1.0,1,0.00014577609872507062,0.0,1,0.0
2796,2801,0.03667588493827316,2.0,2.0,2.0,2,0.00011192141568228073,5.317095588235294,1,0.0
2797,2066,0.03664503920639253,2.0,2.0,2.0,2,0.00010889411038471868,171.96393323446554,1,0.0
2798,2641,0.03664094765173283,1.0,1.0,1.0,1,0.00014271870878890892,0.0,1,0.0
2799,2302,0.03663912647394668,1.0,1.0,1.0,1,0.00014262217540576654,0.0,1,0.0
2800,1503,0.0366279054880149,2.0,2.0,2.0,2,0.00010936972663296542,6.333213271103895,1,0.0
2801,1153,0.0366088004807645,2.0,2.0,2.0,2,0.00010731865730891675,130.62018440221848,1,0.0
2802,1127,0.036600574660328886,2.0,2.0,2.0,2,0.0001078574253522974,13.945982142857142,1,0.0
2803,557,0.03659662938694435,2.0,2.0,2.0,2,0.00010773992111479348,2.9799107142857144,1,0.0
2804,175,0.036591783977052206,2.0,2.0,2.0,2,0.0001067162243795363,94.76710801641642,1,0.0
2805,176,0.036581807200778194,2.0,2.0,2.0,2,0.00010683662197347283,17.05978133237294,1,0.0
2806,3317,0.03657802830428799,2.0,2.0,2.0,2,0.00010675983640556904,2.275568181818182,1,0.0
2807,2356,0.036576508818717476,2.0,2.0,2.0,2,0.0001059561294232905,88.83272904751739,1,0.0
2808,1093,0.03657270772738998,2.0,2.0,2.0,2,0.00010645112347028688,5.470191271551724,1,0.0
2809,1502,0.036571711762897786,2.0,2.0,2.0,2,0.00010479919874075057,196.87375703829764,1,0.0
2810,1820,0.03656312511875168,2.0,2.0,2.0,2,0.00010405609162467545,231.3406934436594,1,0.0
2811,2688,0.03656262535942402,2.0,2.0,2.0,2,0.00010527111979598889,82.74072704933764,1,0.0
2812,2256,0.03655182732030909,2.0,2.0,2.0,1,0.00010539003841509191,0.0,1,0.0
2813,2679,0.036539889078547536,2.0,2.0,2.0,2,0.0001042557567859539,60.023557190482364,1,0.0
2814,2589,0.03653410244974896,2.0,2.0,2.0,1,0.00010445051360101331,0.0,1,0.0
2815,2483,0.03651298627159391,2.0,2.0,2.0,2,9.707583533685855e-05,748.7213090445703,1,0.0
2816,2120,0.036498635496227255,2.0,2.0,2.0,2,0.00010255448168944562,1.9234430233699922,1,0.0
2817,2480,0.03649647131378029,2.0,2.0,2.0,2,0.00010220674776406217,29.81400769627091,1,0.0
2818,1067,0.036480877040551786,2.0,2.0,2.0,2,0.00010158563479569906,5.219987277999765,1,0.0
2819,388,0.036479222096010955,2.0,2.0,2.0,1,0.00010154152456397846,0.0,1,0.0
2820,1155,0.0364700373710827,2.0,2.0,2.0,2,0.00010034402002952937,85.06025945083543,1,0.0
2821,456,0.03646612765996421,2.0,2.0,2.0,2,0.00010082609824115305,2.5545176630434785,1,0.0
2822,1734,0.03646463729449279,2.0,2.0,2.0,2,0.00010042646849131793,40.931569424618985,1,0.0
2823,1987,0.036456026589289446,2.0,2.0,2.0,2,9.870365845430752e-05,192.5085678608611,1,0.0
2824,597,0.03645224365315277,2.0,2.0,2.0,2,9.92585063206202e-05,102.09718367411544,1,0.0
2825,1923,0.036438024798404314,2.0,2.0,2.0,2,9.90305669979255e-05,39.169586283791865,1,0.0
2826,1062,0.03643381085065915,2.0,2.0,2.0,2,9.795298882792332e-05,141.412216492297,1,0.0
2827,2211,0.036418568255638994,2.0,2.0,2.0,2,9.725638294039823e-05,128.08529135720138,1,0.0
2828,1036,0.036418119545597566,2.0,2.0,2.0,2,9.825608037942816e-05,5.5825930359543,1,0.0
2829,2981,0.03640531644682335,2.0,2.0,2.0,2,9.755649061079023e-05,8.0899609375,1,0.0
2830,1472,0.03640420215501827,2.0,2.0,2.0,2,9.125078992538191e-05,755.7630993239278,1,0.0
2831,2786,0.03640338773979165,2.0,2.0,2.0,2,9.722974790168653e-05,34.961993334092234,1,0.0
2832,486,0.036401833560738374,2.0,2.0,2.0,2,9.714294449177208e-05,35.491339674511565,1,0.0
2833,2118,0.03640158269234554,2.0,2.0,2.0,1,9.742616890896967e-05,0.0,1,0.0
2834,2506,0.036394933652704985,2.0,2.0,2.0,2,9.699508675868878e-05,9.412950994318184,1,0.0
2835,1868,0.03639314126490303,2.0,2.0,2.0,2,9.564604087103129e-05,159.51147746027976,1,0.0
2836,2670,0.03638991771301927,2.0,2.0,2.0,2,9.65046965501043e-05,36.285652324487295,1,0.0
2837,2686,0.036389342412947376,2.0,2.0,2.0,2,9.67611777315597e-05,1.9369419642857142,1,0.0
2838,2609,0.036389163255571885,2.0,2.0,2.0,2,9.636614497281373e-05,48.08260201284461,1,0.0
2839,2531,0.03638697387768912,2.0,2.0,2.0,2,9.62883246948166e-05,43.506781272170485,1,0.0
2840,2032,0.036379224275358196,2.0,2.0,2.0,2,9.510163849906544e-05,136.37716622215873,1,0.0
2841,421,0.036373067832191706,2.0,2.0,2.0,2,9.589148752962291e-05,2.7795117187500002,1,0.0
2842,2275,0.03637089861608515,2.0,2.0,2.0,2,8.819401166495167e-05,910.3443011222341,1,0.0
2843,2218,0.03636943566733949,2.0,2.0,2.0,2,9.558267299525163e-05,16.698260962340157,1,0.0
2844,2373,0.03636729566039517,2.0,2.0,2.0,2,9.560340058199487e-05,0.6402669270833334,1,0.0
2845,2419,0.03636109737801275,2.0,2.0,2.0,2,9.528020359472945e-05,0.0,1,0.0
2846,402,0.03635433959680141,2.0,2.0,2.0,2,9.492200051986792e-05,0.0,1,0.0
2847,3149,0.03634025836123747,2.0,2.0,2.0,2,9.27358396083521e-05,172.32919847380057,1,0.0
2848,418,0.036337763997402676,2.0,2.0,2.0,2,9.384417581925612e-05,23.84484476587992,1,0.0
2849,2181,0.036333211529651625,2.0,2.0,2.0,2,9.340232710906013e-05,47.84796395408758,1,0.0
2850,3222,0.036331874643941726,2.0,2.0,2.0,2,9.371879065006575e-05,1.4880322946729196,1,0.0
2851,2442,0.03633114017922336,2.0,2.0,2.0,2,9.369229176612475e-05,0.0,1,0.0
2852,2136,0.036328781022444766,2.0,2.0,2.0,2,9.338161445843877e-05,22.218184081399823,1,0.0
2853,1687,0.03632632749836075,2.0,2.0,2.0,2,9.203287557178608e-05,168.08545029056964,1,0.0
2854,248,0.03632502195270231,2.0,2.0,2.0,2,9.264649429092043e-05,86.35722066121053,1,0.0
2855,1973,0.036323019260749316,2.0,2.0,2.0,1,9.326183421250875e-05,0.0,1,0.0
2856,2113,0.036323019260749316,2.0,2.0,2.0,1,9.326183421250875e-05,0.0,1,0.0
2857,2315,0.036323019260749316,2.0,2.0,2.0,1,9.326183421250875e-05,0.0,1,0.0
2858,2669,0.036323019260749316,2.0,2.0,2.0,1,9.326183421250875e-05,0.0,1,0.0
2859,3063,0.03632240563784799,2.0,2.0,2.0,2,9.293814884288089e-05,34.84951596467391,1,0.0
2860,1533,0.03632039422229997,2.0,2.0,2.0,2,9.295591576212583e-05,19.961726056840963,1,0.0
2861,631,0.03631806792565596,2.0,2.0,2.0,1,9.299938365371628e-05,0.0,1,0.0
2862,2881,0.036317745079375074,2.0,2.0,2.0,2,9.272447310058627e-05,30.856358907509843,1,0.0
2863,2274,0.036317264614118064,2.0,2.0,2.0,1,9.295680330760172e-05,0.0,1,0.0
2864,2321,0.036309764372149,2.0,2.0,2.0,2,9.202913813498148e-05,63.44965325491673,1,0.0
2865,2667,0.03630377170374785,2.0,2.0,2.0,2,9.160917449429641e-05,75.6960896244121,1,0.0
2866,1762,0.03629856361102887,2.0,2.0,2.0,2,9.167318273861012e-05,34.992571179892224,1,0.0
2867,3668,0.03629763117956803,2.0,2.0,2.0,2,9.166251123150662e-05,30.354145981637107,1,0.0
2868,2011,0.036295050667313276,2.0,2.0,2.0,2,9.12350017892054e-05,65.15184717238385,1,0.0
2869,1456,0.03629167041010976,2.0,2.0,2.0,2,9.124648400900558e-05,42.33180386339704,1,0.0
2870,1889,0.0362870829296581,2.0,2.0,2.0,2,9.135699238742407e-05,0.0,1,0.0
2871,883,0.036284797524992,2.0,2.0,2.0,2,9.123393220404514e-05,0.22980667372881355,1,0.0
2872,885,0.036284797524992,2.0,2.0,2.0,2,9.123393220404514e-05,0.22980667372881355,1,0.0
2873,2555,0.036277466178554346,2.0,2.0,2.0,2,9.022042149927885e-05,75.02603449373483,1,0.0
2874,2037,0.03627528282926998,2.0,2.0,2.0,2,9.023662868448709e-05,59.23411563164668,1,0.0
2875,570,0.03627371472276854,2.0,2.0,2.0,2,9.057079840634746e-05,9.287935970617099,1,0.0
2876,152,0.03626989712013973,2.0,2.0,2.0,2,9.030842894781522e-05,16.471083950754018,1,0.0
2877,2977,0.03626696754040579,2.0,2.0,2.0,2,9.027075553445142e-05,2.393861607142857,1,0.0
2878,2020,0.03626482089610231,2.0,2.0,2.0,2,9.006790604682534e-05,13.054170478315891,1,0.0
2879,2090,0.03626482089610231,2.0,2.0,2.0,2,9.006790604682534e-05,13.054170478315891,1,0.0
2880,679,0.03626309054392728,2.0,2.0,2.0,2,9.006216007675787e-05,2.7638671875,1,0.0
2881,2004,0.03626215459579727,2.0,2.0,2.0,2,8.95958890542287e-05,52.63480059721358,1,0.0
2882,2395,0.03626148435269275,1.0,1.0,1.0,1,0.00012260487019861348,0.0,1,0.0
2883,493,0.03626136480229493,2.0,2.0,2.0,1,8.999377685660459e-05,0.0,1,0.0
2884,2144,0.03625821684193033,2.0,2.0,2.0,2,8.968100025155039e-05,17.464966009346465,1,0.0
2885,725,0.036256873904224045,2.0,2.0,2.0,2,8.969556853718038e-05,7.201119791666667,1,0.0
2886,2522,0.0362560967134347,2.0,2.0,2.0,2,8.957047290428177e-05,17.24326956043474,1,0.0
2887,1844,0.0362525565048902,2.0,2.0,2.0,2,8.952521821628473e-05,0.19939108455882354,1,0.0
2888,2465,0.03625022498632804,2.0,2.0,2.0,2,8.940329956710002e-05,0.0,1,0.0
2889,1898,0.036249828642450674,2.0,2.0,2.0,2,8.722836574718484e-05,257.80786466933756,1,0.0
2890,2099,0.036249828642450674,2.0,2.0,2.0,2,8.722836574718484e-05,257.80786466933756,1,0.0
2891,2233,0.036249828642450674,2.0,2.0,2.0,2,8.722836574718484e-05,257.80786466933756,1,0.0
2892,1946,0.036248918126187586,2.0,2.0,2.0,2,8.929500171921004e-05,4.6711518107775785,1,0.0
2893,2053,0.03624886155117589,2.0,2.0,2.0,2,8.776392605034873e-05,187.56990279721074,1,0.0
2894,2468,0.0362482309044305,2.0,2.0,2.0,2,8.92976012254569e-05,0.0,1,0.0
2895,2222,0.03624622000788753,2.0,2.0,2.0,2,8.906612251191469e-05,14.948239909389644,1,0.0
2896,2394,0.036245743341555864,2.0,2.0,2.0,2,8.885891385981388e-05,36.7253187574593,1,0.0
2897,2627,0.036244687014824695,2.0,2.0,2.0,2,8.896458546453349e-05,17.375498935535997,1,0.0
2898,796,0.03624444721908963,2.0,2.0,2.0,2,8.345017815647359e-05,675.8852141135983,1,0.0
2899,1125,0.03624305976482203,1.0,1.0,1.0,1,0.00012162825615593347,0.0,1,0.0
2900,146,0.0362417927287621,2.0,2.0,2.0,1,8.895633916786719e-05,0.0,1,0.0
2901,1527,0.03624100627703338,2.0,2.0,2.0,2,8.889635683876853e-05,2.189845570246971,1,0.0
2902,1519,0.03623896138875293,2.0,2.0,2.0,2,8.81327895059545e-05,80.60924063288333,1,0.0
2903,2528,0.036238604084001313,2.0,2.0,2.0,2,8.873813325145129e-05,5.887482048851126,1,0.0
2904,588,0.03623630018838187,2.0,2.0,2.0,1,8.866520147171036e-05,0.0,1,0.0
2905,2237,0.03623436769295374,2.0,2.0,2.0,2,8.813880098861048e-05,50.74545860887058,1,0.0
2906,1993,0.03623319507623269,2.0,2.0,2.0,2,8.840159293087073e-05,11.851782717363903,1,0.0
2907,2781,0.03623109570463431,2.0,2.0,2.0,2,8.820766380609212e-05,21.744311556008196,1,0.0
2908,3213,0.036230274363694,2.0,2.0,2.0,2,8.812667262815633e-05,26.22739948551829,1,0.0
2909,1512,0.036224413810015454,2.0,2.0,2.0,2,8.803415820721029e-05,0.11893503289473684,1,0.0
2910,2403,0.03622426735816353,2.0,2.0,2.0,2,8.720234252682979e-05,98.75156394299971,1,0.0
2911,2500,0.03622426735816353,2.0,2.0,2.0,2,8.720234252682979e-05,98.75156394299971,1,0.0
2912,2169,0.03622083266964148,2.0,2.0,2.0,1,8.784532988960065e-05,0.0,1,0.0
2913,1123,0.036220382485814745,2.0,2.0,2.0,1,8.782146743742217e-05,0.0,1,0.0
2914,2810,0.03621965773576246,2.0,2.0,2.0,2,8.769549874978596e-05,10.479352678571429,1,0.0
2915,2718,0.03621484764974655,2.0,2.0,2.0,2,8.752808781525293e-05,0.0,1,0.0
2916,2947,0.0362138700653066,2.0,2.0,2.0,2,8.747626995649486e-05,0.0,1,0.0
2917,1783,0.03621338322379312,2.0,2.0,2.0,2,8.745046442629982e-05,0.0,1,0.0
2918,2364,0.03621252209449167,2.0,2.0,2.0,2,8.666212866838914e-05,88.89422364074899,1,0.0
2919,1258,0.036211845855167964,2.0,2.0,2.0,2,8.667372293901112e-05,83.21614643187735,1,0.0
2920,2471,0.036209298729336134,2.0,2.0,2.0,2,8.446591773768478e-05,331.31302994625383,1,0.0
2921,2156,0.036206722366117425,2.0,2.0,2.0,2,8.541779780153248e-05,201.03500635207888,1,0.0
2922,1505,0.03620592054791927,2.0,2.0,2.0,2,8.65591245338197e-05,59.34013805980655,1,0.0
2923,2114,0.0362039458433387,2.0,2.0,2.0,2,8.589890155093042e-05,125.83530290469959,1,0.0
2924,2720,0.0362034544742406,2.0,2.0,2.0,2,8.690631418864008e-05,2.138509908536585,1,0.0
2925,855,0.036202732787504195,2.0,2.0,2.0,2,8.67513974834122e-05,16.102146957859848,1,0.0
2926,2063,0.036202522588768105,2.0,2.0,2.0,2,8.63573863339783e-05,61.928589542083685,1,0.0
2927,2624,0.03619963045853594,2.0,2.0,2.0,2,8.637996450751729e-05,40.877322017765536,1,0.0
2928,2022,0.03619895094966631,2.0,2.0,2.0,2,8.395130615127063e-05,327.2575004925562,1,0.0
2929,2484,0.03619895094966631,2.0,2.0,2.0,2,8.395130615127063e-05,327.2575004925562,1,0.0
2930,2638,0.03619895094966631,2.0,2.0,2.0,2,8.395130615127063e-05,327.2575004925562,1,0.0
2931,2257,0.03619886930932867,2.0,2.0,2.0,2,8.658191870204923e-05,11.875960355865761,1,0.0
2932,1475,0.036194274014460084,2.0,2.0,2.0,2,8.544559568435238e-05,118.73046602368197,1,0.0
2933,981,0.03619257810553512,2.0,2.0,2.0,2,8.554582178433704e-05,95.97466333646018,1,0.0
2934,1926,0.03619165972010306,2.0,2.0,2.0,2,8.551749685113826e-05,93.5383277111019,1,0.0
2935,2529,0.03618936257076337,2.0,2.0,2.0,2,8.617722525113831e-05,0.0,1,0.0
2936,2607,0.0361865310855736,2.0,2.0,2.0,2,8.593451890882081e-05,11.085953915460646,1,0.0
2937,3581,0.036186419696201295,2.0,2.0,2.0,2,8.493151763224362e-05,130.43059944095575,1,0.0
2938,210,0.036185040793357284,2.0,2.0,2.0,2,8.591658876766291e-05,3.777036830357143,1,0.0
2939,1425,0.03618472269201141,2.0,2.0,2.0,2,8.579316138531502e-05,16.53215835813492,1,0.0
2940,1535,0.03618397989028249,2.0,2.0,2.0,2,8.565057078133975e-05,28.88649626347266,1,0.0
2941,3299,0.03618253660875656,2.0,2.0,2.0,2,8.574152840259801e-05,8.842827294435216,1,0.0
2942,1097,0.036180682608703045,2.0,2.0,2.0,2,8.554598802222413e-05,20.48494655758224,1,0.0
2943,2836,0.03618011997326369,1.0,1.0,1.0,1,0.00011829206840994088,0.0,1,0.0
2944,3339,0.03618011997326369,1.0,1.0,1.0,1,0.00011829206840994088,0.0,1,0.0
2945,3154,0.03617937979730672,2.0,2.0,2.0,2,8.438746222988501e-05,150.88578954470518,1,0.0
2946,2443,0.03617879413421874,2.0,2.0,2.0,2,8.498233845833168e-05,75.96811302740889,1,0.0
2947,2444,0.03617638317005436,2.0,2.0,2.0,2,8.399687670586223e-05,178.62398783196738,1,0.0
2948,1003,0.036175355710657206,2.0,2.0,2.0,2,8.436841060122238e-05,127.63569402557019,1,0.0
2949,608,0.03617338649295692,2.0,2.0,2.0,2,8.527264219279004e-05,6.912792396992097,1,0.0
2950,1828,0.03617300190791149,2.0,2.0,2.0,2,8.477811194525735e-05,63.66420153923062,1,0.0
2951,1685,0.03617285988495104,2.0,2.0,2.0,2,8.518595139078114e-05,13.94798474421932,1,0.0
2952,1578,0.03617158151486281,2.0,2.0,2.0,2,8.413371908482061e-05,131.78140098971718,1,0.0
2953,2803,0.036170405742561786,2.0,2.0,2.0,1,8.517239926771598e-05,0.0,1,0.0
2954,1822,0.03616821995474579,2.0,2.0,2.0,2,8.505653935864257e-05,0.0,1,0.0
2955,2436,0.03616777770138575,2.0,2.0,2.0,2,8.450636722941777e-05,63.045432668984525,1,0.0
2956,1905,0.036166479853819995,2.0,2.0,2.0,2,8.432437982703452e-05,76.59382254040364,1,0.0
2957,251,0.03616489129984167,1.0,1.0,1.0,1,0.00011748485706715843,0.0,1,0.0
2958,555,0.03616482637855299,2.0,2.0,2.0,2,8.292276396662126e-05,233.865877280626,1,0.0
2959,664,0.0361622716837718,2.0,2.0,2.0,2,8.473733902856337e-05,0.4675377155172414,1,0.0
2960,1875,0.03616155700239481,2.0,2.0,2.0,2,8.4174659635241e-05,63.28159830003982,1,0.0
2961,2524,0.036156772467182526,2.0,2.0,2.0,2,8.319844002616373e-05,149.77237140593272,1,0.0
2962,1601,0.03615584144617251,2.0,2.0,2.0,2,8.309125269854438e-05,156.69507740161083,1,0.0
2963,1671,0.036155527743610506,2.0,2.0,2.0,2,8.420896852762297e-05,20.92305010555636,1,0.0
2964,2582,0.03615199050540317,2.0,2.0,2.0,2,8.334289767726954e-05,102.14323946389186,1,0.0
2965,2343,0.03614872117303431,2.0,2.0,2.0,2,8.4019236624714e-05,0.4488397854477612,1,0.0
2966,3062,0.036148352008022966,2.0,2.0,2.0,2,8.390510868896289e-05,11.766922433035713,1,0.0
2967,1747,0.03614522710778312,2.0,2.0,2.0,2,8.30674058925708e-05,92.20771742025374,1,0.0
2968,2209,0.03614254122532203,2.0,2.0,2.0,2,8.369541215572202e-05,0.0,1,0.0
2969,2783,0.03614248412186789,2.0,2.0,2.0,1,8.369238532898432e-05,0.0,1,0.0
2970,3560,0.03614123936517899,2.0,2.0,2.0,2,8.354865118963702e-05,9.30660578798733,1,0.0
2971,2267,0.036141080944521016,2.0,2.0,2.0,2,8.333034141533303e-05,34.431480072208274,1,0.0
2972,1109,0.03614052573457366,2.0,2.0,2.0,2,8.35862190386068e-05,0.282470703125,1,0.0
2973,2008,0.03614025562901019,2.0,2.0,2.0,2,8.277977319019525e-05,95.09402184547115,1,0.0
2974,2752,0.036138345611194216,2.0,2.0,2.0,2,8.281813595316402e-05,78.38437985511385,1,0.0
2975,2693,0.036137350310272334,2.0,2.0,2.0,2,8.274647707982983e-05,80.64679236962856,1,0.0
2976,2845,0.036134503252093,2.0,2.0,2.0,2,8.287573591016906e-05,47.112646604601096,1,0.0
2977,2184,0.036133097300306484,2.0,2.0,2.0,2,8.319293931107017e-05,0.2259765625,1,0.0
2978,1538,0.03612855748954924,2.0,2.0,2.0,2,8.295419000081336e-05,0.0,1,0.0
2979,861,0.03612835884786095,2.0,2.0,2.0,2,8.294366079583969e-05,0.0,1,0.0
2980,727,0.036125933122924926,2.0,2.0,2.0,2,8.240421016969479e-05,49.17821133079054,1,0.0
2981,105,0.03612481016874726,2.0,2.0,2.0,1,8.275555944563758e-05,0.0,1,0.0
2982,2557,0.036124365902005,2.0,2.0,2.0,2,8.222875969373908e-05,60.235169677927324,1,0.0
2983,2673,0.03612328542162947,2.0,2.0,2.0,2,8.177139526691389e-05,108.12308307232041,1,0.0
2984,3692,0.03612231831273245,2.0,2.0,2.0,2,8.251496898115213e-05,12.987444196428571,1,0.0
2985,1883,0.03612142621344593,2.0,2.0,2.0,2,8.246211530079633e-05,13.653776092712146,1,0.0
2986,2441,0.0361202919247521,2.0,2.0,2.0,2,8.243233683168016e-05,10.021640070025335,1,0.0
2987,2050,0.03611928271866801,2.0,2.0,2.0,2,8.246257132533402e-05,0.0,1,0.0
2988,194,0.036115223562763685,2.0,2.0,2.0,1,8.224741163300297e-05,0.0,1,0.0
2989,2411,0.03611131538320105,2.0,2.0,2.0,2,8.201919633435137e-05,2.5205078125,1,0.0
2990,2314,0.03611115123661682,2.0,2.0,2.0,2,8.200583646176879e-05,3.07816722972973,1,0.0
2991,1577,0.036109513215045144,2.0,2.0,2.0,2,8.191383332000016e-05,3.6979497948930673,1,0.0
2992,813,0.03610876278737561,2.0,2.0,2.0,2,8.179714338538386e-05,12.903799758184523,1,0.0
2993,1998,0.03610645873142735,2.0,2.0,2.0,2,8.178282282239572e-05,0.0,1,0.0
2994,412,0.03610501914131898,2.0,2.0,2.0,2,8.167528076912862e-05,3.7385968180224407,1,0.0
2995,1661,0.036103749772468344,2.0,2.0,2.0,2,8.162092949073726e-05,2.1906294389204546,1,0.0
2996,3488,0.0361037203633976,2.0,2.0,2.0,2,8.163767283637447e-05,0.0,1,0.0
2997,269,0.03610323196636904,2.0,2.0,2.0,1,8.161178485451893e-05,0.0,1,0.0
2998,3551,0.03610291910426636,2.0,2.0,2.0,2,8.158833589097915e-05,0.8217329545454546,1,0.0
2999,2647,0.03610162804000829,2.0,2.0,2.0,2,8.00756092182982e-05,173.69215715613558,1,0.0
3000,2695,0.03610038446707013,2.0,2.0,2.0,2,8.058044966776948e-05,105.37700861059018,1,0.0
3001,2054,0.03609927392409367,2.0,2.0,2.0,2,8.140198479305913e-05,0.0,1,0.0
3002,2753,0.036098641657603424,2.0,2.0,2.0,2,8.123570602999477e-05,15.89090381701505,1,0.0
3003,1073,0.03609691053356087,2.0,2.0,2.0,2,8.077592807402288e-05,59.939752336108185,1,0.0
3004,758,0.036095432611053475,2.0,2.0,2.0,2,8.080845474116603e-05,46.67003154127167,1,0.0
3005,1614,0.036093697582591865,2.0,2.0,2.0,2,8.110640513311434e-05,0.0,1,0.0
3006,924,0.03609272728336263,2.0,2.0,2.0,2,8.089746179106588e-05,18.852901785714284,1,0.0
3007,2186,0.03609126136301026,2.0,2.0,2.0,2,8.063920409315698e-05,40.46392326856516,1,0.0
3008,3187,0.036090449557535806,2.0,2.0,2.0,2,8.093424025740683e-05,0.0,1,0.0
3009,2111,0.03608880326546494,1.0,1.0,1.0,1,0.00011345173332112586,0.0,1,0.0
3010,2710,0.03608877892427811,2.0,2.0,2.0,2,8.084132975870277e-05,0.521484375,1,0.0
3011,331,0.03608840088182304,2.0,2.0,2.0,2,7.891597939074961e-05,228.57228930107968,1,0.0
3012,2569,0.03608830885474153,2.0,2.0,2.0,1,8.082077012582151e-05,0.0,1,0.0
3013,3457,0.03608735801619366,2.0,2.0,2.0,2,8.076458807528369e-05,0.6920460497079737,1,0.0
3014,573,0.03608669336480361,2.0,2.0,2.0,2,8.042892155138185e-05,36.651866444670404,1,0.0
3015,2412,0.03608362548671658,2.0,2.0,2.0,2,8.054212020249722e-05,3.639027137969263,1,0.0
3016,2494,0.03608362548671658,2.0,2.0,2.0,2,8.054212020249722e-05,3.639027137969263,1,0.0
3017,2167,0.036079998087488255,2.0,2.0,2.0,2,8.023036340214142e-05,17.94017745728608,1,0.0
3018,3292,0.036076517421267794,2.0,2.0,2.0,2,8.01957531867953e-05,0.0,1,0.0
3019,1959,0.036076192089248164,2.0,2.0,2.0,2,8.017850863179441e-05,0.0,1,0.0
3020,671,0.036076047091738346,2.0,2.0,2.0,2,8.016610293606399e-05,0.56494140625,1,0.0
3021,2470,0.03607354085155814,2.0,2.0,2.0,2,8.003797707815912e-05,0.0,1,0.0
3022,615,0.036073514569941637,2.0,2.0,2.0,1,8.003658399431256e-05,0.0,1,0.0
3023,3780,0.036073485398842996,2.0,2.0,2.0,1,8.003503775052282e-05,0.0,1,0.0
3024,3709,0.036069797386540856,2.0,2.0,2.0,2,7.983732974745338e-05,0.2658547794117647,1,0.0
3025,3112,0.03606851246510065,2.0,2.0,2.0,2,7.977144233334589e-05,0.0,1,0.0
3026,1786,0.036068032609523105,2.0,2.0,2.0,2,7.96331119144298e-05,13.512663554369919,1,0.0
3027,2399,0.036066841675680805,2.0,2.0,2.0,2,7.961314941493099e-05,8.346253744071698,1,0.0
3028,1880,0.03606318970938041,2.0,2.0,2.0,2,7.948930424599133e-05,0.0,1,0.0
3029,2248,0.03606314452370036,2.0,2.0,2.0,1,7.948690913300554e-05,0.0,1,0.0
3030,85,0.03606179363884882,2.0,2.0,2.0,2,7.923268064461916e-05,21.858588386727693,1,0.0
3031,3540,0.036060778149365695,2.0,2.0,2.0,2,7.824567720724675e-05,133.55244372508403,1,0.0
3032,3606,0.03606041527064195,1.0,1.0,1.0,1,0.00011194699874675196,0.0,1,0.0
3033,2391,0.03605781335659229,2.0,2.0,2.0,2,7.919766172549964e-05,0.7975643382352942,1,0.0
3034,1019,0.03605758388608505,1.0,1.0,1.0,1,0.00011179691832498607,0.0,1,0.0
3035,143,0.036057136347710884,2.0,2.0,2.0,2,7.870527271220429e-05,55.437430119451086,1,0.0
3036,688,0.03605607755349893,2.0,2.0,2.0,2,7.889193550168679e-05,26.377949374062382,1,0.0
3037,3556,0.03605604358055564,2.0,2.0,2.0,2,7.907081974936949e-05,4.751377333603896,1,0.0
3038,2804,0.03605411050290533,2.0,2.0,2.0,2,7.79488150397564e-05,126.78227189793947,1,0.0
3039,2467,0.03605385149125932,2.0,2.0,2.0,2,7.809151941642817e-05,108.05840905334924,1,0.0
3040,2553,0.03605333377713603,2.0,2.0,2.0,2,7.894094195643217e-05,3.1046416197029796,1,0.0
3041,3455,0.03605111771721411,2.0,2.0,2.0,2,7.883911792398203e-05,1.2325994318181819,1,0.0
3042,2458,0.03604997970676542,2.0,2.0,2.0,2,7.872178782708267e-05,8.056090633792618,1,0.0
3043,2730,0.03604968274237191,2.0,2.0,2.0,1,7.877335370494874e-05,0.0,1,0.0
3044,1175,0.03604761493093935,2.0,2.0,2.0,2,7.866374725422028e-05,0.0,1,0.0
3045,2305,0.036047331271021874,2.0,2.0,2.0,2,7.847977253027648e-05,20.220671207900736,1,0.0
3046,2993,0.03604677707172023,2.0,2.0,2.0,2,7.859160214168984e-05,3.3194850394360325,1,0.0
3047,2591,0.03604573736540046,2.0,2.0,2.0,2,7.855286235969414e-05,1.3600161590770312,1,0.0
3048,2456,0.03604491042331465,1.0,1.0,1.0,1,0.00011112514852487929,0.0,1,0.0
3049,2107,0.03604452630916237,1.0,1.0,1.0,1,0.00011110478816307708,0.0,1,0.0
3050,3250,0.03604325588190312,2.0,2.0,2.0,2,7.837277577798814e-05,7.171430061613487,1,0.0
3051,3619,0.036041057845258524,2.0,2.0,2.0,2,7.805146763824135e-05,31.684251895891343,1,0.0
3052,3743,0.03604009748550938,2.0,2.0,2.0,2,7.8219138418179e-05,5.5224727968714395,1,0.0
3053,976,0.0360388596609195,2.0,2.0,2.0,2,7.818844451451082e-05,1.3430336782094594,1,0.0
3054,769,0.03603801865401904,2.0,2.0,2.0,2,7.815508682373543e-05,0.0,1,0.0
3055,1936,0.036036339479033466,2.0,2.0,2.0,2,7.80061144996897e-05,7.177450683451818,1,0.0
3056,2534,0.03603560998334876,2.0,2.0,2.0,2,7.802741278199843e-05,0.0,1,0.0
3057,1246,0.03603555889077262,2.0,2.0,2.0,2,7.802470456797037e-05,0.0,1,0.0
3058,3034,0.036034483402513445,2.0,2.0,2.0,2,7.762239287998612e-05,41.33020661972113,1,0.0
3059,3565,0.036034258572708484,2.0,2.0,2.0,2,7.79557798848082e-05,0.0,1,0.0
3060,1599,0.036031385586115974,2.0,2.0,2.0,2,7.780349430477947e-05,0.0,1,0.0
3061,3579,0.036028920435106734,2.0,2.0,2.0,2,7.760670148569912e-05,7.914638671875,1,0.0
3062,3333,0.03602473073182876,2.0,2.0,2.0,2,7.738123957303438e-05,8.31948813773098,1,0.0
3063,3043,0.03602436228431312,2.0,2.0,2.0,2,7.681058170551366e-05,74.28515613974965,1,0.0
3064,2346,0.0360242130395239,1.0,1.0,1.0,1,0.00011002806261996643,0.0,1,0.0
3065,3291,0.036024200746950626,2.0,2.0,2.0,2,7.729024925547347e-05,15.847874359905267,1,0.0
3066,2849,0.036022950200056095,2.0,2.0,2.0,2,7.734342191407656e-05,1.5495535714285715,1,0.0
3067,3049,0.03602212197095487,2.0,2.0,2.0,2,7.707517829732255e-05,28.40158075017075,1,0.0
3068,3475,0.03602113965968347,1.0,1.0,1.0,1,0.00010986515499176272,0.0,1,0.0
3069,3091,0.036018611914879047,2.0,2.0,2.0,2,7.705492709197368e-05,8.556281940591386,1,0.0
3070,3608,0.03601819708628938,2.0,2.0,2.0,2,7.694684987710895e-05,18.860432886816437,1,0.0
3071,2009,0.03601624447277052,2.0,2.0,2.0,2,7.674725598057588e-05,30.362082561344195,1,0.0
3072,3096,0.03601333492779343,2.0,2.0,2.0,2,7.679538891824483e-05,6.141625109374468,1,0.0
3073,2560,0.036011648055355186,2.0,2.0,2.0,2,7.661750258825231e-05,16.731018591313006,1,0.0
3074,3791,0.03601031835201685,2.0,2.0,2.0,1,7.668680410763629e-05,0.0,1,0.0
3075,3108,0.03600870232831117,2.0,2.0,2.0,2,7.644812838766665e-05,18.314897035146757,1,0.0
3076,3442,0.036008065424833674,2.0,2.0,2.0,2,7.656738540803403e-05,0.0,1,0.0
3077,3068,0.03600589071993833,2.0,2.0,2.0,2,7.620133541239897e-05,30.01609521956417,1,0.0
3078,3172,0.03600019889404163,2.0,2.0,2.0,2,7.615041193255712e-05,0.0,1,0.0
3079,670,0.03599780036017769,2.0,2.0,2.0,1,7.602327520256331e-05,0.0,1,0.0
3080,2350,0.03599321526483838,1.0,1.0,1.0,1,0.00010838499400632213,0.0,1,0.0
3081,199,0.03598962005726161,2.0,2.0,2.0,1,7.558966991612305e-05,0.0,1,0.0
3082,1165,0.03598733854699449,1.0,1.0,1.0,1,0.0001080734925924785,0.0,1,0.0
3083,2504,0.03598371385317872,1.0,1.0,1.0,1,0.00010788136200558358,0.0,1,0.0
3084,3057,0.035979642169352455,2.0,2.0,2.0,2,7.506078180656301e-05,0.0,1,0.0
3085,1438,0.035977380519211476,2.0,2.0,2.0,2,7.484663023098675e-05,11.283436367450735,1,0.0
3086,645,0.035977268511229454,2.0,2.0,2.0,2,7.482987069985684e-05,12.578796384206612,1,0.0
3087,3815,0.035976506436173866,2.0,2.0,2.0,2,7.488329362796234e-05,1.3495822482638888,1,0.0
3088,3716,0.03597467028397033,2.0,2.0,2.0,2,7.47450485727121e-05,6.24713678874197,1,0.0
3089,2988,0.0359745185514023,2.0,2.0,2.0,2,7.476980020418644e-05,2.3219091796875,1,0.0
3090,647,0.035970736996896006,2.0,2.0,2.0,2,7.452259686541988e-05,7.918496000111012,1,0.0
3091,107,0.0359703345741837,2.0,2.0,2.0,2,7.445698322317384e-05,13.21879999144941,1,0.0
3092,3115,0.035967233388617015,2.0,2.0,2.0,2,7.440304174725696e-05,0.0,1,0.0
3093,686,0.035960707148585694,2.0,2.0,2.0,2,7.405711174843063e-05,0.0,1,0.0
3094,3405,0.03596042024922269,2.0,2.0,2.0,2,7.402793359142524e-05,1.6721903096080817,1,0.0
3095,3570,0.03595991568788494,2.0,2.0,2.0,2,7.401515956800711e-05,0.0,1,0.0
3096,2021,0.03595780743386346,2.0,2.0,2.0,2,7.386361740300232e-05,4.762790291305917,1,0.0
3097,1046,0.03594309221409449,2.0,2.0,2.0,2,7.312127610833527e-05,0.2559136284722222,1,0.0
3098,1068,0.03594247736633344,2.0,2.0,2.0,1,7.309082357593676e-05,0.0,1,0.0
3099,2817,0.03594070129274889,2.0,2.0,2.0,1,7.29966809869315e-05,0.0,1,0.0
3100,3612,0.03592559151042707,2.0,2.0,2.0,2,7.219577158798714e-05,0.0,1,0.0
3101,1147,0.03592027805709847,2.0,2.0,2.0,1,7.191412658337436e-05,0.0,1,0.0
3102,3839,0.03592013507818449,2.0,2.0,2.0,2,7.190654784043713e-05,0.0,1,0.0
3103,2676,0.03588806818876771,2.0,2.0,2.0,2,7.020680971173349e-05,0.0,1,0.0
3104,1380,0.03576627426172339,1.0,1.0,1.0,1,9.635575503190246e-05,0.0,1,0.0
3105,1381,0.03576627426172339,1.0,1.0,1.0,1,9.635575503190246e-05,0.0,1,0.0
3106,1383,0.03576627426172339,1.0,1.0,1.0,1,9.635575503190246e-05,0.0,1,0.0
3107,1384,0.03576627426172339,1.0,1.0,1.0,1,9.635575503190246e-05,0.0,1,0.0
3108,1385,0.03576627426172339,1.0,1.0,1.0,1,9.635575503190246e-05,0.0,1,0.0
3109,1386,0.03576627426172339,1.0,1.0,1.0,1,9.635575503190246e-05,0.0,1,0.0
3110,1387,0.03576627426172339,1.0,1.0,1.0,1,9.635575503190246e-05,0.0,1,0.0
3111,342,0.03575806338354426,1.0,1.0,1.0,1,9.592052907250837e-05,0.0,1,0.0
3112,2386,0.035751776473876125,1.0,1.0,1.0,1,9.558728502330366e-05,0.0,1,0.0
3113,1113,0.03568062224701338,1.0,1.0,1.0,1,9.181568276886968e-05,0.0,1,0.0
3114,2097,0.03568004281381444,1.0,1.0,1.0,1,9.178496932209709e-05,0.0,1,0.0
3115,2657,0.035672549237890754,1.0,1.0,1.0,1,9.138776469921409e-05,0.0,1,0.0
3116,2116,0.035650223683066196,1.0,1.0,1.0,1,9.020437593061406e-05,0.0,1,0.0
3117,3020,0.03563968171467799,1.0,1.0,1.0,1,8.964558816083298e-05,0.0,1,0.0
3118,2659,0.035626877439396194,1.0,1.0,1.0,1,8.896688451034724e-05,0.0,1,0.0
3119,1053,0.03562020046639274,1.0,1.0,1.0,1,8.8612964756835e-05,0.0,1,0.0
3120,1785,0.035582121187437366,1.0,1.0,1.0,1,8.659453379794978e-05,0.0,1,0.0
3121,1071,0.03557483828298839,1.0,1.0,1.0,1,8.620849603112001e-05,0.0,1,0.0
3122,1920,0.035562110724218735,1.0,1.0,1.0,1,8.553385881748465e-05,0.0,1,0.0
3123,2509,0.03555399340306653,1.0,1.0,1.0,1,8.51035919435759e-05,0.0,1,0.0
3124,2930,0.035538847974744346,1.0,1.0,1.0,1,8.430079309208261e-05,0.0,1,0.0
3125,2771,0.03553481457452555,1.0,1.0,1.0,1,8.408699860609119e-05,0.0,1,0.0
3126,823,0.03551977947303608,1.0,1.0,1.0,1,8.329004774071605e-05,0.0,1,0.0
3127,3532,0.03551579117770412,1.0,1.0,1.0,1,8.307864408518389e-05,0.0,1,0.0
3128,1143,0.035506946868324944,1.0,1.0,1.0,1,8.260984245997948e-05,0.0,1,0.0
3129,2541,0.03550672919694408,1.0,1.0,1.0,1,8.259830456677211e-05,0.0,1,0.0
3130,1646,0.03547650994213933,1.0,1.0,1.0,1,8.09965021922095e-05,0.0,1,0.0
3131,3264,0.0354733996119637,1.0,1.0,1.0,1,8.08316359738601e-05,0.0,1,0.0
3132,2762,0.035468652770499175,1.0,1.0,1.0,1,8.058002480810912e-05,0.0,1,0.0
3133,1892,0.03546606236721873,1.0,1.0,1.0,1,8.044271784430413e-05,0.0,1,0.0
3134,3277,0.03546254248517873,1.0,1.0,1.0,1,8.025614291231856e-05,0.0,1,0.0
3135,953,0.03545054043542258,1.0,1.0,1.0,1,7.96199620427626e-05,0.0,1,0.0
3136,2389,0.03544888119702901,1.0,1.0,1.0,1,7.953201242203397e-05,0.0,1,0.0
3137,2521,0.03544753134507778,1.0,1.0,1.0,1,7.946046214474354e-05,0.0,1,0.0
3138,2787,0.03543980847776653,1.0,1.0,1.0,1,7.905110369836484e-05,0.0,1,0.0
3139,3005,0.035418998729070436,1.0,1.0,1.0,1,7.794806177721799e-05,0.0,1,0.0
3140,1595,0.035417551230463175,1.0,1.0,1.0,1,7.787133563948673e-05,0.0,1,0.0
3141,995,0.03541686819461025,1.0,1.0,1.0,1,7.783513062853608e-05,0.0,1,0.0
3142,1372,0.035412194936234716,1.0,1.0,1.0,1,7.758741980935025e-05,0.0,1,0.0
3143,2039,0.03540153953453805,1.0,1.0,1.0,1,7.702261939153982e-05,0.0,1,0.0
3144,2422,0.03540153953453805,1.0,1.0,1.0,1,7.702261939153982e-05,0.0,1,0.0
3145,3220,0.035399384617400706,1.0,1.0,1.0,1,7.690839581422499e-05,0.0,1,0.0
3146,3483,0.0353970589002695,1.0,1.0,1.0,1,7.678511880930252e-05,0.0,1,0.0
3147,2689,0.0353917194679276,1.0,1.0,1.0,1,7.650209676063399e-05,0.0,1,0.0
3148,3531,0.035384281719140556,1.0,1.0,1.0,1,7.610785131198028e-05,0.0,1,0.0
3149,1943,0.035383498137239636,1.0,1.0,1.0,1,7.606631675536497e-05,0.0,1,0.0
3150,1392,0.03537836597788798,1.0,1.0,1.0,1,7.579428142262003e-05,0.0,1,0.0
3151,1755,0.03537480362514161,1.0,1.0,1.0,1,7.560545528759299e-05,0.0,1,0.0
3152,1794,0.03537480362514161,1.0,1.0,1.0,1,7.560545528759299e-05,0.0,1,0.0
3153,1842,0.03537480362514161,1.0,1.0,1.0,1,7.560545528759299e-05,0.0,1,0.0
3154,2072,0.03537480362514161,1.0,1.0,1.0,1,7.560545528759299e-05,0.0,1,0.0
3155,2162,0.03537480362514161,1.0,1.0,1.0,1,7.560545528759299e-05,0.0,1,0.0
3156,2349,0.03537480362514161,1.0,1.0,1.0,1,7.560545528759299e-05,0.0,1,0.0
3157,2388,0.03537480362514161,1.0,1.0,1.0,1,7.560545528759299e-05,0.0,1,0.0
3158,3425,0.03537066974876504,1.0,1.0,1.0,1,7.53863349605397e-05,0.0,1,0.0
3159,1750,0.03536902155870976,1.0,1.0,1.0,1,7.529897096823283e-05,0.0,1,0.0
3160,2280,0.03535857564587515,1.0,1.0,1.0,1,7.474527472088752e-05,0.0,1,0.0
3161,3025,0.035357695147056875,1.0,1.0,1.0,1,7.469860298437335e-05,0.0,1,0.0
3162,3596,0.035357695147056875,1.0,1.0,1.0,1,7.469860298437335e-05,0.0,1,0.0
3163,2361,0.03535371448064985,1.0,1.0,1.0,1,7.448760370777589e-05,0.0,1,0.0
3164,403,0.035344649228031516,1.0,1.0,1.0,1,7.40070907611833e-05,0.0,1,0.0
3165,928,0.035344649228031516,1.0,1.0,1.0,1,7.40070907611833e-05,0.0,1,0.0
3166,930,0.035344649228031516,1.0,1.0,1.0,1,7.40070907611833e-05,0.0,1,0.0
3167,1897,0.03534256372738547,1.0,1.0,1.0,1,7.389654667568004e-05,0.0,1,0.0
3168,2105,0.03534256372738547,1.0,1.0,1.0,1,7.389654667568004e-05,0.0,1,0.0
3169,2319,0.03534256372738547,1.0,1.0,1.0,1,7.389654667568004e-05,0.0,1,0.0
3170,2040,0.03534119984864257,1.0,1.0,1.0,1,7.382425289401308e-05,0.0,1,0.0
3171,1061,0.03533372150271147,1.0,1.0,1.0,1,7.342785555239626e-05,0.0,1,0.0
3172,2160,0.03533269200812094,1.0,1.0,1.0,1,7.337328614324455e-05,0.0,1,0.0
3173,475,0.03533014087678181,1.0,1.0,1.0,1,7.323806082868095e-05,0.0,1,0.0
3174,26,0.03533009367914526,1.0,1.0,1.0,1,7.323555906989224e-05,0.0,1,0.0
3175,2551,0.03532423372062535,1.0,1.0,1.0,1,7.292494600108292e-05,0.0,1,0.0
3176,1138,0.035314549992905266,1.0,1.0,1.0,1,7.241165015190116e-05,0.0,1,0.0
3177,2316,0.035309480461017326,1.0,1.0,1.0,1,7.214293445164668e-05,0.0,1,0.0
3178,2628,0.035296502885296996,1.0,1.0,1.0,1,7.14550448349372e-05,0.0,1,0.0
3179,2253,0.03529517778907986,1.0,1.0,1.0,1,7.138480676054232e-05,0.0,1,0.0
3180,1592,0.03529274371835018,1.0,1.0,1.0,1,7.125578636279115e-05,0.0,1,0.0
3181,2432,0.03529260072878257,1.0,1.0,1.0,1,7.124820705514705e-05,0.0,1,0.0
3182,1796,0.03529167185518936,1.0,1.0,1.0,1,7.119897116442516e-05,0.0,1,0.0
3183,3431,0.035290537547260456,1.0,1.0,1.0,1,7.113884601753621e-05,0.0,1,0.0
3184,2780,0.035281412696606,1.0,1.0,1.0,1,7.065517401634777e-05,0.0,1,0.0
3185,1910,0.03528098210785062,1.0,1.0,1.0,1,7.063235022088082e-05,0.0,1,0.0
3186,2363,0.03528098210785062,1.0,1.0,1.0,1,7.063235022088082e-05,0.0,1,0.0
3187,2683,0.03528098210785062,1.0,1.0,1.0,1,7.063235022088082e-05,0.0,1,0.0
3188,1095,0.035277067125381,1.0,1.0,1.0,1,7.042483258827457e-05,0.0,1,0.0
3189,1098,0.035277067125381,1.0,1.0,1.0,1,7.042483258827457e-05,0.0,1,0.0
3190,3858,0.03527627987154329,1.0,1.0,1.0,1,7.038310339691044e-05,0.0,1,0.0
3191,2617,0.03527122533498704,1.0,1.0,1.0,1,7.011518253948295e-05,0.0,1,0.0
3192,736,0.03526676484328039,1.0,1.0,1.0,1,6.98787496342509e-05,0.0,1,0.0
3193,3224,0.035266733174806504,1.0,1.0,1.0,1,6.987707101454309e-05,0.0,1,0.0
3194,1744,0.035265450250092346,1.0,1.0,1.0,1,6.980906828360878e-05,0.0,1,0.0
3195,3204,0.03526298003953323,1.0,1.0,1.0,1,6.967813225739566e-05,0.0,1,0.0
3196,3497,0.03526298003953323,1.0,1.0,1.0,1,6.967813225739566e-05,0.0,1,0.0
3197,507,0.03525605397310054,1.0,1.0,1.0,1,6.931100905300342e-05,0.0,1,0.0
3198,3027,0.03525474091988053,1.0,1.0,1.0,1,6.924140932993542e-05,0.0,1,0.0
3199,3452,0.03525237620192871,1.0,1.0,1.0,1,6.911606504679969e-05,0.0,1,0.0
3200,3214,0.035251034305822666,1.0,1.0,1.0,1,6.904493647718516e-05,0.0,1,0.0
3201,628,0.03524973620686232,1.0,1.0,1.0,1,6.897612941987897e-05,0.0,1,0.0
3202,397,0.035249282126910704,1.0,1.0,1.0,1,6.89520604496332e-05,0.0,1,0.0
3203,3239,0.03524300688639702,1.0,1.0,1.0,1,6.861943493584353e-05,0.0,1,0.0
3204,542,0.03524047531098182,1.0,1.0,1.0,1,6.848524620294276e-05,0.0,1,0.0
3205,2513,0.03523702213288565,1.0,1.0,1.0,1,6.830220698142775e-05,0.0,1,0.0
3206,2562,0.03523702213288565,1.0,1.0,1.0,1,6.830220698142775e-05,0.0,1,0.0
3207,2664,0.035236484433442836,1.0,1.0,1.0,1,6.827370567489763e-05,0.0,1,0.0
3208,1544,0.035234144809570024,1.0,1.0,1.0,1,6.814969152897423e-05,0.0,1,0.0
3209,1551,0.035234144809570024,1.0,1.0,1.0,1,6.814969152897423e-05,0.0,1,0.0
3210,1662,0.035234144809570024,1.0,1.0,1.0,1,6.814969152897423e-05,0.0,1,0.0
3211,1772,0.035234144809570024,1.0,1.0,1.0,1,6.814969152897423e-05,0.0,1,0.0
3212,1962,0.035234144809570024,1.0,1.0,1.0,1,6.814969152897423e-05,0.0,1,0.0
3213,2012,0.035234144809570024,1.0,1.0,1.0,1,6.814969152897423e-05,0.0,1,0.0
3214,2042,0.035234144809570024,1.0,1.0,1.0,1,6.814969152897423e-05,0.0,1,0.0
3215,2122,0.035234144809570024,1.0,1.0,1.0,1,6.814969152897423e-05,0.0,1,0.0
3216,2183,0.035234144809570024,1.0,1.0,1.0,1,6.814969152897423e-05,0.0,1,0.0
3217,2425,0.035234144809570024,1.0,1.0,1.0,1,6.814969152897423e-05,0.0,1,0.0
3218,2691,0.035230720470698015,1.0,1.0,1.0,1,6.796818095990401e-05,0.0,1,0.0
3219,3549,0.03522783289094979,1.0,1.0,1.0,1,6.781512185479584e-05,0.0,1,0.0
3220,1549,0.03522348748387618,1.0,1.0,1.0,1,6.758478912773421e-05,0.0,1,0.0
3221,1377,0.03522276402730456,1.0,1.0,1.0,1,6.754644157542678e-05,0.0,1,0.0
3222,1406,0.03522061670663721,1.0,1.0,1.0,1,6.743262065674013e-05,0.0,1,0.0
3223,1640,0.03522061670663721,1.0,1.0,1.0,1,6.743262065674013e-05,0.0,1,0.0
3224,2232,0.03522061670663721,1.0,1.0,1.0,1,6.743262065674013e-05,0.0,1,0.0
3225,2390,0.03522061670663721,1.0,1.0,1.0,1,6.743262065674013e-05,0.0,1,0.0
3226,2439,0.03522061670663721,1.0,1.0,1.0,1,6.743262065674013e-05,0.0,1,0.0
3227,2452,0.03522061670663721,1.0,1.0,1.0,1,6.743262065674013e-05,0.0,1,0.0
3228,2453,0.03522061670663721,1.0,1.0,1.0,1,6.743262065674013e-05,0.0,1,0.0
3229,2648,0.03522061670663721,1.0,1.0,1.0,1,6.743262065674013e-05,0.0,1,0.0
3230,1498,0.03521749122804287,1.0,1.0,1.0,1,6.726695148103069e-05,0.0,1,0.0
3231,1630,0.03521749122804287,1.0,1.0,1.0,1,6.726695148103069e-05,0.0,1,0.0
3232,1790,0.03521749122804287,1.0,1.0,1.0,1,6.726695148103069e-05,0.0,1,0.0
3233,1814,0.03521749122804287,1.0,1.0,1.0,1,6.726695148103069e-05,0.0,1,0.0
3234,1815,0.03521749122804287,1.0,1.0,1.0,1,6.726695148103069e-05,0.0,1,0.0
3235,2023,0.03521749122804287,1.0,1.0,1.0,1,6.726695148103069e-05,0.0,1,0.0
3236,2069,0.03521749122804287,1.0,1.0,1.0,1,6.726695148103069e-05,0.0,1,0.0
3237,2273,0.03521749122804287,1.0,1.0,1.0,1,6.726695148103069e-05,0.0,1,0.0
3238,2291,0.03521749122804287,1.0,1.0,1.0,1,6.726695148103069e-05,0.0,1,0.0
3239,2387,0.03521749122804287,1.0,1.0,1.0,1,6.726695148103069e-05,0.0,1,0.0
3240,2406,0.03521749122804287,1.0,1.0,1.0,1,6.726695148103069e-05,0.0,1,0.0
3241,2445,0.03521749122804287,1.0,1.0,1.0,1,6.726695148103069e-05,0.0,1,0.0
3242,2533,0.03521749122804287,1.0,1.0,1.0,1,6.726695148103069e-05,0.0,1,0.0
3243,2561,0.03521749122804287,1.0,1.0,1.0,1,6.726695148103069e-05,0.0,1,0.0
3244,2578,0.03521749122804287,1.0,1.0,1.0,1,6.726695148103069e-05,0.0,1,0.0
3245,2662,0.03521749122804287,1.0,1.0,1.0,1,6.726695148103069e-05,0.0,1,0.0
3246,3592,0.03521749122804287,1.0,1.0,1.0,1,6.726695148103069e-05,0.0,1,0.0
3247,3723,0.035216213778260536,1.0,1.0,1.0,1,6.719923895443308e-05,0.0,1,0.0
3248,2096,0.035215195214097356,1.0,1.0,1.0,1,6.71452489237134e-05,0.0,1,0.0
3249,1491,0.035212059594023085,1.0,1.0,1.0,1,6.697904218853263e-05,0.0,1,0.0
3250,2965,0.03521085691260168,1.0,1.0,1.0,1,6.691529283504618e-05,0.0,1,0.0
3251,1394,0.035208623299600006,1.0,1.0,1.0,1,6.679689790330308e-05,0.0,1,0.0
3252,2109,0.03520856009905478,1.0,1.0,1.0,1,6.679354789404338e-05,0.0,1,0.0
3253,2057,0.03520394563837117,1.0,1.0,1.0,1,6.654895370639427e-05,0.0,1,0.0
3254,913,0.03519878435373199,1.0,1.0,1.0,1,6.62753745581244e-05,0.0,1,0.0
3255,2766,0.035197875040597765,1.0,1.0,1.0,1,6.622717548944992e-05,0.0,1,0.0
3256,2767,0.035197875040597765,1.0,1.0,1.0,1,6.622717548944992e-05,0.0,1,0.0
3257,96,0.0351958782638837,1.0,1.0,1.0,1,6.612133430631268e-05,0.0,1,0.0
3258,3367,0.03519534958965094,1.0,1.0,1.0,1,6.609331139023248e-05,0.0,1,0.0
3259,1108,0.03519317395703757,1.0,1.0,1.0,1,6.597798976801524e-05,0.0,1,0.0
3260,1079,0.03519111272770778,1.0,1.0,1.0,1,6.586873220834673e-05,0.0,1,0.0
3261,3116,0.03518977920605665,1.0,1.0,1.0,1,6.57980475352429e-05,0.0,1,0.0
3262,1890,0.03518645892602715,1.0,1.0,1.0,1,6.562205271108776e-05,0.0,1,0.0
3263,2258,0.03518645892602715,1.0,1.0,1.0,1,6.562205271108776e-05,0.0,1,0.0
3264,3325,0.03518567372725006,1.0,1.0,1.0,1,6.558043245030455e-05,0.0,1,0.0
3265,3657,0.035182576993305986,1.0,1.0,1.0,1,6.54162869140546e-05,0.0,1,0.0
3266,2398,0.03518224807577991,1.0,1.0,1.0,1,6.539885230563308e-05,0.0,1,0.0
3267,1925,0.035181626363980645,1.0,1.0,1.0,1,6.536589783859593e-05,0.0,1,0.0
3268,2590,0.035181626363980645,1.0,1.0,1.0,1,6.536589783859593e-05,0.0,1,0.0
3269,3721,0.03518116519828969,1.0,1.0,1.0,1,6.534145328152101e-05,0.0,1,0.0
3270,3842,0.0351800218176347,1.0,1.0,1.0,1,6.528084722554667e-05,0.0,1,0.0
3271,2216,0.035179643502907906,1.0,1.0,1.0,1,6.526079426819785e-05,0.0,1,0.0
3272,2310,0.035179643502907906,1.0,1.0,1.0,1,6.526079426819785e-05,0.0,1,0.0
3273,2687,0.035179643502907906,1.0,1.0,1.0,1,6.526079426819785e-05,0.0,1,0.0
3274,2277,0.03517948106066501,1.0,1.0,1.0,1,6.525218385169119e-05,0.0,1,0.0
3275,572,0.03517802499106912,1.0,1.0,1.0,1,6.517500339997907e-05,0.0,1,0.0
3276,3360,0.035175666828279,1.0,1.0,1.0,1,6.505000657986505e-05,0.0,1,0.0
3277,2266,0.035175656019634606,1.0,1.0,1.0,1,6.504943365666159e-05,0.0,1,0.0
3278,2595,0.03517524894854124,1.0,1.0,1.0,1,6.50278564388189e-05,0.0,1,0.0
3279,2264,0.03517475021301405,1.0,1.0,1.0,1,6.500142045431505e-05,0.0,1,0.0
3280,3809,0.03517459270579959,1.0,1.0,1.0,1,6.49930716240161e-05,0.0,1,0.0
3281,2299,0.03517320459927601,1.0,1.0,1.0,1,6.491949362416186e-05,0.0,1,0.0
3282,2972,0.0351714802298214,1.0,1.0,1.0,1,6.482809166521673e-05,0.0,1,0.0
3283,2549,0.035169413708410285,1.0,1.0,1.0,1,6.47185535933881e-05,0.0,1,0.0
3284,2535,0.03516850096401525,1.0,1.0,1.0,1,6.467017264724007e-05,0.0,1,0.0
3285,1260,0.035168249499060535,1.0,1.0,1.0,1,6.465684349123767e-05,0.0,1,0.0
3286,497,0.035167877778859935,1.0,1.0,1.0,1,6.463714008346513e-05,0.0,1,0.0
3287,3161,0.03516727134550714,1.0,1.0,1.0,1,6.460499546604149e-05,0.0,1,0.0
3288,2171,0.035164542101820795,1.0,1.0,1.0,1,6.446032912513431e-05,0.0,1,0.0
3289,2173,0.035164542101820795,1.0,1.0,1.0,1,6.446032912513431e-05,0.0,1,0.0
3290,2655,0.035164542101820795,1.0,1.0,1.0,1,6.446032912513431e-05,0.0,1,0.0
3291,2193,0.03516289400510349,1.0,1.0,1.0,1,6.437297008030198e-05,0.0,1,0.0
3292,2203,0.03516289400510349,1.0,1.0,1.0,1,6.437297008030198e-05,0.0,1,0.0
3293,2355,0.03516289400510349,1.0,1.0,1.0,1,6.437297008030198e-05,0.0,1,0.0
3294,145,0.03516274782809342,1.0,1.0,1.0,1,6.436522181902475e-05,0.0,1,0.0
3295,2126,0.03516223377656683,1.0,1.0,1.0,1,6.433797399437589e-05,0.0,1,0.0
3296,1777,0.03516217270612153,1.0,1.0,1.0,1,6.433473689323164e-05,0.0,1,0.0
3297,3677,0.035160944601068625,1.0,1.0,1.0,1,6.426963993426773e-05,0.0,1,0.0
3298,2007,0.03516060544413748,1.0,1.0,1.0,1,6.425166257575356e-05,0.0,1,0.0
3299,2515,0.03516060544413748,1.0,1.0,1.0,1,6.425166257575356e-05,0.0,1,0.0
3300,1600,0.03515879241388304,1.0,1.0,1.0,1,6.415556106082592e-05,0.0,1,0.0
3301,2064,0.03515879241388304,1.0,1.0,1.0,1,6.415556106082592e-05,0.0,1,0.0
3302,2221,0.03515879241388304,1.0,1.0,1.0,1,6.415556106082592e-05,0.0,1,0.0
3303,2448,0.03515879241388304,1.0,1.0,1.0,1,6.415556106082592e-05,0.0,1,0.0
3304,2603,0.03515879241388304,1.0,1.0,1.0,1,6.415556106082592e-05,0.0,1,0.0
3305,3845,0.035157039644628275,1.0,1.0,1.0,1,6.406265374155268e-05,0.0,1,0.0
3306,3505,0.03515586130712883,1.0,1.0,1.0,1,6.400019476244034e-05,0.0,1,0.0
3307,3319,0.035155764733795954,1.0,1.0,1.0,1,6.39950757945862e-05,0.0,1,0.0
3308,2481,0.035155124325551505,1.0,1.0,1.0,1,6.396113030343221e-05,0.0,1,0.0
3309,2678,0.03515126047747232,1.0,1.0,1.0,1,6.375632310126378e-05,0.0,1,0.0
3310,2960,0.03515126047747232,1.0,1.0,1.0,1,6.375632310126378e-05,0.0,1,0.0
3311,1008,0.03515061571716202,1.0,1.0,1.0,1,6.372214692442739e-05,0.0,1,0.0
3312,2825,0.03514868535163284,1.0,1.0,1.0,1,6.361982593377462e-05,0.0,1,0.0
3313,665,0.03514471913482762,1.0,1.0,1.0,1,6.34095925730353e-05,0.0,1,0.0
3314,1029,0.03514471913482762,1.0,1.0,1.0,1,6.34095925730353e-05,0.0,1,0.0
3315,2334,0.03514379250833386,1.0,1.0,1.0,1,6.336047579210808e-05,0.0,1,0.0
3316,1930,0.03514309612129935,1.0,1.0,1.0,1,6.332356308818132e-05,0.0,1,0.0
3317,2682,0.03514309612129935,1.0,1.0,1.0,1,6.332356308818132e-05,0.0,1,0.0
3318,2565,0.035142041475168966,1.0,1.0,1.0,1,6.32676604960462e-05,0.0,1,0.0
3319,2478,0.03513960145685987,1.0,1.0,1.0,1,6.313832484079146e-05,0.0,1,0.0
3320,2634,0.03513960145685987,1.0,1.0,1.0,1,6.313832484079146e-05,0.0,1,0.0
3321,2788,0.03513960145685987,1.0,1.0,1.0,1,6.313832484079146e-05,0.0,1,0.0
3322,3117,0.03513960145685987,1.0,1.0,1.0,1,6.313832484079146e-05,0.0,1,0.0
3323,3134,0.03513960145685987,1.0,1.0,1.0,1,6.313832484079146e-05,0.0,1,0.0
3324,3136,0.03513960145685987,1.0,1.0,1.0,1,6.313832484079146e-05,0.0,1,0.0
3325,3171,0.03513960145685987,1.0,1.0,1.0,1,6.313832484079146e-05,0.0,1,0.0
3326,3208,0.03513960145685987,1.0,1.0,1.0,1,6.313832484079146e-05,0.0,1,0.0
3327,3235,0.03513960145685987,1.0,1.0,1.0,1,6.313832484079146e-05,0.0,1,0.0
3328,3253,0.03513960145685987,1.0,1.0,1.0,1,6.313832484079146e-05,0.0,1,0.0
3329,3335,0.03513960145685987,1.0,1.0,1.0,1,6.313832484079146e-05,0.0,1,0.0
3330,3342,0.03513960145685987,1.0,1.0,1.0,1,6.313832484079146e-05,0.0,1,0.0
3331,3370,0.03513960145685987,1.0,1.0,1.0,1,6.313832484079146e-05,0.0,1,0.0
3332,3481,0.03513960145685987,1.0,1.0,1.0,1,6.313832484079146e-05,0.0,1,0.0
3333,3482,0.03513960145685987,1.0,1.0,1.0,1,6.313832484079146e-05,0.0,1,0.0
3334,3528,0.03513960145685987,1.0,1.0,1.0,1,6.313832484079146e-05,0.0,1,0.0
3335,3537,0.03513960145685987,1.0,1.0,1.0,1,6.313832484079146e-05,0.0,1,0.0
3336,3545,0.03513960145685987,1.0,1.0,1.0,1,6.313832484079146e-05,0.0,1,0.0
3337,3546,0.03513960145685987,1.0,1.0,1.0,1,6.313832484079146e-05,0.0,1,0.0
3338,3656,0.03513960145685987,1.0,1.0,1.0,1,6.313832484079146e-05,0.0,1,0.0
3339,3722,0.03513960145685987,1.0,1.0,1.0,1,6.313832484079146e-05,0.0,1,0.0
3340,3730,0.03513960145685987,1.0,1.0,1.0,1,6.313832484079146e-05,0.0,1,0.0
3341,3210,0.03513884029823826,1.0,1.0,1.0,1,6.309797885293047e-05,0.0,1,0.0
3342,2384,0.03513709479872983,1.0,1.0,1.0,1,6.300545687396514e-05,0.0,1,0.0
3343,2548,0.035136062370973734,1.0,1.0,1.0,1,6.295073198938512e-05,0.0,1,0.0
3344,3326,0.035135030673956735,1.0,1.0,1.0,1,6.28960458383755e-05,0.0,1,0.0
3345,3548,0.035133362216661565,1.0,1.0,1.0,1,6.280760756037905e-05,0.0,1,0.0
3346,178,0.035133124283892835,1.0,1.0,1.0,1,6.279499569167486e-05,0.0,1,0.0
3347,179,0.035133124283892835,1.0,1.0,1.0,1,6.279499569167486e-05,0.0,1,0.0
3348,2936,0.03513262372190072,1.0,1.0,1.0,1,6.276846289353814e-05,0.0,1,0.0
3349,3301,0.035131677246362104,1.0,1.0,1.0,1,6.271829399377468e-05,0.0,1,0.0
3350,2677,0.03513010117645067,1.0,1.0,1.0,1,6.263475280313576e-05,0.0,1,0.0
3351,2705,0.03513010117645067,1.0,1.0,1.0,1,6.263475280313576e-05,0.0,1,0.0
3352,1131,0.035129769293099584,1.0,1.0,1.0,1,6.261716098813962e-05,0.0,1,0.0
3353,3251,0.035129769293099584,1.0,1.0,1.0,1,6.261716098813962e-05,0.0,1,0.0
3354,3017,0.03512718956682078,1.0,1.0,1.0,1,6.248041996967951e-05,0.0,1,0.0
3355,1881,0.03512629522750112,1.0,1.0,1.0,1,6.243301460329437e-05,0.0,1,0.0
3356,2927,0.03512558240551841,1.0,1.0,1.0,1,6.23952307482023e-05,0.0,1,0.0
3357,3617,0.03512558240551841,1.0,1.0,1.0,1,6.23952307482023e-05,0.0,1,0.0
3358,3653,0.03512558240551841,1.0,1.0,1.0,1,6.23952307482023e-05,0.0,1,0.0
3359,3234,0.03512423657554045,1.0,1.0,1.0,1,6.23238936597005e-05,0.0,1,0.0
3360,1306,0.035121878965347776,1.0,1.0,1.0,1,6.219892613057657e-05,0.0,1,0.0
3361,2424,0.03512159879199307,1.0,1.0,1.0,1,6.21840752565971e-05,0.0,1,0.0
3362,3307,0.03511967598969135,1.0,1.0,1.0,1,6.208215516251796e-05,0.0,1,0.0
3363,2415,0.0351180789282473,1.0,1.0,1.0,1,6.199750129431581e-05,0.0,1,0.0
3364,1950,0.03511792965606953,1.0,1.0,1.0,1,6.198958897052249e-05,0.0,1,0.0
3365,2800,0.0351175369521128,1.0,1.0,1.0,1,6.196877329738807e-05,0.0,1,0.0
3366,3296,0.03511606578784655,1.0,1.0,1.0,1,6.189079273730171e-05,0.0,1,0.0
3367,3140,0.03511506776235811,1.0,1.0,1.0,1,6.183789137995249e-05,0.0,1,0.0
3368,276,0.03511378424207302,1.0,1.0,1.0,1,6.176985708017484e-05,0.0,1,0.0
3369,910,0.03511378424207302,1.0,1.0,1.0,1,6.176985708017484e-05,0.0,1,0.0
3370,1028,0.03511378424207302,1.0,1.0,1.0,1,6.176985708017484e-05,0.0,1,0.0
3371,3358,0.03511226978748181,1.0,1.0,1.0,1,6.168958187232966e-05,0.0,1,0.0
3372,3121,0.03511225520193249,1.0,1.0,1.0,1,6.168880875043478e-05,0.0,1,0.0
3373,3735,0.03511225520193249,1.0,1.0,1.0,1,6.168880875043478e-05,0.0,1,0.0
3374,2128,0.03511151530980695,1.0,1.0,1.0,1,6.164959001485485e-05,0.0,1,0.0
3375,3046,0.035111158432007114,1.0,1.0,1.0,1,6.163067334364991e-05,0.0,1,0.0
3376,1597,0.03511105696393026,1.0,1.0,1.0,1,6.162529492490631e-05,0.0,1,0.0
3377,3769,0.03510934546992094,1.0,1.0,1.0,1,6.15345754420507e-05,0.0,1,0.0
3378,2073,0.03510512113075397,1.0,1.0,1.0,1,6.131066004266963e-05,0.0,1,0.0
3379,1358,0.03510486255253255,1.0,1.0,1.0,1,6.129695384072115e-05,0.0,1,0.0
3380,1539,0.035103050302445774,1.0,1.0,1.0,1,6.120089367937497e-05,0.0,1,0.0
3381,2970,0.03510277992298626,1.0,1.0,1.0,1,6.118656194078377e-05,0.0,1,0.0
3382,3511,0.035102107007258805,1.0,1.0,1.0,1,6.115089335738952e-05,0.0,1,0.0
3383,452,0.035101828763801315,1.0,1.0,1.0,1,6.113614477957732e-05,0.0,1,0.0
3384,1281,0.03509636644619279,1.0,1.0,1.0,1,6.084660907221196e-05,0.0,1,0.0
3385,2639,0.035095563179222924,1.0,1.0,1.0,1,6.0804031088470925e-05,0.0,1,0.0
3386,2288,0.0350952499598825,1.0,1.0,1.0,1,6.0787428578366575e-05,0.0,1,0.0
3387,3255,0.03509510801377764,1.0,1.0,1.0,1,6.077990458052802e-05,0.0,1,0.0
3388,959,0.0350948396393009,1.0,1.0,1.0,1,6.076567911809069e-05,0.0,1,0.0
3389,3756,0.03509441510449198,1.0,1.0,1.0,1,6.074317621822103e-05,0.0,1,0.0
3390,1311,0.035091837916389326,1.0,1.0,1.0,1,6.060656973837214e-05,0.0,1,0.0
3391,1333,0.03509165556186014,1.0,1.0,1.0,1,6.059690385085285e-05,0.0,1,0.0
3392,1493,0.03509146077107249,1.0,1.0,1.0,1,6.0586578766789207e-05,0.0,1,0.0
3393,2754,0.03509108708921545,1.0,1.0,1.0,1,6.056677137941956e-05,0.0,1,0.0
3394,3648,0.03508964972335021,1.0,1.0,1.0,1,6.049058233799771e-05,0.0,1,0.0
3395,2666,0.0350886283026698,1.0,1.0,1.0,1,6.0436440894673935e-05,0.0,1,0.0
3396,1605,0.0350884902664745,1.0,1.0,1.0,1,6.042912414557339e-05,0.0,1,0.0
3397,3496,0.03508794096942991,1.0,1.0,1.0,1,6.040000809635058e-05,0.0,1,0.0
3398,480,0.03508721663641116,1.0,1.0,1.0,1,6.03616140870704e-05,0.0,1,0.0
3399,2062,0.035086911190711535,1.0,1.0,1.0,1,6.03454236267128e-05,0.0,1,0.0
3400,2566,0.035086911190711535,1.0,1.0,1.0,1,6.03454236267128e-05,0.0,1,0.0
3401,3083,0.0350860768816743,1.0,1.0,1.0,1,6.030120022657923e-05,0.0,1,0.0
3402,3101,0.0350860768816743,1.0,1.0,1.0,1,6.030120022657923e-05,0.0,1,0.0
3403,3605,0.0350860768816743,1.0,1.0,1.0,1,6.030120022657923e-05,0.0,1,0.0
3404,526,0.035084498649260595,1.0,1.0,1.0,1,6.0217544410305597e-05,0.0,1,0.0
3405,2924,0.0350836158425246,1.0,1.0,1.0,1,6.0170750340261646e-05,0.0,1,0.0
3406,3655,0.035080923184448706,1.0,1.0,1.0,1,6.002802325689359e-05,0.0,1,0.0
3407,1209,0.03507993601326276,1.0,1.0,1.0,1,5.997569724290117e-05,0.0,1,0.0
3408,3178,0.03507993601326276,1.0,1.0,1.0,1,5.997569724290117e-05,0.0,1,0.0
3409,2738,0.03507831670498438,1.0,1.0,1.0,1,5.9889864158590764e-05,0.0,1,0.0
3410,2842,0.03507831670498438,1.0,1.0,1.0,1,5.9889864158590764e-05,0.0,1,0.0
3411,1909,0.03507629163686816,1.0,1.0,1.0,1,5.9782523360871816e-05,0.0,1,0.0
3412,2618,0.03507629163686816,1.0,1.0,1.0,1,5.9782523360871816e-05,0.0,1,0.0
3413,3008,0.03507371583649079,1.0,1.0,1.0,1,5.964599043881502e-05,0.0,1,0.0
3414,3642,0.035073371762347115,1.0,1.0,1.0,1,5.962775243844322e-05,0.0,1,0.0
3415,3055,0.03507156467834858,1.0,1.0,1.0,1,5.953196611086537e-05,0.0,1,0.0
3416,3412,0.0350703225311418,1.0,1.0,1.0,1,5.94661248332349e-05,0.0,1,0.0
3417,1213,0.0350685888537725,1.0,1.0,1.0,1,5.9374229498793285e-05,0.0,1,0.0
3418,3852,0.0350685888537725,1.0,1.0,1.0,1,5.9374229498793285e-05,0.0,1,0.0
3419,2552,0.03506845626095461,1.0,1.0,1.0,1,5.936720128145547e-05,0.0,1,0.0
3420,2134,0.03506807910144711,1.0,1.0,1.0,1,5.9347209557682106e-05,0.0,1,0.0
3421,3720,0.035067835539085664,1.0,1.0,1.0,1,5.933429928668296e-05,0.0,1,0.0
3422,3272,0.035066299062316626,1.0,1.0,1.0,1,5.925285677087617e-05,0.0,1,0.0
3423,3346,0.035066299062316626,1.0,1.0,1.0,1,5.925285677087617e-05,0.0,1,0.0
3424,3347,0.035066299062316626,1.0,1.0,1.0,1,5.925285677087617e-05,0.0,1,0.0
3425,3375,0.035066299062316626,1.0,1.0,1.0,1,5.925285677087617e-05,0.0,1,0.0
3426,3495,0.03506557237752527,1.0,1.0,1.0,1,5.921433810349424e-05,0.0,1,0.0
3427,2774,0.03506428055300642,1.0,1.0,1.0,1,5.914586362934934e-05,0.0,1,0.0
3428,2231,0.03506339347428996,1.0,1.0,1.0,1,5.909884311863057e-05,0.0,1,0.0
3429,3733,0.035060452108896294,1.0,1.0,1.0,1,5.894293305061384e-05,0.0,1,0.0
3430,291,0.03505944839240623,1.0,1.0,1.0,1,5.8889730035928124e-05,0.0,1,0.0
3431,3422,0.03505944839240623,1.0,1.0,1.0,1,5.8889730035928124e-05,0.0,1,0.0
3432,3563,0.03505907547112812,1.0,1.0,1.0,1,5.8869962963818814e-05,0.0,1,0.0
3433,3285,0.035058704646507455,1.0,1.0,1.0,1,5.88503070271731e-05,0.0,1,0.0
3434,3719,0.035058493842321875,1.0,1.0,1.0,1,5.8839133136645206e-05,0.0,1,0.0
3435,3444,0.03505794800605772,1.0,1.0,1.0,1,5.881020052961371e-05,0.0,1,0.0
3436,3509,0.03505692032905903,1.0,1.0,1.0,1,5.875572746376791e-05,0.0,1,0.0
3437,3472,0.0350530327727701,1.0,1.0,1.0,1,5.854966358379869e-05,0.0,1,0.0
3438,2250,0.035052822869720834,1.0,1.0,1.0,1,5.85385374589186e-05,0.0,1,0.0
3439,1271,0.03504960521397964,1.0,1.0,1.0,1,5.836798233967152e-05,0.0,1,0.0
3440,158,0.03504943943786258,1.0,1.0,1.0,1,5.835919520776995e-05,0.0,1,0.0
3441,1929,0.03504761273040117,1.0,1.0,1.0,1,5.8262368718558695e-05,0.0,1,0.0
3442,3129,0.03504761273040117,1.0,1.0,1.0,1,5.8262368718558695e-05,0.0,1,0.0
3443,3329,0.03504761273040117,1.0,1.0,1.0,1,5.8262368718558695e-05,0.0,1,0.0
3444,3035,0.03504748734519078,1.0,1.0,1.0,1,5.8255722547796636e-05,0.0,1,0.0
3445,3052,0.03504678212671828,1.0,1.0,1.0,1,5.821834172450558e-05,0.0,1,0.0
3446,2971,0.035045863148885435,1.0,1.0,1.0,1,5.816963036863912e-05,0.0,1,0.0
3447,3797,0.035045660987283025,1.0,1.0,1.0,1,5.815891458703304e-05,0.0,1,0.0
3448,3799,0.035045660987283025,1.0,1.0,1.0,1,5.815891458703304e-05,0.0,1,0.0
3449,1256,0.0350437162377409,1.0,1.0,1.0,1,5.8055831157125844e-05,0.0,1,0.0
3450,3814,0.0350427668738276,1.0,1.0,1.0,1,5.800550915612116e-05,0.0,1,0.0
3451,2746,0.03504081756788413,1.0,1.0,1.0,1,5.7902184209521046e-05,0.0,1,0.0
3452,2166,0.03503815085610841,1.0,1.0,1.0,1,5.776083243621566e-05,0.0,1,0.0
3453,3616,0.03503815085610841,1.0,1.0,1.0,1,5.776083243621566e-05,0.0,1,0.0
3454,3019,0.035035779649165266,1.0,1.0,1.0,1,5.7635144197486545e-05,0.0,1,0.0
3455,3624,0.03503516582793919,1.0,1.0,1.0,1,5.760260797831646e-05,0.0,1,0.0
3456,2758,0.03502480569200313,1.0,1.0,1.0,1,5.7053458422829425e-05,0.0,1,0.0
3457,2759,0.03502480569200313,1.0,1.0,1.0,1,5.7053458422829425e-05,0.0,1,0.0
3458,3352,0.03502346709494098,1.0,1.0,1.0,1,5.698250472239657e-05,0.0,1,0.0
3459,3193,0.035022464283448164,1.0,1.0,1.0,1,5.692934967801133e-05,0.0,1,0.0
3460,888,0.0008176916716886486,0,0,0,0,4.334257975034675e-05,0.0,0,0.0
3461,1501,0.0008176916716886486,0,0,0,0,4.334257975034675e-05,0.0,0,0.0
3462,2091,0.0008176916716886486,0,0,0,0,4.334257975034675e-05,0.0,0,0.0
3463,2100,0.0008176916716886486,0,0,0,0,4.334257975034675e-05,0.0,0,0.0
3464,2269,0.0008176916716886486,0,0,0,0,4.334257975034675e-05,0.0,0,0.0
3465,2454,0.0008176916716886486,0,0,0,0,4.334257975034675e-05,0.0,0,0.0
3466,2463,0.0008176916716886486,0,0,0,0,4.334257975034675e-05,0.0,0,0.0
3467,2526,0.0008176916716886486,0,0,0,0,4.334257975034675e-05,0.0,0,0.0
3468,2735,0.0008176916716886486,0,0,0,0,4.334257975034675e-05,0.0,0,0.0
3469,3044,0.0008176916716886486,0,0,0,0,4.334257975034675e-05,0.0,0,0.0
3470,3331,0.0008176916716886486,0,0,0,0,4.334257975034675e-05,0.0,0,0.0
3471,3378,0.0008176916716886486,0,0,0,0,4.334257975034675e-05,0.0,0,0.0
